:020000040800F2
:1000000000400220195D0108A95D0108DD420108D8
:1000100000000000000000000000000000000000E0
:100020000000000000000000000000009F9D01088B
:100030000000000000000000B19E0108C942010854
:10004000A95D0108A95D0108A95D0108A95D010874
:10005000A95D0108A95D0108A95D0108A95D010864
:10006000A95D0108BD460108DD46010831470108C8
:10007000A95D0108A95D0108A95D01089143010876
:10008000A95D0108A95D0108A95D0108A95D010834
:10009000A95D0108A95D0108A95D0108A95D010824
:1000A000A95D0108A95D0108A95D0108A94301082E
:0C00B0005544010801450108A95D010844
:1000C00010B5064C2378002B07D1054B002B02D02E
:1000D000044800E000BF0123237010BDA0090020E8
:1000E00000000000F8A00208044B10B5002B03D05C
:1000F0000349044800E000BF10BDC04600000000F6
:10010000A4090020F8A0020802780B78002A03D086
:10011000013001319A42F7D0D01A70470023C25CF7
:100120000133002AFBD1581E7047000002B471460B
:1001300049084900095C49008E4402BC7047C0462A
:1001400003B47146490840004900095A49008E44E9
:1001500003BC7047002243088B4274D303098B42CF
:100160005FD3030A8B4244D3030B8B4228D3030C87
:100170008B420DD3FF22090212BA030C8B4202D329
:100180001212090265D0030B8B4219D300E0090A51
:10019000C30B8B4201D3CB03C01A5241830B8B425A
:1001A00001D38B03C01A5241430B8B4201D34B0343
:1001B000C01A5241030B8B4201D30B03C01A5241A8
:1001C000C30A8B4201D3CB02C01A5241830A8B422D
:1001D00001D38B02C01A5241430A8B4201D34B0216
:1001E000C01A5241030A8B4201D30B02C01A52417A
:1001F000CDD2C3098B4201D3CB01C01A524183092E
:100200008B4201D38B01C01A524143098B4201D367
:100210004B01C01A524103098B4201D30B01C01A92
:100220005241C3088B4201D3CB00C01A524183080C
:100230008B4201D38B00C01A524143088B4201D339
:100240004B00C01A5241411A00D201465241104699
:100250007047FFE701B5002000F0F0F802BDC0468E
:100260000029F7D076E7704703460B437FD400227E
:1002700043088B4274D303098B425FD3030A8B423A
:1002800044D3030B8B4228D3030C8B420DD3FF22A4
:10029000090212BA030C8B4202D31212090265D072
:1002A000030B8B4219D300E0090AC30B8B4201D325
:1002B000CB03C01A5241830B8B4201D38B03C01A6C
:1002C0005241430B8B4201D34B03C01A5241030BE3
:1002D0008B4201D30B03C01A5241C30A8B4201D394
:1002E000CB02C01A5241830A8B4201D38B02C01A3F
:1002F0005241430A8B4201D34B02C01A5241030AB6
:100300008B4201D30B02C01A5241CDD2C3098B429A
:1003100001D3CB01C01A524183098B4201D38B0117
:10032000C01A524143098B4201D34B01C01A5241BA
:1003300003098B4201D30B01C01A5241C3088B42FF
:1003400001D3CB00C01A524183088B4201D38B00EA
:10035000C01A524143088B4201D34B00C01A52418C
:10036000411A00D201465241104670475DE0CA0F63
:1003700000D04942031000D34042534000229C4623
:1003800003098B422DD3030A8B4212D3FC2289012D
:1003900012BA030A8B420CD3890192118B4208D303
:1003A000890192118B4204D389013AD0921100E065
:1003B0008909C3098B4201D3CB01C01A5241830979
:1003C0008B4201D38B01C01A524143098B4201D3A6
:1003D0004B01C01A524103098B4201D30B01C01AD1
:1003E0005241C3088B4201D3CB00C01A524183084B
:1003F0008B4201D38B00C01A5241D9D243088B42A1
:1004000001D34B00C01A5241411A00D20146634643
:1004100052415B10104601D34042002B00D54942A7
:10042000704763465B1000D3404201B5002000F0E6
:1004300005F802BD0029F8D016E770477047C0469E
:100440008446100062468C461900634600E0C046B0
:100450001FB502F043F8002801D40021C8421FBD97
:1004600010B501F083FF4042013010BD10B502F01D
:1004700035F8002801DB002010BD012010BDC0466A
:1004800010B502F02BF8002801DD002010BD01207E
:1004900010BDC04610B501F0ADFF002801DC002002
:1004A00010BD012010BDC04610B501F0A3FF00280B
:1004B00001DA002010BD012010BDC04684460800AE
:1004C0006146FFE71FB500F0F5FC002801D40021CC
:1004D000C8421FBD10B500F075FC4042013010BD90
:1004E00010B500F0E7FC002801DB002010BD012062
:1004F00010BDC04610B500F0DDFC002801DD002075
:1005000010BD012010BDC04610B500F083FC0028CE
:1005100001DC002010BD012010BDC04610B500F068
:1005200079FC002801DA002010BD012010BDC04672
:10053000002B11D1002A0FD1002900D1002802D0B0
:100540000021C943080007B4024802A140180290E4
:1005500003BDC046E9FEFFFF03B4684601B502983B
:1005600000F0BAF8019B9E4602B00CBC7047C04632
:10057000F0B5CE469946030C9C46130447461B0C27
:100580001D000E0061460404240C80B50700100C09
:100590004B436543414360432C0CC01824188C46E0
:1005A000A34203D980235B029846C4444946794359
:1005B0005643230C2D042D0C89196344240460191F
:1005C000C918C0BCB946B046F0BDC0469E2110B5A2
:1005D000C905041CFFF7A2FF002803D1201C00F06E
:1005E00099FF10BD9E21201CC90500F0EFFD00F011
:1005F00091FF80231B069C466044F2E770B5002201
:100600000C4B04000D00FFF74FFF002804D1200021
:10061000290002F05BFE70BD064B0022200029007D
:1006200002F096FA02F052FE80231B069C466044BC
:10063000F1E7C0460000E04170B50022002304004D
:100640000D00FFF713FF002808D12000290000F05B
:100650000FF802000B001000190070BD80231B066C
:10066000E918200000F004F8002342428B41F2E731
:1006700070B500220B4B0D00040001F0A1FFFFF745
:10068000BDFF060002F08CFE0022074B01F098FF30
:1006900002000B002000290002F05AFAFFF7AEFF1B
:1006A000310070BD0000F03D0000F04170B5060063
:1006B000080002F047FE0022064B01F081FF0D000A
:1006C0000400300002F06CFE2B00220000F0D0FF8E
:1006D00070BDC0460000F041F0B557464E46454655
:1006E000DE46E0B504000D009246994683B08B4289
:1006F00030D82DD04946504602F060FF2900060050
:10070000200002F05BFF331A9846203B34D49B460E
:1007100053465A46934042461F00534693401E009C
:10072000AF423BD8AF4200D179E05B46A41BBD414C
:10073000002B00DA76E000220023009201930123CF
:100740005A4693400193012342469340009329E087
:100750008242CFD900220023009201930C9B002BF0
:1007600001D01C605D600098019903B0F0BCBB46ED
:10077000B246A946A046F0BD42469B4620239B1A9E
:100780005246DA40414613004A468A401700424624
:100790001F43534693401E00AF42C3D9002200239B
:1007A000009201934346002BD8D0FB0772081A43EE
:1007B00046467B080EE0AB4201D1A2420CD8A41AF7
:1007C0009D41012024196D410021013E24184D4115
:1007D000002E06D0AB42EED9013E24196D41002E09
:1007E000F8D1009801995B4600196941002B24DB80
:1007F0002B005A464446D3402A00E2401C005B4688
:100800001500002B2ADB26009E40330026004746B9
:10081000BE403200801A9941009001919EE7A342A8
:10082000BCD882E74246202300219B1A0022009177
:1008300001920122DA40019285E7424620239B1A69
:100840002A0046469A402300F340444613432A00B8
:10085000E2401C005B461500002BD4DA42462F0014
:100860002023260097409B1ADE403B003343CDE710
:10087000F8B5CE46474643025A0A4E024500C40F19
:10088000480091462D0E720A000E944680B59B09D1
:10089000C90FB6092A1A8C4221D0002A0DDD002882
:1008A0002DD1002E00D18DE0511E012A00D11DE175
:1008B000FF2A00D1ABE00A0027E0002A4DD0421BFE
:1008C000002D00D0CCE0002B00D179E0541E012A8D
:1008D00000D128E1FF2A00D197E02200C5E0002ADC
:1008E00000DC96E000284FD0FF2D00D18FE0802162
:1008F000C9040E431B2A51DD2A00013318E0FF2DE5
:1009000000D184E08021C9040E4301211B2A08DCA8
:1009100031002020D140821A96403200501E824180
:1009200011435B1A5A0159D407212A00194049D0B2
:100930000F211940042900D00433590142D5501C1D
:10094000FE2A3AD09B01C0B25B0AC0051843E407F7
:100950002043C0BCB946B046F8BDFE2080466F1C9F
:1009600038004746074200D08EE0002D00D0B4E0AA
:10097000002B00D1DBE0002E6CD0981B450100D489
:10098000F7E00C00F31A3DE0002E1BD0511E012AA7
:1009900000D182E0FF2A3AD00A00ABE731002020E4
:1009A000D140821A96403200501E82410A439B1861
:1009B0005A01B9D56A1CFE2D75D1FF200023C4E76A
:1009C0000C003300DB08FF2A46D1002BF5D0802233
:1009D000D20313435B02FF205B0AB6E79F01BF0906
:1009E000380002F0CDFD05388740854224DC3B000D
:1009F0002021421B0132D3408A1A97407A1E974128
:100A000000223B43590793D197E70C003300DB08E2
:100A1000DBE7002A14D0421B002D4BD1002BD0D095
:100A2000511E012A00D19EE0FF2AEFD00A001B2AA6
:100A30005FDD0200731C7BE7504B2A1A3B40E1E765
:100A4000FE216A1C11423BD1002D5DD1002B7FD0CD
:100A5000002E7FD10022DB085B025B0AD0B274E774
:100A6000FF28D2D08024E404234301241B2A07DC7E
:100A70001C002025D440AA1A93405A1E93411C43BF
:100A8000331B05000C004DE79F1B7A0122D4002F79
:100A9000A6D100240020002357E79B19012501322D
:100AA000590100D440E70121354819405B08034053
:100AB0000B43A7E7FF28A9D08021C9040B43B6E761
:100AC000FF2A00D179E79B195B08590700D02FE76F
:100AD000DB08C1E70C00F71A82E7002B2CD1002EAF
:100AE00093D180230024FF20DB032EE701259B1BED
:100AF00018E719002025D140AA1A93405A1E9341A5
:100B00000B4305009B1953E7002B00D17EE7002E15
:100B100000D17CE78022D203914502D3944500D2D4
:100B20003300DB0853E70C00F31A0135FAE6002E18
:100B3000AFD00C0033008DE7002E00D167E7802294
:100B4000D2039145EDD39445EBD20C003300E8E796
:100B500033007FE79B1900225901B9D5074A13409A
:100B6000DB08012278E79B190132013559019AD43B
:100B7000DAE6031E8DD0DB086EE7C046FFFFFFFB01
:100B8000FFFFFF7DF0B54F464646D6464402C0B54E
:100B900047000E1C640A3F0EC50F002F3CD0FF2FEC
:100BA00042D00023802299469A46E400D20414439E
:100BB0007F3F73025B0A984673001B0EF60F002BF3
:100BC0001BD0FF2B13D042468021D200C904114311
:100BD000884600207F3B2900FF1A4B467140C9B26E
:100BE0000F2B00D9B5E0744A9B00D3589F4643466B
:100BF000002B3FD1FF3F023303E04346002B2DD1B2
:100C0000012329004A467140C9B21A430E2A38D836
:100C10006A48920082589746002C13D104239946C3
:100C2000033B00279A46C4E7002C05D108239946C8
:100C3000063BFF279A46BCE70C239946093BFF2752
:100C40009A46B6E7200002F09BFC7627431F9C40A3
:100C500000237F4299469A463F1AAAE7404602F08F
:100C60008FFC4246431F9A4076235B421B1A9046F4
:100C70000020B0E703234A461A4391460320FC3381
:100C8000A9E70D00FF200022C005ED07104328430F
:100C9000E0BCBA46B146A846F0BD0D0000200022D7
:100CA000F2E75346022BEDD0032B33D0A046012BA5
:100CB00005D100200022E7E7350003287AD03B0069
:100CC0007F33002B2DDD4246520707D00F224146CD
:100CD0000A40042A02D004229446E044424612010B
:100CE00005D54246364B1A403B0090468033FE2BDA
:100CF000C8DC42469201520AD8B2C5E780220025DC
:100D0000FF20D203C0E78022D203144202D0434620
:100D1000134249D08022D20322435202FF20520ABA
:100D2000B2E70122D31A1B2BC3DC4246DA4043460A
:100D30009E37BB40591E8B411A43530704D00F23E3
:100D40001340042B00D00432530129D50120002286
:100D50009AE7424663015501AB4215D21B2000229F
:100D6000013F01261C0052005B00002C01DB9D426C
:100D700001D85B1B324301380028F3D1581E834150
:100D8000134398460D009AE71A2001225B1BE8E7FF
:100D9000023B5A4253415B4235000022D8B273E70E
:100DA00092010020520A6FE71A4352023500FF20D9
:100DB000520A69E74446ADE714D1020854D102084B
:100DC000FFFFFFF770B542004E024C0045026D0A6E
:100DD000120EC30F760A240EC90FFF2A10D0FF2C63
:100DE0000CD00120A2420AD1B54208D18B420FD0CB
:100DF000002A04D12800431E984100E0012070BD64
:100E00000120FF2CFBD13543F9D14B401800F6E708
:100E10000020F4E730B5420044024D02C30F480001
:100E2000640A120E6D0A000EC90FFF2A19D0FF289E
:100E30000BD0002A1ED100280BD1002D27D0002C6A
:100E400034D100292FD0080030BD002D28D1002A30
:100E500001D1002CF5D08B4207D1002B23D01800F4
:100E6000F2E7002C1CD1FF2814D0581E0223184092
:100E70000138E9E70028F8D08B42F6D18242F4DC51
:100E8000EBDBAC42F1D80020AC42DDD2E5E7002C30
:100E9000DAD0EAE7002D03D18B42E6D10020D3E778
:100EA00002204042D0E701204042CDE78B42E8D00B
:100EB000DBE7C04630B5420044024D02C30F480094
:100EC000640A120E6D0A000EC90FFF2A1AD0FF28FD
:100ED0000ED0002A1ED100280ED1002D2AD0002CC1
:100EE0000CD08B421DD0581E02231840013810E050
:100EF000002D0DD1002A20D1002C1ED1002923D095
:100F0000080006E0002C03D1FF28ECD1002D17D0FB
:100F1000022030BD0028E6D08B42E4D18242E2DCE0
:100F200004DBAC42DFD80020AC42F2D2002B0BD065
:100F30001800EEE7002CECD0D5E78B42D3D1F5E7D3
:100F400000208B42E5D0CEE701204042E1E7C046D9
:100F5000F0B54F464646D64643025B0A4500C0B54B
:100F600099460F1C2D0EC60F002D00D188E0FF2DD5
:100F700000D18DE08022DB00D2041A430023914689
:100F800098469A467F3D7C027B00640A1B0EFF0F49
:100F9000002B68D0FF2B21D08022E400D204144320
:100FA00042467F3B5B1900215D1C0A2A2EDC7E40F5
:100FB0004246022A23DC013A012A00D9BDE0022977
:100FC0006ED001292CD100200022C005F607104365
:100FD0003043E0BCBA46B146A846F0BD2B00FF3313
:100FE000002C65D00322414611433200013588466A
:100FF0007A40FF350A2900DDD8E01600032140467B
:1010000001228240A620C000024220D05346022B7B
:1010100046D0032B00D1BBE051464C460129D2D02B
:101020002B007F33002B70DD620704D00F2222409B
:10103000042A00D00434220103D5634B1C402B004A
:101040008033FE2B2CDCA201520AD8B2BDE79020DF
:101050008000024227D1B938FF3810426DD03E00DF
:10106000A1468A46D2E7002C41D1012342461A43C9
:1010700090462B00424601215D1C0A2A97DDC5E7F8
:10108000002B26D104239846033B00259A467AE795
:10109000002B18D108239846063BFF259A4672E795
:1010A000FF20002291E780220026FF20D2038CE758
:1010B00041460222013511438846FF350A29A5DC45
:1010C00002217E4074E70C239846093BFF259A468F
:1010D00059E7180002F054FA4A46431F76259A4011
:1010E00000236D42914698469A462D1A4BE7200000
:1010F00002F046FA4246431F9C402B1A763B0021E1
:101100005D1C0A2A00DC52E780E70122D31A1B2B60
:1011100000DD58E79E352200AC40DA40631E9C415A
:101120002243530704D00F231340042B00D0043272
:10113000530137D50120002247E7210C4A462404F9
:10114000240C2700100C1204120C4443574348434C
:1011500051433A0C09195218944203D9802149028B
:101160008C4660443F0411043F0CC9198C01671E72
:10117000BC41120C890E12180C4392011443120147
:101180000ED5012362081C40144349E73E00A146E6
:1011900080224B46D2031A435202FF20520A14E720
:1011A0001D003DE792010020520A0EE70F29EDD104
:1011B00080224B46D2031342EAD01442E8D13E00CB
:1011C000FF20224301E7C046FFFFFFF7F8B547467F
:1011D000CE464E0243024500720AC40F480080B555
:1011E00094465F0A2D0E9B09000EC90FB609FF2811
:1011F00024D0012251402A1A8C420FD0002A00DC50
:101200006AE1002835D1002E00D1A2E0511E012A4A
:1012100000D124E1FF2A21D00A002FE0002A00DCBF
:1012200067E100285ED0FF2D18D08021C9040E434D
:101230001B2A00DC76E02A00013332E02A00FF3A64
:101240009146002E42D08C4255D04A46002A00D109
:101250009CE0002D00D177E00C003300DB08002B70
:1012600000D16EE08022D20313435B02FF205B0AB1
:1012700024E0FF2DF2D08021C9040E4301211B2A56
:1012800008DC31002020D140821A96403200501EE6
:10129000824111435B1A5A0160D407212A00194088
:1012A00057D00F211940042900D00433590150D5DB
:1012B000501CFE2A45D09B01C0B25B0AC0051843F2
:1012C000E4072043C0BCB946B046F8BD01225140F6
:1012D0008C42BAD14A46002A10D0002D00D198E0A5
:1012E0000023BBE7002E34D0511E012A6ED0FF2A06
:1012F000B4D00A009CE7002A00D088E0FE206A1CD7
:10130000104200D092E0002D00D0A4E0002B00D1CC
:10131000CBE0002E00D0CAE00022DB085B025B0AB3
:10132000D0B2CBE731002020D140821A9640320063
:10133000501E82410A439B185A01AED56A1CFE2DED
:101340004AD1FF200023B9E7FF22002B4BD10C002C
:101350003300DB08FF2A00D181E7DFE79F01BF09E7
:10136000380002F00DF905388740854221DC3B004A
:101370002021421B0132D3408A1A97407A1E97419E
:1013800000223B43590700D08BE78FE7FE206A1C01
:10139000104212D1002D52D1002B7CD0002EBBD098
:1013A0009A1B500100D48BE001240022F31A0C4058
:1013B000E8E7564B2A1A3B40E4E79F1B7A0146D4E4
:1013C000002FCDD100240020002377E79B190125B1
:1013D0000132590100D460E701214D4819405B08F2
:1013E00003400B43CEE7571E012A5AD00C00FF2AB8
:1013F00033D001221B2F07DC2021C91B1A008B4090
:10140000FA40591E8B411A430500B31A43E7002DD9
:1014100023D1FF22002B9BD0511E012AD6D0FF2AB8
:101420001BD01B292CDD0200731C3AE7FF2A88D051
:101430009B195B08590700D033E7DB086EE7002BE8
:1014400010D1002E43D0012433000C4006E70124C4
:10145000F71A0C4084E7002B04D13300FEE6012587
:101460009B1B18E7002E00D1F8E68022D20397429A
:1014700004D3944502D2012433000C40DB08F1E68A
:101480001A002025CA40691A8B40591E8B4113430C
:1014900005009B1950E7002E94D0012433000C4026
:1014A0003AE70C000125F31AF5E6330034E79B19FF
:1014B00000225901C1D5154A1340DB0801222DE74E
:1014C000002A00D17EE713000022DB0826E78023F4
:1014D0000024FF20DB03F1E6002A00D156E7471B7A
:1014E0003A00002D00D130E78022D2040C001343D3
:1014F0007FE7002A00D101E7411B002D01D10A003E
:1015000088E78022D20413438BE7C046FFFFFFFB2E
:10151000FFFFFF7D41024200C30F490A0020120E67
:101520007E2A03DD9D2A02DD094A98187047802033
:1015300000040143952A07DC9620821AD1404842D4
:10154000002BF3D10800F1E7963A9140F7E7C04647
:10155000FFFFFF7F70B5002813D0C317C5185D408B
:10156000C40F280002F00CF89E2301001B1A962BD2
:101570000FDC082834D008398D406D026D0AD8B2CE
:1015800002E0002400200025C0052843E407204392
:1015900070BD992B16DC421F052800D095402A000B
:1015A000114802406E0709D00F263540042D05D0A2
:1015B0000432550102D59F2302405B1A9201550A5D
:1015C000D8B2E1E70522121A2800D0400200080034
:1015D0001B3085402800451EA84102431500DEE768
:1015E0006D0296206D0ACFE7FFFFFFFB70B5041E6A
:1015F0000ED001F0C5FF9E2301001B1A962B0CDCB8
:1016000008282FD008398C406402640AD8B201E05F
:1016100000200024C005204370BD992B16DC421F1A
:10162000052800D09440220010480240650709D0E8
:101630000F252C40042C05D00432540102D59F23E1
:1016400002405B1A9201540AD8B2E3E7020020007C
:101650001B3290400200501E82410520401AC440B7
:101660001443E0E764029620640AD3E7FFFFFFFB20
:10167000F0B557464E464546DE46E0B583B000908D
:1016800001910C034F00CE0F610A009C1D03640FF3
:101690000C43009900920193C80059004B0D9946E4
:1016A000009A019B6D0AD90F530F2B439A46009B5A
:1016B0007F0DDA0094464A46B046BA1A8E4200D1EF
:1016C000B0E0002A00DC78E04946002900D1E9E0DA
:1016D000C9498F4200D195E10125382A16DC8021C5
:1016E000534609040B439A461F2A00DDE7E12021F7
:1016F00055468B1A61469D40D1400D436146994045
:101700004B1E99415346D3400D43E41A451BA84252
:1017100080414042241A230200D40FE16402640A8B
:10172000002C00D139E1200001F02AFF0300083B22
:1017300020212800CA1AD0409C4002009D4022432C
:101740009F4200DD73E1D81B0130091A2C008D4047
:10175000C4406B1E9D411300C2408B4025430027AF
:1017600014001D436B0709D00F232B40042B05D019
:101770002B1DAB42AD416D4264191D00230200D404
:101780002DE19D4A0137974200D1D3E046469B495F
:10179000ED0821404A072A437C054D022D0B640DBC
:1017A00024052C43F60734431000210003B0F0BC9D
:1017B000BB46B246A946A046F0BD002A00D184E04F
:1017C0004A46D21B002F00D06DE12500054300D111
:1017D00027E1561E012A00D13BE2874DAA4200D1E3
:1017E0006AE20125382E12DC32001F2A00DDF8E102
:1017F00020262500B61A07005346B040D440B54015
:10180000D740461EB0411B1B9A463D4305436246E6
:10181000551BAC459241534652420E004F468846F6
:101820009C1A78E7002A00DC8EE04946002975D131
:1018300061465346194300D1F6E0511E012A00D1FA
:1018400091E16D4DAA4200D1DCE00125382914DC7C
:101850000A001F2A00DDA2E120215346891A8B408D
:101860001D006346D3401D4363468B4019004B1E49
:1018700099415346D3400D43E4182D1885428041C9
:1018800040422418230259D55B4B01379F4251D067
:1018900001215A4B6A081C4029400A43E5071543B9
:1018A00064085FE761465346194300D1BCE0511E0E
:1018B000012A00D164E1504DAA4200D16AE101251C
:1018C000382900DD22E70A000EE74D4A7D1C15424B
:1018D00000D0D0E025006246534605431A43002F4E
:1018E00000D037E1002D00D1A8E1002A00D16AE143
:1018F0006346C51A5346E21AA8429B415B42D31A7B
:101900001A0200D403E263461D1AAC4592415346C5
:1019100052421C1B0E008846A41A23E736498F4208
:1019200070D00125382AA8DC8021534609040B43D6
:101930009A468EE73C000025002231E707232B4022
:10194000002B00D010E793E0002A74D04A46D21B47
:10195000002F00D1C7E02849894500D185E1012544
:10196000382A12DC802109040C431F2A00DDABE178
:1019700020212500891A070088408D40D740411E4C
:101980008841D4403D430543A244654465459241A6
:101990005242524414004F4674E7280001F0F0FD13
:1019A000030018331F2B00DCC2E62A0008388240EF
:1019B0009F4200DDA9E0DB1B581C1F2800DCACE1C6
:1019C00015001F3BDD40202805D040231B1A9A40FC
:1019D000531E9A411543072300272B40B0E7ED081B
:1019E000054B62072A43E4089F420FD02403250BCE
:1019F0007C05640DD4E6C046FF070000FFFF7FFFB3
:101A0000FE070000C00862070243E40813002343F6
:101A100000D186E180252D0325432D03C34C2D0BDA
:101A2000BEE6604654460E001700C508D8E7C04C15
:101A3000FF1A144096E6BF4A791C11426BD122006E
:101A40000243002F00D0DBE0002A00D12DE16246E6
:101A500053461A4300D1B6E06346C518854280411B
:101A6000544440422418230202D50F00B04B1C40BE
:101A70003A002800D8E76246851AA84292415346A8
:101A800052429146E31A1A004B46D21A130091466D
:101A90001A0254D44A464C462A4300D040E6002657
:101AA000002400257CE6A14DA94500D190E0012548
:101AB000382A00DDABE680252D042C4395E6110085
:101AC00055462039CD40A946202A06D0402153460C
:101AD0008A1A934062461A43944665466B1E9D419E
:101AE0004B461D4312E62100014300D1C4E0511EC4
:101AF000012A00D1FBE08D4DAA4200D1B5E00125BD
:101B0000382900DD41E70A002FE7894CFF1A14400D
:101B10006207E4086AE7854A914200D1E3E0634640
:101B2000C218824280412300404253441B18DD0703
:101B30005C080723520815430F002B4000E763465B
:101B40001D1AAC459241534652421C1B0E0088465A
:101B5000A41AE5E5002D00D091E0002A38D18024B8
:101B60000026240356E76346C51885428041544445
:101B7000404224180127230200D4DFE6022787E62B
:101B80006346C51AA842804153464042E41A0127E1
:101B9000241AC0E56207C0080243E40836E71100D2
:101BA00053462039CB409946202A06D0402153463F
:101BB0008A1A934062461A43944665466B1E9D41BD
:101BC0004B461D4359E66207C0080243E4080DE78F
:101BD00053465A076346D80853460E000243DC08B2
:101BE00014E715002600203DEE40202A03D04025B2
:101BF000AA1A94402043421E90410500354306E650
:101C0000002A7CD062465346C0081A4300D1FAE647
:101C1000620710438022E4081203144208D0D90856
:101C2000114205D16346D80853460C005B071843A0
:101C3000420FC000C00852070243E7E6002A00D165
:101C40002DE76346D80853465A070E000243DC08C6
:101C5000CCE663461D1AAC459241534652421C1BCA
:101C60000E008846A41A013755E56346D908534645
:101C70005A070A43DC08C9E660465446D4E6C00861
:101C8000002A00D1BFE6620710438022E408120355
:101C90001442CDD0DD081542CAD16346D808534658
:101CA0005B070E002C001843C2E76346D908534671
:101CB0005A070A43DC0899E66346D80853465A0790
:101CC0000E000243DC08A1E6110027002039CF40B6
:101CD000202A03D040218A1A94402043421E90417A
:101CE00005003D4351E60C000025002258E5604404
:101CF00060459241544452420500A4183AE75346C5
:101D00005A076346D90853460A43DC087EE61A00A0
:101D10001C002A4300D0ABE6C1E620210025091AA9
:101D200019E500220025014C3AE5C046FF070000F6
:101D3000FFFF7FFFFE070000F0B5DE464546574631
:101D40004E46E0B587B0009201930B031B0B9B46F8
:101D5000CA0F4B00040080465B0D029200D16AE17D
:101D6000D44A934200D18CE15946420FC9000A433C
:101D7000802109041143C2009046CF4A8946924609
:101D80009A44002300240393009E019F3B031B0BF6
:101D90009B467B0030005B0DFD0F002B00D128E13E
:101DA000C44A934200D177E15946720FC9000A43F1
:101DB0008021090411438B46BF49F2008C465146ED
:101DC0006344CB1A9A460023029E6E400F2C27D8FC
:101DD000BA49A40009598F46CB464246029E039B4E
:101DE000022B16D0032B00D1A6E2012B00D0DFE09E
:101DF00000220023002490461B052343F6073343AB
:101E00004046190007B0F0BCBB46B246A946A04602
:101E1000F0BD002200249046A64BEDE72E00DFE740
:101E2000CB4500D2D4E100D1CFE101235B429C46F7
:101E3000444648460027E2445B46150E1B021D43FC
:101E4000190C2B04120200951D0C9146029103956A
:101E5000FEF706FA02006A430B04210C8046194380
:101E60008A4209D9009D0123AC465B4261449C46ED
:101E7000E0448D4200D8FBE1881A0299FEF7F0F9A0
:101E8000039A240442430904240C03000C43A24295
:101E900006D90099013B8C466444A14200D8E1E197
:101EA000A01A424612041A4393464B4659461B0C4D
:101EB0001D0004930B0449460904090C0C001B0C7B
:101EC0005C43120C6B43884651436A43250CAC4675
:101ED0005B186344994203D9802149028C466244CD
:101EE000190C24041B04240C8A181C19904202D3D8
:101EF00016D1A74214D25B46009D013B4F44059387
:101F00004F459B41AC465B426344C018854200D3B9
:101F1000A1E1824200D9F6E100D1F1E1059B9B46A7
:101F20003C1BA742BF41009D801A7F42C01B8542D7
:101F300000D1D0E10299FEF793F9039A0B044243D2
:101F4000210C070019438A4200D978E1881A0299C6
:101F5000FEF786F9039A240442430904240C030083
:101F60000C43A24200D95DE14146A41A3A041A4347
:101F7000049D13041B0C594347466B439C46100CAD
:101F800047430B0CBC44634468439F4203D98025FC
:101F90006D02AC4660441F0C09041B04090C3F1879
:101FA0005B18BC4200D202E100D1FDE001231A43DC
:101FB000434B5344002B00DCAEE0510700D098E1C6
:101FC0005946C90106D559463E4B194080238B46D8
:101FD000DB0053443C498B4200DD1AE75946D208E6
:101FE000490711435A465B0554028846240B5B0D92
:101FF00002E75A46009B1A4300D17EE05B46002B65
:1020000000D100E1584601F0BBFA020003000B3A90
:102010001D27009EBA1A19005846D6400839884034
:10202000320002439346009A8A40284953448A4624
:102030009A440023C8E65B460343994656D05B4664
:10204000002B00D1CDE0584601F09AFA0B235B42F9
:102050009C460200844466461D239B1B26001100FB
:102060005846DE4008398840330003439946230030
:102070008B409846164B00249B1A9A4600230393E4
:1020800082E65A46024391462AD100229A4602230A
:1020900090460824039377E65A46009B1A430D4B5B
:1020A0009C46E244002A17D102231C4300239B468E
:1020B000023389E6FF07000001FCFFFF90D1020810
:1020C000FF030000FFFFFFFEFE070000F303000018
:1020D0000DFCFFFF01F8FFFF032332001C4373E6F2
:1020E0009A460323D9460C2403934DE600239846D1
:1020F0009A4601330424039346E601231C4300233C
:102100009B46013360E60023802498460026924BCC
:10211000240371E6012252420121C91A382900DD47
:1021200066E61F2900DCABE01F204042C31A584678
:10213000D8400300202904D058468849514488409B
:102140000243511E8A411A430723190000241140FB
:1021500013420CD00F231340042B00D1F9E0111DC2
:1021600091429B410A005B4259075B021C0BD2085B
:102170000A43904600233FE680244B462403234233
:1021800009D05B46234206D11C4324032E0090460F
:10219000714B240B30E680244B4624031C4324035C
:1021A000029E6D4B240B27E6002B00D100E7009820
:1021B000511E84466444844200D284E0BC4200D272
:1021C000AEE000D1C1E00A00F0E6424500D92CE6BD
:1021D0004B46DC07580843465B081C434346DF0771
:1021E0002AE601F0CDF915239C468444020063469B
:1021F00020321C2B00DC2EE7230008388340994650
:102200000023984636E701F0BBF9020003001532BF
:1022100020331C2A00DCFBE60099083881400022AC
:102220008B4602E70099013B8C466444A14200D9E9
:102230009AE6A24200D897E6831E644494E6AC4630
:102240006144013F8D4200D980E68A4200D87DE694
:10225000871E61447AE6854200D05FE6B94500D921
:102260005CE656E6A24200D81AE6831E644417E6EE
:102270008A4200D800E6AC46831E98466144FBE5DE
:1022800037481400504482405B4617008340CC40DE
:102290007A1E974123433B431A005B46CB405107CC
:1022A00009D00F211140042905D0111D91429241FE
:1022B00052429B180A00190200D455E7002201235C
:1022C0000024904698E50A00BC4200D06EE64B45DB
:1022D00000D06BE66CE6234B234A5344924500DA68
:1022E00018E7012149420A1D8A42894149428B442B
:1022F00066E60F211140042900D161E61100F2E7E2
:10230000BC4200D80AE602235B429C4600994F4437
:102310004F459B41E3448C465B426344C018FFE554
:102320004946009D480048458941AC4649426144C0
:102330008146023A6418C7E780245B4624031C43A5
:1023400024039046044B240B56E59945E8D30A0034
:10235000BDE7002308E7C046FF0700003E04000079
:102360001E040000FF03000002FCFFFFF0B557460B
:10237000DE464E464546E0B50D000400E80F8346B4
:102380000903D80F090B824619488C461F036900C0
:102390005E00490D3F0B760D814218D086420FD06A
:1023A0000120B1420DD1BC450BD1944209D1D34596
:1023B0001CD0002905D160462043431E984100E00F
:1023C0000120F0BCBB46B246A946A046F0BD0120A4
:1023D0008E42F6D1614639430F0017432743F0D1AF
:1023E0005B465246981A431E9841EAE70020E8E708
:1023F000FF070000F0B557464E464546DE46E0B5BD
:102400000D000F03390B83B0040080460191580082
:10241000E90F314F400D8C466E00190382469146FC
:10242000760D090BD80FBE421FD0BA450FD0002E33
:102430002FD15546019E3443002D27D10A433AD06F
:10244000002C45D100281AD10120404217E0114349
:102450003BD1002E02D1019F2743F3D0844509D1FF
:102460006346002BF0D0604609E0019F27432CD142
:10247000B24524D063460220013B1840013803B026
:10248000F0BCBB46B246A946A046F0BD002CD9D050
:10249000E4E75446002CEDD08445EBD15645E9DC09
:1024A000DEDB019B8B42E5D8DAD1C845E2D80020BB
:1024B000C845E4D2D4E70020002CE0D0DAE711438D
:1024C00003D18445D6D10020D9E702204042D6E787
:1024D0008445E6D0CEE7C046FF070000F0B557467A
:1024E0004E464546DE46E0B50D000F03040080462B
:1024F000E80F390B844683B05800304F400D0191EE
:102500001E03690082469146490D360BD80FB94229
:1025100020D0BA450FD000292BD101990C43514648
:10252000002937D1324338D0002C44D1002819D1AA
:102530000120404216E0164313D1002902D1019F29
:102540002743F3D0844520D063460220013B184046
:10255000013807E0019F274303D18A45F4D1164390
:102560001FD0022003B0F0BCBB46B246A946A0462D
:10257000F0BD5446002CE7D08445E5D15145E3DC5D
:1025800003DB019BB342DFD80FD06346002BCFD0D3
:102590006046E7E7002CC9D0D4E70020002CE1D04A
:1025A000D2E78445D0D10020DCE7C845CCD8002054
:1025B000C845D7D2E9E78445E3D0C5E7FF07000067
:1025C000F0B55746DE464E464546E0B51F000B03C4
:1025D0001B0B16009A46CA0F4B000400934687B0A7
:1025E0005B0D00D1D5E0BB4A934200D1F8E05146E3
:1025F000420FC9000A43802109041143C2009146D9
:10260000B54A8A469D180023984602933C037B00F6
:10261000FA0F3000240B5B0D009200D196E0AD4A1A
:10262000934231D0720FE4002243802424041443E7
:10263000A94AF000944663445B195A1C0192424631
:1026400000260A2A42DC5A4600994A4093464246EE
:10265000022A32DC013A012A00D949E1022E00D1D6
:10266000CAE0012E3DD100230024002210005A466A
:102670001B052343D2071343190007B0F0BCBB4628
:10268000B246A946A046F0BD924B2643EB18002E59
:1026900000D1BBE00322414611435A4688460099C7
:1026A0004A40802109018C4629006144019141463C
:1026B0000A2900DD33E2934603264246012797406C
:1026C000A6213A00C9000A400F4231D0029E022ED4
:1026D00000D135E2032E00D1D2E154464846012E06
:1026E000C1D0019A7D4B94466344002B00DCC0E0CE
:1026F000420709D00F220240042A05D0021D82425F
:102700008041404224181000E20106D5744B019A22
:102710001C4080239446DB006344724A93426BDC86
:102720006207C00864025B050243240B5B0D9DE752
:10273000902189000F4263D188223A4200D1D7E02C
:10274000009BA2469B4681460296BFE72300334387
:1027500000D17FE0002C00D1ADE1200000F010FF9F
:10276000020003000B3A1D201900821A30000839BC
:10277000D0408C400443300088405B4AEB1A9446BA
:1027800063445A1C0192424600260A2A00DC5AE79A
:102790009CE753460343994654D05346002B00D13F
:1027A00077E1504600F0ECFE0B235B429C460200B2
:1027B000844411005046083988401D2380466046F5
:1027C0001B1A2000D8400300404603439A462300CA
:1027D0008B4099460023444D9846AD1A029315E765
:1027E00052460243914626D100221D000223924602
:1027F00008329046029309E700240022354B35E762
:10280000002380249B462403324B2FE702224146BB
:1028100011438022120194462A00624488460192A4
:102820000A2900DD52E75A460020009904004A4078
:10283000934602260BE70C221D0003238146904697
:102840000293E3E600239A4604339846033B0025AF
:102850000293DBE6424601331A432B0090465A1C92
:10286000019242460024002001260A2A00DCEAE602
:102870002CE70122D21A382A00DDF4E61F2A00DCF8
:102880002AE11F214942CB1A2100D9400B00202AFE
:1028900005D0164A019D94466544AC402043421E33
:1028A00090411843072319000024014003420CD033
:1028B0000F230340042B00D140E1031D8342A441B8
:1028C0001800644261076402240BC20800230A4313
:1028D000CCE6C046FF07000001FCFFFFFF0300003D
:1028E000FFFFFFFEFE0700000DFCFFFF3E0400009F
:1028F00049464A460904090C0D00160C020C000456
:10290000000C4543AC4605007543A84615000F0072
:102910007543009202952A00009D6F4365462D0C79
:10292000A94647444F44B84505D9150080225202B4
:102930009046454402953D0C039565462D043F04A1
:102940002D0CAC463D0065440495250C2404240C54
:10295000AC4625007543A84665460F0069434144CF
:1029600089466743390C49446E43884503D9802220
:102970005202904646440D0CA84635004544059544
:10298000039D3F04A8463F0C0904C91988444546E5
:10299000039555462E04360C2F0C350045437843DD
:1029A00081463800A8462D0CAA46009A504372432F
:1029B0004A445244914503D980256D02A9464844B2
:1029C000150CA94645462D042D0CA84665467D43A9
:1029D000120448449044A9463200654662436E435F
:1029E0007C43170C3619BF19BC4203D980246402FA
:1029F000A446E144029C039EA446059D66448E4283
:102A00008941AC4612043C04120CA21862444942AB
:102A100054184644A4464645A44182466442A04612
:102A2000AA4292418C458941E244D04449425242F3
:102A30000A43A045A44182458941644249420C436E
:102A400041463F0CD2191219CC0D0499700208436B
:102A5000411E884141464A44F60D52023043490224
:102A600014430843D20135D50122430802401343E1
:102A7000E0071843640834E6009BA2469B46814663
:102A80008024534624031C4324034A462E4B240B24
:102A9000ECE500F075FD15239C4684440200634676
:102AA00020321C2B00DC84E60023994623000838E2
:102AB00083409A468EE600F063FD02000300153263
:102AC00020331C2A00DC4EE602003400083A0020C5
:102AD000944052E6019304E61C4B21009C460300FF
:102AE000019DD3406544A94019430300AB40581EE3
:102AF000834119430800D4404B0709D00F230B40F2
:102B0000042B05D00B1D8B42804140422418180035
:102B1000230200D4D6E6012300240022A6E50F29D3
:102B2000AAD1802352461B031A42A9D01C42A7D126
:102B30001C43009B02009B46034B97E50024C1E623
:102B40000024014B220091E5FF0700001E04000055
:102B5000F0B54E464546DE465746E0B585B0009096
:102B600001910C034F00CE0F610A009CB046640F28
:102B70000C4300997F0DC80011001A001B039C46EE
:102B80000091019251004B0D9946019B009DD90F78
:102B900063466A0F5B0A1343EA0094469346C14AB0
:102BA00003900293914500D1CDE0012569404D4647
:102BB0007D1BAA468E4200D180E0002D00DC35E36B
:102BC0004946002900D1DFE0974200D194E1524606
:102BD0000125382A19DC8022029B12041343029338
:102BE00052461F2A00DDE3E1534620226146029D42
:102BF000D21A9540D9400D43614691400A00511EBA
:102C00008A411543029ADA40A41A451BA842804122
:102C10004042241A230200D43DE16402640A002CDD
:102C200000D147E1200000F0ABFC0300083B20216D
:102C30002800CA1AD0409C4002009D4022439F4277
:102C400000DD77E1D81B0130091A2C008D40C4400B
:102C50006B1E9D411300C2408B402543002714008A
:102C60001D436B0709D00F232B40042B05D02B1DD0
:102C7000AB42AD416D4264191D00230200D440E116
:102C8000884A0137974200D101E10126434686492F
:102C9000ED0821404A072A437C054D022D0B640DA7
:102CA0001E4024052C43F60734431000210005B0D4
:102CB000F0BCBB46B246A946A046F0BD002D00DCE4
:102CC000D0E24946002900D0D4E06146029B194376
:102CD00000D12BE1691E012D00D1D9E1954200D12F
:102CE0000AE10125382917DC8A4653461F2B00DDEF
:102CF000E7E12022D21A029B614693401D00534611
:102D0000D940634693401A000D43511E8A415346F1
:102D10001543029ADA40A4182D188542804140429A
:102D20002418230200D4B6E05E4B01379F4200D145
:102D3000ADE001215C4B6A081C4029400A43E507CD
:102D4000154364088DE7594A029B92466246BA448D
:102D50001A432CD08E422ED05246002A60D0002F2B
:102D600000D1DBE063460E00029CD80862070243F4
:102D7000E4081300234300D154E280252D032543AA
:102D80002D03484C2D0B8CE76146029B194300D163
:102D9000CCE029000139012D00D188E1954200D114
:102DA000AAE00125382900DD2FE78A4618E701222D
:102DB00051408E42D0D15346002B00D1BEE0002FAF
:102DC00000D038E1CA462200024300D1E2E1534676
:102DD000591E012B00D10DE2324A924500D1D2E1B9
:102DE0000127382913DC1F2900DDEEE12022029B98
:102DF000521A250007009A46CC4090409540CF409B
:102E0000A244421E904153462F43074302933D0084
:102E1000654465459241029B52424F46D41880E773
:102E2000234A7D1C154200D0AAE062462500029B81
:102E300005431A43002F00D0F5E0002D00D16BE1CF
:102E4000002A00D152E16346C51A029BE21AA84249
:102E50009B415B42D31A1A0200D4D5E163461D1A86
:102E6000AC4592410126029B52421C1B8846A41A83
:102E70000E40F6E697423FD052460125382A00DD43
:102E80004AE78022029B1204134302932DE73C0081
:102E90000025002205E707232B40002B00D0E2E6A7
:102EA0006BE0C046FF070000FFFF7FFF01F8FFFF58
:102EB000FE070000280000F063FB030018331F2BFF
:102EC00000DCB4E62A00083882409F4200DDB9E009
:102ED000DB1B581C1F2800DCA0E115001F3BDD4058
:102EE000202805D040231B1A9A40531E9A411543AF
:102EF000072300272B40D0E7C00862070243E408FD
:102F000037E7EA0863071A43D34BE4089F4200D12E
:102F10002FE72403250B7C05640DC2E6CA46220078
:102F2000024358D163460E00029C0393039B57460D
:102F3000DA08E7E7C94CFF1A144092E6C84D7A1C3C
:102F40002A4200D084E022000243002F00D0EFE0AC
:102F5000002A00D1E5E0624602990A4300D1C5E0AB
:102F60006346C5188C46854280416444404224181B
:102F7000230202D5B94B01371C40BA460395D5E769
:102F80006246851AA842924152429146029BE31A38
:102F90001A004B46D21A130091461A026CD44A46C4
:102FA0004C462A4300D03AE600260024002578E665
:102FB000029953460D00203AD540202B06D04022DE
:102FC000D21A0B00934062461A4393465B465A1E40
:102FD00093411D4319E653465A1E012B00D1C6E00A
:102FE0009D4EB24500D1BDE688460E000125382A27
:102FF00010DC1F2A7FDC20212500891A0700884069
:103000008D40D740D440411E8841029B3D431B1B4D
:10301000054302936246551BAC459241029B5242C6
:103020004F469C1AF6E5002D00D0B7E0002A00D1EB
:10303000F0E001260E4063460298D90842070A4391
:10304000C40896E6854CFF1A14406207E40860E75E
:1030500081498A4200D1C9E06346C118814280415A
:10306000029B4042E3181B18DD075C080723490850
:103070000D4317002B4010E763461D1AAC459241E3
:103080000126029B52421C1B8846A41A0E40C6E52C
:103090006346C518029B854280419C464042644479
:1030A00024180127230200D4F5E6022741E66346EF
:1030B000C51AA8428041029B4042E41A0127241A03
:1030C000A8E5029D52462B00203AD34019005346F2
:1030D000202B06D04022D21A2B00934062461A437E
:1030E00093465D466B1E9D410D4315E66207C00881
:1030F0000243E4080DE7110027002039CF40202AC1
:1031000005D040218A1A9440250005430395039D6C
:103110006A1E95413D437DE7002A00D144E7012620
:103120000E406346D908029B5A070A43DC08F0E6C2
:10313000002A28D06246029FC0083A4300D1DCE64C
:10314000620710438022E4081203144209D0FD08EC
:10315000154206D1634601262C00D8087B07184388
:103160000E40420FC000C0085207024301E663460A
:103170001D1AAC459241029B52421C1B0E00884610
:103180000127A41A46E56346D908029B5A070A4359
:10319000DC08EEE56346029C0393C7E6C008002AFC
:1031A00000D1AAE6620710438022E4081203144209
:1031B000D7D0029FFD081542D3D163460126D80817
:1031C0007B072C0018430E40CBE70A002700203A6B
:1031D000D740202905D04022521A944025000543AB
:1031E0000395039D6A1E95412F4310E614000025A8
:1031F000002256E5029B60449946604592414C444A
:1032000052420500A4184CE71A001C002A4300D0C3
:10321000B3E6C9E6802400262403AEE5202100257C
:10322000091A17E5002200250B4C3AE5002D00D1C4
:10323000F6E54B46DA1B9246002F00D16FE6382A9E
:1032400005DC80263604344388460E00D1E68846E5
:103250000E000125DEE6C046FF070000FFFF7FFFEE
:10326000FE070000002D00D168E64B46D91B002F59
:1032700001D18A46A7E50127382900DDC7E580226C
:1032800012041443AFE5C046F0B5C6461E03360B24
:10329000B0460D4E0C034D005F0000B5240B6D0DC4
:1032A0007F0DB5420BD0084900208F4204D146461D
:1032B00016433000431E984180BCB846F0BD04431D
:1032C0000120002CF8D1EEE7FF0700000B00020000
:1032D00070B5164D0C0382B0490000200092019396
:1032E000240B490DDE0FA94204DD1148814203DDA4
:1032F000104BF01802B070BD8020400320430E4CEC
:10330000641A1F2C08DD0D4B5B1AD840030058428D
:10331000002EEFD11800EDE7094B009A9C46030000
:1033200061448B40E2401343F1E7C046FE030000D6
:103330001D040000FFFFFF7F3304000013040000A2
:10334000EDFBFFFF70B5002816D0C317C5185D4010
:10335000C40F280000F014F9104B1B1A5B055B0D1D
:103360000A2814DC02002E00153296400B22121A95
:10337000D5402D032D0B03E000240023002500265B
:103380001B052B43E40723433000190070BD0B38A5
:1033900085402D0300262D0BF2E7C0461E040000D9
:1033A00010B5041E10D000F0EBF80E4B1B1A5B0595
:1033B0005B0D0A280FDC0B222100121AD1401530B8
:1033C0000A038440120B01E0002300221B05134373
:1033D0002000190010BD22000B3882401203002487
:1033E000120BF3E71E04000070B542024300C40F45
:1033F000FE201B0E591C550A08420CD0E021890002
:103400008C466D07120B63441B051343E4072343EB
:103410002800190070BD002B14D1002D1BD02800EE
:1034200000F0AEF80A281CDC0B232A001B1ADA4035
:10343000030015339D400E4B12031B1A5B05120B44
:103440005B0DE1E7002D09D0130B802212031A4314
:103450006D07084BD8E700230022D5E70022054B73
:10346000D2E703002A000B3B9A400025E3E7C04661
:1034700089030000FF070000F0B54B000F035B0D50
:103480003B4C450F83B07F0A5E1C2F430090019197
:10349000CA0FC50026420BD036495C18FE2C13DD3E
:1034A000FF200023C0051843D207104303B0F0BD2E
:1034B000002B02D100200023F4E73D43F0D080230D
:1034C000DB03FF203B43EDE7002C14DD009BFF00F6
:1034D0009B01581E8341690F3B430B43590741D061
:1034E0000F211940042928D00433590125D501346E
:1034F0000023E0B2D6E721001731DBDB80211E205C
:1035000009043943001B1F281BDD02267642341BA9
:103510000E00E6403400202804D017488446634457
:1035200099400D432B00591E8B412343590715D059
:103530000F2100241940042917D19B015B0AE0B236
:10354000B0E70E4C1C192B00A540C340A140681EDB
:10355000854129430B4300245907C1D19B01002019
:103560005B0A9FE7DB08E0B29CE70433E5E7C0466F
:10357000FE07000080FCFFFFA2FCFFFF82FCFFFFB4
:103580001C2101231B04984201D3000C10391B0A93
:10359000984201D3000A08391B09984201D3000957
:1035A000043902A2105C40187047C04604030202AE
:1035B00001010101000000000000000010B5002919
:1035C00003D1FFF7DDFF203002E00800FFF7D8FF4E
:1035D00010BDC04680B500AFBFF34F8FC046044B4F
:1035E000044ADA60BFF34F8FC046C046FDE7C046CD
:1035F00000ED00E00400FA0580B500AF00F012F81D
:1036000000F08EF800F0C0F800F02AF900F0B8F9E8
:1036100000F0CAFA00F03AFC00F0CAFCC046BD4611
:1036200080BD000090B583B000AF3B1D00221A7032
:10363000BB1D08221A80BB1C00221A80334ABB1C07
:1036400012881A80BB1C1B88314A934207D1314B28
:1036500001221A70304B00221A70FA2351E0BB1C71
:103660001B881B0A9BB2DAB22A4B1A70294B1B78B3
:10367000002B02D1274B01221A70BB1C1B88DAB227
:10368000254B1A707B1D01221A7032E07B1C002230
:103690001A7024E0BB1D1B881C4A94466344190021
:1036A0007B1D1B785A1E7B1C1B78DBB21C000B8811
:1036B00098B21A4913009B009B185B009B181B19BA
:1036C0005B00021C5A52BB1DBA1D128808321A80B8
:1036D0007B1C1B78DBB20133DAB27B1C1A707B1CBB
:1036E0001B78DBB20A2BD5D97B1D1A787B1D0132E2
:1036F0001A70084B1B787A1D12789A42C6D93B1D66
:103700001B781800BD4603B090BDC04600A807084E
:10371000FFFF00007C0000200C1B0020041700208D
:1037200080B582B000AFFB1D00221A70BB1D0122C4
:103730001A7019E0BB1D1B789BB2013398B2BB1DF8
:103740001B78013B5A000E4BD31819000FF0F7FA03
:10375000BB1D1B78192B02D9FB1D0A221A70BB1D39
:103760001A78BB1D01321A70064B1B78BA1D1278ED
:103770009A42DFD9FB1D1B781800BD4602B080BD00
:10378000D81A00207C00002090B583B000AFFB1C4D
:1037900000221A70BB1D00221A803B0000221A80F2
:1037A0007B1D00221A704BE03B1D01221A7033E092
:1037B000BB1D1B881C339BB23A00110018000FF090
:1037C000BEFA3B0018887B1D1A783B1D1978C4B2DD
:1037D000214813009B009B185B00C318221C5A54FD
:1037E0003B001B881B0A98B27B1D1A783B1D1B7877
:1037F000591EC4B2184813009B009B185B00C318E5
:10380000221C5A54BB1D1A88BB1D01321A803B1D55
:103810003A1D127802321A703B1D1B78092BC7D94A
:103820007B1D1A780C4913009B009B185B00CB187A
:10383000093300221A707B1D1A787B1D01321A7021
:10384000064B1B787A1D12789A42ADD9FB1C1B7867
:103850001800BD4603B090BD781900207C00002000
:1038600090B583B000AFFB1C00221A70BB1D002274
:103870001A803B0000221A807B1D00221A707B1DDB
:1038800000221A7015E0BB1D1B88CB3398B27B1D3C
:103890001B785A00374BD31819000FF050FABB1D94
:1038A0001A88BB1D01321A807B1D1A787B1D0132DC
:1038B0001A70314B1B787A1D12789A42E3D37B1D24
:1038C00000221A704BE03B1D01221A7033E0BB1D31
:1038D0001B8899339BB23A00110018000FF02FFAA1
:1038E0003B0018887B1D1A783B1D1978C4B2234809
:1038F00013009B009B185B00C318221C5A543B000A
:103900001B881B0A98B27B1D1A783B1D1B78591E19
:10391000C4B21A4813009B009B185B00C318221CFA
:103920005A54BB1D1A88BB1D01321A803B1D3A1D1B
:10393000127802321A703B1D1B78092BC7D97B1DE8
:103940001A780E4913009B009B185B00CB180933B3
:1039500000221A707B1D1A787B1D01321A707B1DA4
:103960001B78092BAFD9FB1C1B781800BD4603B090
:1039700090BDC046A41A00207C000020140A00203C
:10398000B0B588B002AF0B23FB1800221A703B1DA4
:1039900000221A80BB1C00221A8008243B19002236
:1039A0001A80BB1D00221A8017257B1900221A706D
:1039B00000233B610023FB603B1D1900E4200FF056
:1039C000BEF903001A003B191A803B191B88002B13
:1039D00003D13B1D1A887B191A703B1D1900E52085
:1039E0000FF0ADF903001A0008243B191A80BB1C24
:1039F0001900E6200FF0A3F903001A00BB1D1A807E
:103A00003B191B88002B0AD1BB1D1B88002B06D13C
:103A10003B1D1B881B04BA1C12889B183B613B1D75
:103A20001900E7200FF08BF903001A0008243B1956
:103A30001A80BB1C1900E8200FF081F903001A005E
:103A4000BB1D1A803B191B88002B0AD1BB1D1B888C
:103A5000002B06D13B1D1B881B04BA1C12889B1827
:103A6000FB603B1D1900E9200FF069F903001A0003
:103A700008217B181A807B181B88002B0BD13B1D5B
:103A80001B881B0A9BB2DAB2414B1A703B1D1B8884
:103A9000DAB2404B1A703B1D1900EA200FF04FF9C3
:103AA00003001A0008217B181A807B181B88002B42
:103AB0000BD13B1D1B881B0A9BB2DAB2364B1A7026
:103AC0003B1D1B88DAB2354B1A703B1D1900EB20E9
:103AD0000FF035F903001A0008217B181A807B18B3
:103AE0001B88002B0BD13B1D1B881B0A9BB2DAB233
:103AF0002B4B1A703B1D1B88DAB22A4B1A70244BD1
:103B00001B78002B11D0234B1B78002B0DD0204BA2
:103B10001D78204B1B78FC6839691722BA18107879
:103B200000932B00220007F0ADFA1B4B1B78002BF3
:103B300011D01A4B1B78002B0DD0174B1D78174B4B
:103B40001B78FC6839691722BA18107800932B008B
:103B5000220007F097FA124B1B78002B11D0114B63
:103B60001B78002B0DD00E4B1D780E4B1B78FC687C
:103B700039691722BA18107800932B00220007F039
:103B800081FA0B23FB181B781800BD4606B0B0BDA8
:103B9000331B0020341B0020351B0020361B002067
:103BA000371B0020381B0020B0B584B000AF0F23B6
:103BB000FB1800221A7008243A198A235B001100AE
:103BC00018000FF0BCF803001A000C217B181A80B3
:103BD0007B181B88002B24D13B191B881A1C03233C
:103BE0001340DAB2A44B03210A4050011A78602135
:103BF0008A43111C021C0A431A703B191B881B0ABA
:103C00009BB21A1C01231340DAB29B4B01210A40DC
:103C100090001A7804218A43111C021C0A431A706E
:103C20001FE0964B1B785B069B0FDAB2924B032189
:103C30000A4050011A7860218A43111C021C0A4371
:103C40001A708E4B1B785B07DB0FDAB28A4B0121AF
:103C50000A4090001A7804218A43111C021C0A436E
:103C60001A7008243A198E235B00110018000FF017
:103C700066F803001A000C217B181A807B181B8839
:103C8000002B11D13B191B881BB29BB2DB0BDAB2A4
:103C9000794B01210A40D0001A7808218A43111C6F
:103CA000021C0A431A700FE0744B1B781B07DB0FD2
:103CB000DAB2714B01210A40D0001A7808218A43F8
:103CC000111C021C0A431A7008243A191623FF33E8
:103CD000110018000FF033F803001A000C217B18B4
:103CE0001A807B181B88002B04D13B191A88644B5F
:103CF0001A8003E0634B1A88614B1A8008243A1932
:103D00008B235B00110018000FF019F803001A0054
:103D10000C217B181A807B181B88002B04D13B19BF
:103D20001A88574B5A8003E0564B5A88544B5A8096
:103D300008243A191823FF33110018000EF0FFFF72
:103D400003001A000C217B181A807B181B88002B9B
:103D50000CD13B191B88DAB2494B1A713B191B88ED
:103D60001B0A9BB2DAB2464B5A7107E0454B1A79EF
:103D7000434B1A71434B5A79414B5A7108243A19F3
:103D80008C235B00110018000EF0D9FF03001A000D
:103D90000C257B191A80BA1D1A23FF331100180055
:103DA0000EF0CDFF03001A000A217B181A807B1940
:103DB0001B88002B0DD17B181B88002B09D13B19C8
:103DC0001B881A00BB1D1B881B041A432C4B9A60CE
:103DD0000CE02D4B1B78002B04D0294BE122520222
:103DE0009A6003E0274B9A68254B9A6008243A1999
:103DF0008D235B00110018000EF0A1FF03001A00D4
:103E00000C217B181A807B181B88002B0CD13B19C6
:103E10001B88DAB21A4B1A733B191B881B0A9BB218
:103E2000DAB2174B5A7305E0154B18225A73144B2C
:103E300000221A7308243A191C23FF3311001800BA
:103E40000EF07DFF03001A000C217B181A807B18EE
:103E50001B88002B05D13B191B88DAB2084B9A76D8
:103E600003E0084B9A7E064B9A760F23FB181B78CB
:103E70001800BD4604B0B0BD2C1B0020301B002034
:103E8000101B002080000020321B002080B582B073
:103E900000AFBB1D00221A703B0000221A803B1DA0
:103EA00000221A80FB1C00221A70FB1D00221A70CF
:103EB00071E0FB1D1B783B339BB29B009BB23A0029
:103EC000110018000EF03BFF03001A003B1D1A8082
:103ED0003B1D1B88002B59D13B001B881B0A9AB243
:103EE000FB1C1A70FB1C1B781B09DBB21A00FB1DA4
:103EF0001B7801339A4249D1FB1C1B780F221340D7
:103F000044D0FB1D1B785A1CFB1C1B780F210B4057
:103F1000D8B2264913005B009B18CB180133021C52
:103F20001A703B001988FB1D1B785A1CC8B21F4928
:103F300013005B009B18CB180233021C1A70FB1D88
:103F40001B785A1C194913005B009B18CB180133CE
:103F50001A78FB1D1B780133DBB2190010000FF03B
:103F600069FCFB1D1B780133D8B2FB1D1B785A1C62
:103F70000E4913005B009B18CB1802331B780122FB
:103F80001340DBB2002219000FF052FEFB1D1A781D
:103F9000FB1D01321A70FB1D1B78052B89D9BB1D37
:103FA0001B781800BD4602B080BDC04668340020B2
:103FB00090B585B000AF0F23FB1800221A706F4B2D
:103FC000BB6032201FF00AFE03003B603B68002B01
:103FD00001D1FB23CEE0BB681B78FE2B01D0FF2371
:103FE000C8E0FB1D00221A70B8E00F23FB18002266
:103FF0001A7010E0BB685A1CBA6019000F203B18F9
:104000001B783A68D3180A78D2B21A703B181A781B
:104010003B1801321A700F243B191B78132BE9D976
:10402000FB1D1A7813009B009B189B00544A98189C
:104030003B6801331422190021F0EBFA3B6814228B
:104040000021180021F0BDF93B1900221A70BB684D
:104050001433BB600FE0BA680F203B181B78396837
:10406000CB1812781A70BB680133BB603B183A1842
:10407000127801321A70BB681B78FE2B08D0BB681F
:104080001B78FF2B04D00F23FB181B78312BE2D9B0
:104090000F217B181B78013B3A68D3181B78002B43
:1040A00004D07B187A18127801321A700F23FB188B
:1040B0001A78FB1D1C7810001FF090FD03001900FA
:1040C0002F4A23009B001B199B00D3180C33196047
:1040D000FB1D1A782A4913009B009B189B00CB18E4
:1040E0000C331B68002B12D1FB1D1A7813009B00A8
:1040F0009B189B00224A9B1814220021180021F0D3
:1041000060F93B6818001FF073FD0E2332E0FB1DC1
:104110001A781B4913009B009B189B00CB180C338B
:1041200018680F243B191A783B68190021F071FABE
:10413000144B1B780133DAB2124B1A703B191A7800
:104140003B680021180021F03CF9BB681B78FE2B6E
:104150000AD1FB1D1A78FB1D01321A70FB1D1B785A
:10416000042B00D841E700E0C0463B6818001FF070
:104170003FFD00231800BD4605B090BD00B0070804
:10418000C01B0020B50A002080B582B000AFFB1D27
:1041900000221A70BB1D01221A7021E0BB1D1B7882
:1041A0005A1E154B5200D35A002B0DD0BB1D1B7845
:1041B0009BB2013398B2BB1D1B785A1E0E4B5200A6
:1041C000D35A19000EF0DCFDBB1D1B78192B02D948
:1041D000FB1D0A221A70BB1D1A78BB1D01321A7012
:1041E000064B1B78BA1D12789A42D7D9FB1D1B7853
:1041F0001800BD4602B080BDD81A00207C00002007
:1042000090B583B000AFFB1C00221A70BB1D0022CA
:104210001A803B0000221A807B1D00221A7047E0A2
:104220007B1D1A78284913009B009B185B005B5C80
:10423000002B38D03B1D01221A7030E07B1D1A780C
:104240003B1D1B78591E204813009B009B185B00E8
:10425000C3185B5C1B0299B27B1D1A783B1D187852
:10426000194C13009B009B185B00E3181B5C1A00A1
:104270003B008A181A80BB1D1B881C339AB23B0076
:104280001B88190010000EF07BFDBB1D1A88BB1D9A
:1042900001321A803B1D3A1D127802321A703B1D02
:1042A0001B78092BCAD97B1D1A787B1D01321A7025
:1042B000064B1B787A1D12789A42B1D9FB1C1B78E9
:1042C0001800BD4603B090BD781900207C00002086
:1042D000F0B587B000AFB9607A6019000F243B19C0
:1042E000021C1A700E257B190A1C1A701726BB199E
:1042F00000221A703B191B789BB21900E4200EF0C3
:104300003FFDBB681B0A9BB21900E5200EF038FD8B
:10431000BB689BB21900E6200EF032FD7B681B0AD9
:104320009BB21900E7200EF02BFD7B689BB21900B1
:10433000E8200EF025FD7B191B789BB21B029AB278
:10434000202310241B19DB191B789BB2D3189BB2B6
:104350001900E9200EF014FD24231B19DB191B782A
:104360009BB21B029AB228231B19DB191B789BB244
:10437000D3189BB21900EA200EF002FD2C231B1962
:10438000DB191B789BB21B029AB230231B19DB1975
:104390001B789BB2D3189BB21900EB200EF0F0FCF7
:1043A000BB191B781800BD4607B0F0BD80B582B0C0
:1043B00000AFFB1D00221A70284B1A881623FF330A
:1043C000110018000EF0DCFC244B5A888B235B0094
:1043D000110018000EF0D4FC204B5B791B021AB2BE
:1043E0001E4B1B7B1BB213431BB29AB21823FF3325
:1043F000110018000EF0C4FC184B9B689AB28C2375
:104400005B00110018000EF0BBFC144B9B681B0CEA
:104410009AB21A23FF33110018000EF0B1FC0F4BB3
:104420005B7B1B021AB20D4B1B791BB213431BB2F1
:104430009AB28D235B00110018000EF0A1FC074B0F
:104440009B7E1A001C23FF33110018000EF098FC0D
:10445000FB1D1B781800BD4602B080BD101B00205C
:1044600080B582B000AFFB1D00221A701B4B3422B6
:104470000021180020F0A5FFBB1D01221A7021E0C9
:10448000BB1D1B785A1E154B5200D35A002B0DD062
:10449000BB1D1B789BB2013398B2BB1D1B785A1E03
:1044A0000E4B5200D35A19000EF06AFCBB1D1B784C
:1044B000192B02D9FB1D0A221A70BB1D1A78BB1DCD
:1044C00001321A70064B1B78BA1D12789A42D7D95E
:1044D000FB1D1B781800BD4602B080BDD81A002015
:1044E0007C000020B0B58EB002AF1423F8180A2566
:1044F0007A191823F9180823FB18009303000120E8
:104500000EF0BCFD0C23F818BA1D1023F9183B1D42
:104510000093030002200EF0B1FD1C217B18012244
:104520005A607B1800229A607B191B881A007B183E
:104530001A60BB691A000C007B18190010001AF0F1
:1045400049FE21007B1800225A607B1802229A60E3
:104550003B1D1B881A007B181A60FB681A007B1829
:10456000190010001AF036FEBB6918007B191B8871
:10457000002219001AF0B7FF052010F0BFFDFB68FC
:104580001A003B1D1B88190010001AF08FFF031E34
:1045900017D1BB6918007B191B88012219001AF07A
:1045A000A2FF052010F0AAFDFB681A003B1D1B8826
:1045B000190010001AF07AFF0300012B01D101232A
:1045C00000E000231800BD460CB0B0BD90B585B02A
:1045D00000AF78600F23FB1800221A701CE00F2434
:1045E0003B191A78114913005B009B189B00CB18EC
:1045F00008331A687B6811001800FBF785FD031E5D
:1046000004D13B191B780133DBB20BE00F217B187F
:104610001A787B1801321A700F23FB181B78092BAC
:10462000DDD900231800BD4605B090BDC4010020AF
:1046300080B584B000AF78600F23FB1800221A7099
:1046400041E0264A7B6811001800FBF75DFD031E60
:1046500001D101233DE0224A7B6811001800FBF7DD
:1046600053FD031E01D1022333E01E4A7B68110073
:104670001800FBF749FD031E01D1032329E01A4A64
:104680007B6811001800FBF73FFD031E01D10423D6
:104690001FE0164A7B6811001800FBF735FD031E6A
:1046A00001D1052315E0124A7B6811001800FBF7C1
:1046B0002BFD031E01D106230BE00F217B181A7876
:1046C0007B1801321A700F23FB181B78052BB8D901
:1046D00000231800BD4604B080BDC04608A70208EC
:1046E0000CA7020810A7020814A7020818A70208BE
:1046F0001CA7020880B582B000AF10F05BF910F083
:1047000055FB0EF0F1FA0EF0A7FB0DF0ADFF10F027
:1047100037FC0EF0F3F910F06DFC0EF001FC031EF7
:1047200003D00EF083FBFEF755FFFFF7DBFE031E01
:1047300021D03D4B01221A70322010F0DFFC0CF02A
:1047400009FD3A4BE12252029A60FB1D01221A70C8
:104750000CE0364B9A68FB1D1B781100180011F015
:104760002FF9FB1D1A78FB1D01321A70FB1D1B78F7
:10477000052BEED904E0322010F0C0FC0CF0EAFC6E
:10478000FEF73AFF11F086FA0DF0A8FF284B1B78D0
:10479000002B15D180235900A023DB05012218002E
:1047A0001AF0A1FEFA235B00180010F0A7FC80238A
:1047B0005900A023DB05002218001AF094FE2AE01D
:1047C00080235900A023DB05012218001AF08BFE7C
:1047D000FA235B00180010F091FC80235900A023FD
:1047E000DB05002218001AF07EFE642010F086FC23
:1047F00080235900A023DB05012218001AF073FE64
:10480000642010F07BFC80235900A023DB050022EC
:1048100018001AF068FE06F019FA064B01221A7009
:10482000C046BD4602B080BD321B0020101B0020D8
:104830000C1B0020B30A002080B500AF18F0C4F9AB
:104840000CF076F8FFF756FF06F024FA14F0F8FEA5
:10485000C046BD4680BD0000F0B587B002AF0F2353
:10486000FB1800221A700E23FB1800221A700D2369
:10487000FB1800221A707B1D00221A703B1D0022BB
:104880001A700C23FB1800221A700B23FB1800224D
:104890001A700A23FB1800221A7009243B190022FF
:1048A0001A70BB1C00221A80B84B01221A70082310
:1048B000FB1800221A70B64B1B78180000F0FAFCA7
:1048C000322014F0C5FE3B1901221A7013E00921B1
:1048D0007B181B785A1EAF4B9200D35A002B04D082
:1048E0000823FB187A1812781A7009217B181A7895
:1048F0007B1801321A700923FB181B78052BE6D9A7
:10490000FB1D01221A701BE0A14B1B78FA1D1278C7
:104910009A4210D0FA1D0823FB1812781B789A428D
:1049200009D0FB1D1B78180011F06AF80300012163
:10493000180011F08FF8FB1D1A78FB1D01321A7058
:10494000FB1D1B78052BDFD9914B1B78180000F05D
:10495000B1FC914B02221A70322014F079FE0E2322
:10496000FB1801221A700923FB1801221A7041E07A
:1049700009217B181B785A1E864B9200D35A002BB4
:1049800032D00E243B193A19127801321A70834B37
:104990003A1912785A70824B3A1912781A707F4B72
:1049A00000221A700D007B1818780323009310233F
:1049B0000022002106F084FF3B191B789BB21B02EA
:1049C0009BB27A191278511E724A89008A5AD2B261
:1049D00011007A191278013A5B1899B26D4B920066
:1049E000D152322014F034FE09217B181A787B183A
:1049F00001321A7009217B181B78052BB8D9694B35
:104A00001A88694B1A807B1801221A705CE009240D
:104A10003B191B785A1E5F4B9200D35A002B4DD086
:104A20003B191B78591EBB1C5A4A89008A5A1A80A6
:104A3000BB1C1B881B0A9AB27B1D1A703B191B7882
:104A40005A1E544B9200D25A3B1D1A707B1D1B7884
:104A5000DB001AB23B1D1B781BB2134319B23B1982
:104A60001A7889B2504B5200D1523B191B78013B46
:104A70007A1D1278013A47499B00CB1802331888F7
:104A8000494B16214A43011CD152404B1B78DB0095
:104A90001AB23B191B781BB2134319B27B1D1B784A
:104AA0005A1E3B1D18788CB23F4913009B009B187F
:104AB0005B009B181B185B00221C5A5209217B18B3
:104AC0001A787B1801321A700923FB181B78052B02
:104AD0009DD90C23FB1802221A7017E00E23FB1835
:104AE0001B789BB21622534399B22F4A0C243B19D0
:104AF00018780B00112106F05DFE0A2014F0A8FDC5
:104B000021007B181A787B1801321A700C23FA18CE
:104B10000E23FB1812781B789A42DFD974E10C231C
:104B2000FB1802221A7061E1BB1D01221A700AE013
:104B3000BB1D1B78013B194A0121D154BB1D1A78BA
:104B4000BB1D01321A70BB1D1B780A2BF0D9134B09
:104B500000229A720C243B191B780B220E2118009C
:104B600006F0D6FD322014F073FD3B191B780022AD
:104B70000C21180006F0CCFD96235B00180014F001
:104B800067FD0B23FB1801221A7061E00C1B00204B
:104B9000B00A002010160020B20A0020E00B00200E
:104BA0007C0000207A000020041700200B203B1816
:104BB0001B78591EBB1CDD4A89008A5A1A80BB1C0F
:104BC0001B881B0A9AB27B1D1A70BB1C1B88002B0A
:104BD00038D07B1D1B78002B34D10E217B187A181E
:104BE000127801321A70D24B7A1812785A70D14B5F
:104BF0007A1812781A707B181B789BB21B029BB232
:104C00003A181278511EC94A89008A5AD2B2110044
:104C10003A181278013A5B1899B2C44B9200D152FB
:104C2000C34B01221A70C24B3A1812789A700C23A7
:104C3000FB181B7803221021180006F069FD3220B2
:104C400014F006FD0B217B181A787B1801321A70BC
:104C50000B22BB181B780A2BA8D9BB1801221A708B
:104C60008EE00B243B191B785A1EB04B9200D35A8E
:104C7000002B00D17EE03B191B78591EBB1CAB4AB0
:104C800089008A5A1A80BB1C1B881B0A9AB27B1D9A
:104C90001A703B191B785A1EA44B9200D25A3B1D26
:104CA0001A707B1D1B78012B64D00C257B191B7897
:104CB0005A1E3B191878A04913009B009B185B00F3
:104CC0009B181B185B005B5A002B18D17B1D1B78AF
:104CD000DB001AB23B1D1B781BB2134319B27B19C0
:104CE0001B785A1E3B1918788CB2934913009B000D
:104CF0009B185B009B181B185B00221C5A527B1DE3
:104D00001B785A1E3B1D18788B4913009B009B187B
:104D10005B009B181B185B005B5A002B2AD10B24ED
:104D20003B191B78013B7A1D1278013A7F499B00A1
:104D3000CB1802331888804B16214A43011CD152EC
:104D40000C23FB181B78DB001AB23B191B781BB233
:104D5000134319B27B1D1B785A1E3B1D18788CB269
:104D6000754913009B009B185B009B181B185B0088
:104D7000221C5A520B217B181A787B1801321A70A8
:104D80000B243B191B780A2B00D86AE7674B1422C7
:104D90000021180020F015FB3B1902221A7017E0C1
:104DA0000E23FB181B789BB21622534399B2624A1A
:104DB0000B243B1918780B00112106F0FBFC642032
:104DC00014F046FC21007B181A787B1801321A7007
:104DD0000B23FA180E23FB1812781B789A42DFD99E
:104DE0000C217B181A787B1801321A700C23FA18E0
:104DF0000E217B1812781B789A4200D894E60D2376
:104E0000FB187A1812781A700D23FA180E23FB1863
:104E100012781B789A4200D081E6484B1B78180024
:104E200000F048FA322014F013FC0C23FB18012286
:104E30001A7020E00C23FB181B78591EBB1C404A3B
:104E400089008A5A1A80BB1C1B881B0A9AB27B1DD8
:104E50001A70BB1C1B88002B07D07B1D1B78002BF6
:104E600003D10F23FB1805221A700C217B181A7826
:104E70007B1801321A700C22BB181B78052BD9D96C
:104E8000BB1802221A703DE00C23FB181B7800228D
:104E90000C21180006F03CFC96235B00180014F06F
:104EA000D7FB0B23FB1801221A7020E00B23FB1801
:104EB0001B78591EBB1C1D4A89008A5A1A80BB1CCC
:104EC0001B881B0A9AB27B1D1A70BB1C1B88002B07
:104ED00007D07B1D1B78002B03D10F23FB18052265
:104EE0001A700B217B181A787B1801321A700B2369
:104EF000FB181B780A2BD9D90C217B181A787B1840
:104F000001321A700C23FA180E23FB1812781B7842
:104F10009A42B9D90F23FB181B78002B00D057E118
:104F20000923FB1801221A7024E0C0462416002031
:104F3000E00B00207C00002004170020B00A0020B5
:104F400010160020D44B1B881BB209203A18127887
:104F5000013A8021090211410A0012B2D24312B271
:104F600013401BB29AB2CC4B1A803B181A783B18EC
:104F700001321A700923FB181B78052BE2D90C2388
:104F8000FB180E22BA1812781A70F3E00A23FB18E5
:104F900001221A70A9E00C243B191B785A1E0A251D
:104FA0007B191878BD4913009B009B185B009B1868
:104FB0001B185B005B5A002B21D17B191B78013B2E
:104FC000B74A0021D15420003B181B785A1EB24B1F
:104FD0005200D35A1BB27A191278013A8021090281
:104FE00011410A0012B2D24312B2134019B23B1857
:104FF0001B785A1E89B2A84B5200D1526FE00C2583
:105000007B191B785A1E0A26BB191C78B91CA348A9
:1050100013009B009B185B009B181B195B001B5A1D
:105020000B80BB1C1B88DB089AB27B1D1A70BB1C53
:105030001B88DAB23B1D07210A401A707B1D1B78C2
:105040005A1E954B5200D35A19003B1D1B78013B49
:10505000802212021A4113000B401ED1BB191B788B
:10506000013B8F4A0121D1547B191B785A1E8A4B70
:105070005200D35A1AB2BB191B78013B8021090296
:1050800019410B001BB2134319B27B191B785A1E2E
:1050900089B2814B5200D15221E00A203B181B7883
:1050A000013B7F4A0021D1540C243B191B785A1E26
:1050B000794B5200D35A1BB23A181278013A802128
:1050C000090211410A0012B2D24312B2134019B2BE
:1050D0003B191B785A1E89B26F4B5200D1520A21DC
:1050E0007B181A787B1801321A700A23FB181B7878
:1050F0000A2B00D84FE70C243B191B78190001201C
:1051000000F0F8FA20003B181B78013B654AD35C9D
:105110005A1E7B1D64498A5C1A703C1D7B1D1A78DF
:1051200005003B181B781100180000F0E3FA03009B
:1051300023707A1D7B1912781B789A4206D03B1D8A
:105140001B78013B564AD35C012B02D1544B012200
:105150009A720C243B191B780B220E21180006F0C2
:10516000D7FA0A2014F074FA21007B181A787B18F9
:10517000013A1A700C23FB181B78012B00D905E7A4
:105180000923FB1801221A701DE0484B1B780921E6
:105190007A1812789A4210D07A180823FB181278DD
:1051A0001B789A4209D07B181B78180010F028FC55
:1051B00003000021180010F04DFC09217B181A781B
:1051C0007B1801321A700923FB181B78052BDCD9D8
:1051D0000F23FB181B78002B25D10C23FB18022270
:1051E0001A7019E00C243B191B78002201211800C9
:1051F00006F08EFA3B191B78013B2A4AD35C1A0051
:1052000013009B009B185B00180014F021FA3B1957
:105210001A783B1901321A70254B1B780C22BA18E8
:1052200012789A42DED90F23FB181B78002B2CD161
:105230000BF0B4FCFEF7A8FF642014F009FA0C236D
:10524000FB1802221A7019E00C243B191B7800226B
:105250001521180006F05CFA3B191B78013B114A36
:10526000D35C1A0013009B009B185B00180014F01D
:10527000EFF93B191A783B1901321A700C4B1B7865
:105280000C22BA1812789A42DED90F23FB181B7829
:105290001800BD4605B0F0BDD81A00200417002044
:1052A000E00B00204019002094230020B00A0020C9
:1052B0007C00002080B586B002AF0200FB1D1A7092
:1052C0000E23FB1800221A700F23FB1801221A70FC
:1052D00028E00F217A18FB1D12781B789A421BD008
:1052E000164B1B881B0A9BB2DAB2154B1A70134B74
:1052F0001B88DAB2124B5A70114B7A1812789A70D6
:105300007B181878032300930A230022002106F05B
:10531000D7FA052014F09CF90F217B181A787B1816
:1053200001321A700F23FB181B78052BD1D90E23DD
:10533000FB181B781800BD4604B080BD7A00002021
:10534000E00B0020F0B58DB000AF1F23F9180870F6
:1053500069460E0013211823CB18D91900200870B4
:1053600017211823CB18D9190020087016211823EB
:10537000CB18D9190020087015201823C318D91983
:105380000020087014201823C318D91900200870B1
:10539000D5490978080001387862396100207861C0
:1053A0003A697B691000400F3A617B61DD0005437B
:1053B0003B69DC003960002078603C687D68230030
:1053C000580F2B00DB00FB60FB680343FB602300EE
:1053D000DB00BB600B000733DB08DB006A46D31A37
:1053E0009D466B4600333B6216211823CB18DB1910
:1053F00000221A7018E016201823C318DB191B7836
:105400003A6A0021D1541823C318DB191A78B74B14
:1054100052000021D1521823C318DB191A7818231F
:10542000C318DB1901321A70AF4B1B7816221821F2
:105430005218D21912789A42DDD315211823CB18AD
:10544000DB1918228A18D219127801321A701F2318
:10545000FB181B78013B3A6A080018240919C9197E
:105460000978D1541823C318DB1918228218D219CD
:10547000127801321A70172318229B18DB190122A7
:105480001A7054E01F23FB181B785A1E1724182388
:10549000E318DB191878964913009B009B185B00F2
:1054A0009B181B185B005B5A002B36D01F23FB1880
:1054B0001B785A1E8D4B5200D35A1AB22000182363
:1054C000C318DB191B78013B012199400B001BB26B
:1054D000134319B21F23FB181B785A1E89B2834B42
:1054E0005200D1521F23FB181B785A1E1823C318D1
:1054F000DB1918787E4913009B009B185B009B18F2
:105500001B185B005B5ADB089BB2013B3A6A152112
:1055100018200918C9190978D15417211823CB1854
:10552000DB191A781823CB18DB1901321A701723EC
:1055300018229B18DB191B78062BA3D914231822D9
:105540009B18DB1900221A7015221823D318DB19B7
:1055500018215218D219127801321A701623182203
:105560009B18DB1900221A70A2E0162318229B1840
:10557000DB191B783A6AD35C1A00152318215B18D3
:10558000DB191B78013B9A4200D087E017231822D1
:105590009B18DB1901221A7078E016241823E318EF
:1055A000DB191A7817251823EB18DB1918785049DE
:1055B00013009B009B185B009B181B185B005B5A39
:1055C000002B59D01823E318DB191A781823EB188D
:1055D000DB191878464913009B009B185B009B1849
:1055E0001B185B005B5ADB089BB2013B3A6AD35C39
:1055F000002B41D120001823C318DB191A783B4B2C
:105600005200D35A1AB22C001823E318DB191B7866
:10561000013B012199400B001BB2134319B218231F
:10562000C318DB191A7889B2304B5200D1521823B3
:10563000C318DB191A781823E318DB1918782C49DA
:1056400013009B009B185B009B181B185B005B5AA8
:10565000DB089BB2013B3A6A152118200918C919C9
:105660000978D15414221823D318DB1918215218A1
:10567000D219127801321A7017211823CB18DB19AE
:105680001A781823CB18DB1901321A701723182245
:105690009B18DB191B78062B00D87EE716211823F0
:1056A000CB18DB191A781823CB18DB1901321A70C2
:1056B0000D4B1B78162218215218D21912789A42D3
:1056C00000D252E7142318229B18DB191B78002BF9
:1056D00000D033E7132318229B18DB191B78B5463B
:1056E0001800BD460DB0F0BD7C000020381600202B
:1056F00004170020B0B594B000AF0200FB1D1A7073
:10570000BB1D0A1C1A700823FB1800221A60043300
:105710002E22002118001FF054FE3B23FB1800220C
:105720001A704F23FB1800221A703A23FB1800222C
:105730001A704E23FB1800221A709F4B1A22002168
:1057400018001FF03EFEFB1D1B78013B9B4A002109
:10575000D154FB1D1B78013B994A0021D1540123F0
:10576000BB6432E0FB1D1B785A1E964913009B0058
:105770009B185B009B18BA6C9B185B005B5A002B54
:1057800020D0FB1D1B785A1E8E4913009B009B18CE
:105790005B009B18BA6C9B185B005B5ADB089AB2E3
:1057A000BB1D1B789BB29A420CD1BB1D1B78013BE1
:1057B000824A0121D154804BBA1D12781A70BB6CF9
:1057C000DBB2F5E0BB6C0133BB64BB6C062BC9DDFF
:1057D00001237B6411E0FB1D1B787A6C9A4209D08F
:1057E0007B6C013B754AFF21D1547B6C013B744AB1
:1057F0000021D1547B6C01337B64734B1B781A00FE
:105800007B6C9342E7DD77E008243A196B4B11007B
:10581000180000F0DBF803001A004F217B1801325A
:105820001A707A18BB1D12781B789A426DD07B18BB
:105830001B78013B3A190121D1544323FB18012263
:105840001A7054E04F243B191B785A1E43257B19CC
:1058500018785C4913009B009B185B009B181B1871
:105860005B005B5A002B3CD03B191B785A1E7B19FE
:105870001878544913009B009B185B009B181B1859
:105880005B005B5ADB089AB23A217B181A707B18CE
:105890001B78013B0822BA18D35C002B21D13B199D
:1058A0001B78013B454AD25C3B203B1801321A7001
:1058B0007B181B78013B414AD35C05003A181278EB
:1058C0009A420ED208007B181B78013B3B4A79199B
:1058D0000978D1543B181B78013B394A39190978AA
:1058E000D15443217B181A787B1801321A70432354
:1058F000FB181B78062BA5D90823FB18180000F00D
:10590000A9F8031E00D17FE700E0C04613E04E2255
:10591000BB181B78BA18591C11701900264B4F2060
:105920003A1812785A5401007B181B785A1E7B18BB
:1059300023498A5C1A704F23FB181B78013B204ACD
:10594000D35C002BE3D10123FB632DE0FB1D1B780F
:105950005A1E1C4913009B009B185B009B18FA6B96
:105960009B185B005B5A002B1BD0FB1D1B785A1E3B
:10597000144913009B009B185B009B18FA6B9B1843
:105980005B005B5ADB089BB2BA1D1278013A0B49E7
:105990008A5C013A08498A5C934202D1FB6BDBB214
:1059A00006E0FB6B0133FB63FB6B062BCEDD0023B4
:1059B0001800BD4614B0B0BD94230020401900204B
:1059C0005C190020041700207C00002080B584B002
:1059D00000AF786039600F217B18FF221A700E2308
:1059E000FB1800221A703B681B78002B03D17B1830
:1059F0007A6812781A700023BB601BE0BB687A6873
:105A0000D3181B780F217A1812789A420FD9BB68E5
:105A10003A68D3181B78002B09D1BB687A68D21872
:105A20007B1812781A700E23FB18BA681A70BB68BC
:105A30000133BB60064B1B781A00BB689342DDDB69
:105A40000E23FB181B781800BD4604B080BDC0466D
:105A50007C00002080B584B000AF78600F23FB1875
:105A600001221A700023BB600CE0BB687A68D3186F
:105A70001A780F217B18791809780A401A70BB68C8
:105A80000133BB60064B1B781A00BB689342ECDB0A
:105A90000F23FB181B781800BD4604B080BDC0461C
:105AA0007C000020F0B587B002AF0200FB1D1A7029
:105AB000854A864B110018001FF004FC834B180028
:105AC000FAF72CFB03009AB28049FB1D18780123DA
:105AD0005B42009332230FF0DDFE0F23FB180122FF
:105AE0001A701BE00F243B191A787949774B18007C
:105AF0001FF0E8FB754B1800FAF710FB03009AB291
:105B00007249FB1D187801235B42009332230FF08A
:105B1000C1FE3B191A783B1901321A700F23FB188A
:105B20001B78052BDED96B49FB1D187801235B42DE
:105B30000093322303220FF0ADFE0E23FB18002248
:105B40001A70ABE00E243B191B785A1C62495F4B5C
:105B500018001FF0B7FB5D4B1800FAF7DFFA0300DF
:105B60009AB25A49FB1D187801235B4200933223F5
:105B70000FF090FE3B191A78584B16214A43D35A1E
:105B80001A0013005B009B185B00554A99184F4B95
:105B9000052218001FF049FC4C49FB1D1878012311
:105BA0005B420093322305220FF074FE4D49FB1D2A
:105BB000187801235B420093322301220FF06AFE22
:105BC0000D23FB1801221A7053E00E23FB181A78DC
:105BD0000D23FB181878414913009B009B185B00AC
:105BE0009B181B185B005B5A002B06D13E49374BB4
:105BF000002218001FF066FB26E00E257B191A789C
:105C00000D26BB191878354913009B009B185B00C3
:105C10009B181B185B005B5ADB089BB21C007B19AE
:105C20001A78BB1918782D4913009B009B185B004C
:105C30009B181B185B005B5A1A00072313402B4963
:105C4000224822001FF03EFB204B1800FAF766FAAC
:105C500003009AB21D49FB1D187801235B42009393
:105C600032230FF017FE0D217B181A787B180132B2
:105C70001A700D23FB181B78052BA6D91C49FB1D98
:105C8000187801235B420093322302220FF002FEB8
:105C90000E217B181A787B1801321A70154B1B786D
:105CA0000E22BA1812789A4200D24BE71249FB1D15
:105CB000187801235B420093322301220FF0EAFDA2
:105CC000C046BD4605B0F0BD20A70208C0090020AF
:105CD00034A702083CA7020840A7020804170020C6
:105CE00028A102084CA7020850A7020854A70208DE
:105CF0005CA702087C00002060A7020890B587B06E
:105D000002AF0200FB1D1A703C4A3D4B1100180007
:105D10001FF0D8FA3A4B1800FAF700FA03009AB2CB
:105D20003749FB1D187801235B42009332230FF0A3
:105D3000B1FD0F23FB1801221A703EE00E23FB1861
:105D400001221A702EE00F203B181B785A1E2D4B93
:105D50005200D35A19000E243B191B78013B8022B4
:105D600012021A4113000B4016D03B181A783B1947
:105D70001B78254922481FF0A5FA214B1800FAF795
:105D8000CDF903009AB21E49FB1D187801235B422E
:105D9000009332230FF07EFD0E217B181A787B18BA
:105DA00001321A700E23FB181B780A2BCBD90F2156
:105DB0007B181A787B1801321A70144B1B780F224B
:105DC000BA1812789A42B9D9114A0D4B110018002D
:105DD0001FF078FA0A4B1800FAF7A0F903009AB2FC
:105DE0000749FB1D187801235B42009332230FF013
:105DF00051FDC046BD4605B090BDC04664A702082F
:105E0000C0090020D81A002080A702087C000020CA
:105E100094A70208F0B589B002AF0200FB1D1A700A
:105E20001223FB1800221A8013F08AFD0300FB6086
:105E3000FB6800221A70C74B1B781A00C649C74B73
:105E400018001FF03FFAC54AFB68110018001FF048
:105E5000C0FAC34B1B781A00C249C04B18001FF090
:105E600031FABE4AFB68110018001FF0B2FABE49B1
:105E7000BA4800230093042300221FF023FAB74AF4
:105E8000FB68110018001FF0A4FAB84AB849B34BD8
:105E900018001FF017FAB14AFB68110018001FF034
:105EA00098FAB44AB449AD4B18001FF00BFAAB4A4C
:105EB000FB68110018001FF08CFAB04AA74B1100C4
:105EC00018001FF0FFF9A54AFB68110018001FF029
:105ED00080FA1723FB1801221A7048E017243B1997
:105EE0001A78A7499D4B18001FF0ECF99B4AFB68F4
:105EF000110018001FF06DFA3B191B78A14AD35C02
:105F0000042B27D89A00A04BD3181B689F469F4AA2
:105F1000924B110018001FF0D5F91CE09C4A8F4BE2
:105F2000110018001FF0CEF915E09A4A8B4B1100B2
:105F300018001FF0C7F90EE0974A884B11001800AF
:105F40001FF0C0F907E0954A844B110018001FF0BC
:105F5000B9F900E0C046814AFB68110018001FF043
:105F600038FA17217B181A787B1801321A70172318
:105F7000FB181B78052BB1D9894A784B1100180002
:105F80001FF0A0F9754AFB68110018001FF021FAF4
:105F90001623FB1801221A7043E016217B181B7888
:105FA0005A1E804B9200D3581B68002B0DD17B18D2
:105FB0001A787D49694B18001FF084F9674AFB681D
:105FC000110018001FF005FA25E01626BB191C78F1
:105FD000BB191B785A1E734B9200D3589B6A18004A
:105FE0000BF0AEF903001D00BB191B785A1E6F4B56
:105FF0009200D35818000BF0A3F903006C495748DE
:1060000000932B0022001FF05DF9544AFB68110039
:1060100018001FF0DEF916217B181A787B18013260
:106020001A701623FB181B78062BB6D9FB681800CC
:10603000FAF774F803001A00FB689A185D4B100019
:10604000190003231A001FF0E4FAFB681800FAF79E
:1060500065F803001A00FB689A18574B10001900E6
:106060001D231A001FF0D5FAFB681800FAF756F83E
:1060700002001223FB181A801523FB1801221A7044
:1060800023E0344B1B785A1E4C4B5200D35A190054
:1060900015203B181B78013B802212021A41130085
:1060A0000B400CD03B181A7845492C4B18001FF0B8
:1060B00009F92A4AFB68110018001FF08AF9152116
:1060C0007B181A787B1801321A701523FB181B787D
:1060D000052BD6D91223FB181C88FB681800FAF789
:1060E0001DF803009C420ED1FB681800FAF716F861
:1060F00003001A00FB689A18324B100019000523A0
:106100001A001FF086FAFB681800FAF707F8030078
:106110001A00FB689A18274B1000190003231A0075
:106120001FF077FAFB1D1B78002B0ED0FB681800C0
:10613000F9F7F4FF03009AB2F968FB1D1878012300
:106140005B42009332230FF0A5FBC046BD4607B06B
:10615000F0BDC0460C1B0020B4A70208C0090020F7
:10616000B00A0020D0A70208ECA702080CA8020879
:1061700018A8020830A802083CA8020858A802087B
:106180006CA80208C00A002070A9020874A80208BE
:106190007CA8020894A80208A0A80208BCA80208CB
:1061A000DCA80208A4330020F4A80208F021002093
:1061B00010A902085CA7020840A90208D81A00200A
:1061C00060A9020868A9020890B585B000AF7860A0
:1061D0000E23FB1800221A700F23FB1800221A70DE
:1061E0004A4A7B6811001800F9F78EFF031E03D19D
:1061F000474B1B781BB285E0464A7B6811001800AC
:10620000F9F782FF031E01D1FF237BE07B681B7837
:10621000232B25D17B68013318001DF0D8FC020028
:106220000E217B181A700A00BB181B78002B0AD0AD
:10623000394B1B781100BA1812789A4203D87B1890
:106240001B781BB25EE0324B1B780E22BA18127814
:106250009A4203D12E4B1B781BB253E0662351E0C8
:106260000F23FB1800221A701DE00F243B191A7827
:1062700013009B009B185B00284A9A187B6811004A
:106280001800F9F741FF031E07D17B681B78002B2C
:1062900003D03B191B781BB234E00F217B181A780E
:1062A0007B1801321A701C4B1B780F217A18127858
:1062B0009A42DAD37B1800221A701DE00F243B1992
:1062C0001A7813009B009B185B00154A9A187B688C
:1062D00011001800F9F718FF031E07D13B191B78AE
:1062E0001B021BB2FE2213431BB20BE00F217B18D3
:1062F0001A787B1801321A700F23FB181B78092BB0
:10630000DCD964231800BD4605B090BD84A90208FD
:106310000C1B002088A902087C00002078190020AE
:10632000140A0020B0B586B000AF02003960FB1D32
:106330001A701323FB1800221A7000237B610023BC
:106340007B610FE07B699A00404BD2183B681100DB
:106350001800F9F7D9FE031E01D1062371E07B690D
:1063600001337B617B69032BECDD01237B6112E050
:106370007A6913009B009B185B00354A9A183B68AA
:1063800011001800F9F7C0FE031E01D1072358E0E1
:106390007B6901337B612F4B1B781A007B69934229
:1063A000E6DB00237B6112E07A6913009B009B18F7
:1063B0005B00294A9A183B6811001800F9F7A4FEFF
:1063C000031E01D107233CE07B6901337B617B69BC
:1063D000092BE9DD214B224A1A6019E01F4B1B688B
:1063E0001B681B68FB60FB681800F9F797FE030049
:1063F000BB60BA68F9683B6818001FF005F8031E17
:1064000001D108231DE0154B1B685A68134B1A6015
:10641000124B1B68002BE1D1FB1D1A7813009B0067
:106420009B185B000A4A9B183A68110018001FF07D
:10643000E8F813257C19FDF7E3FE030023707B19B0
:106440001B781800BD4606B0B0BDC04654A2020875
:10645000781900207C000020140A00203C1B00203A
:106460004C02002080B588B000AF02003960FB1DEF
:106470001A701723FB1800221A700023FB610023F7
:10648000BB610023FB6129E0FA6913009B009B18A4
:106490005B005B4A9A183B6811001800F9F734FE5C
:1064A000031E18D1FB1D1B785A1E564B5200D35A9F
:1064B0001AB20121FB6999400B001BB2134319B2B8
:1064C000FB1D1B785A1E89B24E4B5200D152172326
:1064D000FB181B7890E0FB690133FB61FB69092B1A
:1064E000D2DD0023BB610FE0BB699A00464BD21896
:1064F0003B6811001800F9F707FE031E01D10623BF
:106500007AE0BB690133BB61BB69032BECDD01237E
:10651000BB6112E0BA6913009B009B185B003B4A09
:106520009A183B6811001800F9F7EEFD031E01D11F
:10653000072361E0BB690133BB61354B1B781A004F
:10654000BB699342E6DB334B334A1A6019E0314BA7
:106550001B681B681B683B613B691800F9F7DEFD8F
:106560000300FB60FA6839693B6818001EF04CFFB5
:10657000031E01D108233FE0264B1B685A68254BB8
:106580001A60244B1B68002BE1D10023FB6118E04B
:106590001B49FA6913009B009B185B005B5C002B96
:1065A0000CD1FA6913009B009B185B00144A9B18DE
:1065B0003A68110018001FF024F805E0FB69013368
:1065C000FB61FB69092BE3DDFB1D1B785A1E0D4B9C
:1065D0005200D35A1AB20121FB6999400B001BB239
:1065E000134319B2FB1D1B785A1E89B2054B52008A
:1065F000D1521723FB181B781800BD4608B080BD88
:10660000140A0020A41A002054A2020878190020BD
:106610007C000020401B00204C02002080B586B08A
:1066200000AFB9607A6019000F23FB18021C1A70C2
:106630000E203B180A1C1A701623FB1820221A8001
:106640007A6880231B059A4200D3D4E07B68DAB2D3
:10665000E54B1A70E44B3A1812785A703B181B78C5
:10666000082B00D9BDE19A00E04BD3181B689F4668
:10667000BB681B78DAB2DC4B9A700F23FB181B78CF
:1066800003222021180005F043F8B4E1BB681B7811
:106690005BB2DAB2D44B9A700F23FB181B7803223B
:1066A0002021180005F034F8A5E1BB681B889BB2D7
:1066B000DAB2CD4B9A70BB681B889BB21B0A9BB2A7
:1066C000DAB2C94BDA700F23FB181B7804222021A1
:1066D000180005F01DF88EE1BB681B881BB2DAB20A
:1066E000C14B9A70BB681B881BB21B121BB2DAB27B
:1066F000BD4BDA700F23FB181B78042220211800F1
:1067000005F006F877E1BB681B68DAB2B64B9A7001
:10671000BB681B681B0ADAB2B34BDA70BB681B6834
:106720001B0CDAB2B04B1A71BB681B681B0EDAB2D5
:10673000AD4B5A710F23FB181B780622202118003D
:1067400004F0E6FF57E1BB681B68DAB2A64B9A700B
:10675000BB681B681B12DAB2A34BDA70BB681B68FC
:106760001B14DAB2A04B1A71BB681B681B16DAB295
:106770009D4B5A710F23FB181B780622202118000D
:1067800004F0C6FF37E1BB681B78DAB2964B9A700B
:10679000BB6801331B78DAB2934BDA70BB68023303
:1067A0001B78DAB2904B1A71BB6803331B78DAB2EC
:1067B0008D4B5A71BB6804331B78DAB28A4B9A71DD
:1067C000BB6805331B78DAB2874BDA71BB680633D6
:1067D0001B78DAB2844B1A72BB6807331B78DAB2C3
:1067E000814B5A720F23FB181B780A2220211800B4
:1067F00004F08EFFFFE07C4B00221A707A4B0E21D2
:106800007A1812785A707B681B0EDAB2764B9A703F
:106810007B681B0CDAB2744BDA707B681B0ADAB245
:10682000714B1A717B68DAB26F4B5A717B181B7807
:10683000082B00D9DEE09A006D4BD3181B689F46E9
:10684000BB681B78DAB2684B9A711623FB1819885B
:106850000F23FB181B780722180004F059FFCAE029
:10686000BB681B785BB2DAB25F4B9A711623FB18D8
:1068700019880F23FB181B780722180004F048FF23
:10688000B9E0BB681B889BB2DAB2574B9A71BB6800
:106890001B889BB21B0A9BB2DAB2534BDA711623E8
:1068A000FB1819880F23FB181B780822180004F026
:1068B0002FFFA0E0BB681B881BB2DAB24A4B9A716B
:1068C000BB681B881BB21B121BB2DAB2464BDA71D3
:1068D0001623FB1819880F23FB181B7808221800B1
:1068E00004F016FF87E0BB681B68DAB23E4B9A7172
:1068F000BB681B681B0ADAB23B4BDA71BB681B68CA
:106900001B0CDAB2384B1A72BB681B681B0EDAB26A
:10691000354B5A721623FB1819880F23FB181B7866
:106920000A22180004F0F4FE65E0BB681B68DAB2C6
:106930002D4B9A71BB681B681B12DAB22A4BDA71B5
:10694000BB681B681B14DAB2274B1A72BB681B6842
:106950001B16DAB2244B5A721623FB1819880F2320
:10696000FB181B780A22180004F0D2FE43E0BB6833
:106970001B78DAB21C4B9A71BB6801331B78DAB210
:10698000194BDA71BB6802331B78DAB2164B1A72F4
:10699000BB6803331B78DAB2134B5A72BB680433FB
:1069A0001B78DAB2104B9A72BB6805331B78DAB2E7
:1069B0000D4BDA72BB6806331B78DAB20A4B1A73D6
:1069C000BB6807331B78DAB2074B5A731623FB18E0
:1069D00019880F23FB181B780E22180004F098FE6C
:1069E00009E0C04607E0C046E00B00208CA9020881
:1069F000B0A90208C0463B6A002B13D016F066F916
:106A000003003B61C0460A4B1B78002B07D016F0F1
:106A10005DF902003B69D31A3A6A9A42F3D8044BF3
:106A20001B7800E000231800BD4606B080BDC046BC
:106A30002D1B0020B0B584B002AF1E201DF0CEF893
:106A400003007B607B681E22002118001EF0B9FC49
:106A50000C4B1B7D5A1E0C4B9200D258094B9B7D50
:106A60001D00084B5B7D1C00064B1B8B074978689B
:106A7000019300942B001EF025FC7B681800BD4696
:106A800002B0B0BD101B002000000020FCA90208CD
:106A900090B587B004AF0200FB1D1A70BB1D0A1C25
:106AA0001A700D4B19780C4B1C78BB1D1A78FB1D06
:106AB00018780123039301235B42029301235B4275
:106AC000019302230093230005F06EF903001800E0
:106AD000BD4603B090BDC0460C1B002080B588B0F9
:106AE00006AF0200FB1D1A70BB1D0A1C1A700023A2
:106AF00004930023039300230293002301930023B4
:106B000000930023002200210020FDF7E1FBFB1D84
:106B10001B785A1E1F4B9200D3581B68002B14D0B1
:106B2000BB1D1B785A1E1B4B9200D3581B68002BB1
:106B30000BD0FB1D1B7818000BF07CFFBB1D1B78D6
:106B400018000BF077FF002320E0FB1D1B785A1E76
:106B5000104B9200D3581B68002B06D0FB1D1B78EE
:106B600018000BF067FF002310E0BB1D1B785A1EB6
:106B7000084B9200D3581B68002B06D0BB1D1B7816
:106B800018000BF057FF002300E068231800BD46F3
:106B900002B080BDA433002080B584B000AFF8609F
:106BA000B960FB1D1A70FB68002B2FD0BB68002B4F
:106BB0002CD0FB1D1B78033B042B29D89A00164BC5
:106BC000D3181B689F46F968BB68022218001EF0A4
:106BD00020FD1EE0F968BB68022218001EF019FDB6
:106BE00017E0F968BB68042218001EF012FD10E0DF
:106BF000F968BB68042218001EF00BFD09E0F96873
:106C0000BB68042218001EF004FD02E0C04600E04C
:106C1000C046BD4604B080BDD4A9020880B584B08A
:106C200000AFF860B960FB1D1A70BB68002B2FD055
:106C3000FB68002B2CD0FB1D1B78033B042B29D8B1
:106C40009A00164BD3181B689F46B968FB6802224E
:106C500018001EF0DEFC1EE0B968FB680222180076
:106C60001EF0D7FC17E0B968FB68042218001EF07C
:106C7000D0FC10E0B968FB68042218001EF0C9FCC3
:106C800009E0B968FB68042218001EF0C2FC02E0AB
:106C9000C04600E0C046BD4604B080BDE8A9020879
:106CA000B0B588B002AF78600D23FB1800221A70CF
:106CB0001723FB1800221A7000233B610E23FB18D8
:106CC00000221A8001235B421900012015F034FADA
:106CD00012F036FE03003B61784B9A68E1231B03F8
:106CE0009A421ED01623FB1801221A7014E0744B2E
:106CF0001B7816217A1812789A4207D0E1231A03DA
:106D00007B181B78110018000EF05AFE16217B1814
:106D10001A787B1801321A701623FB181B78052B82
:106D2000E5D9684B1B781C00674B1B881A001300C1
:106D30005B009B185B00654A9A18614B1B7864499D
:106D400064480093130022001EF0BCFA5C4B1C78D0
:106D5000614B1D68604B1B681800F9F7DFF90300F1
:106D60009AB20A23290020000EF0EAFD544B1C7849
:106D7000584B1800F9F7D2F903009AB255490A2383
:106D800020000EF0DDFD554B1B78012B00D091E06B
:106D9000534B1A780D217B181A70514B00221A7030
:106DA0004E4B00221A70464B18780C0079180A23B3
:106DB00001220EF0C5FD3B191B787F2B3CD050DC27
:106DC0000D2B05D04DDC082B36D00A2B6DD048E0BA
:106DD0003B4B1C78434B1D68424B1B681800F9F76E
:106DE0009DF903009AB20A23290020000EF0A8FDA5
:106DF0001723FB181B785BB2002B05D13A4A3B4B9B
:106E0000110018001EF0FDFB2D4B18783B69374A26
:106E1000012100F06FF8354A334B110018001EF0C5
:106E2000F0FB1723FB1800221A70304B322200218E
:106E300018001EF0C6FA3DE017217B181B785BB2E4
:106E4000002B34DD7B181B785BB2DBB2013BDAB27E
:106E50007B181A707B181B785BB2244A0021D1542E
:106E600025E00D203B181B785A1C214BD3181B78AA
:106E70001A00972313401CD017217B181B785BB294
:106E8000312B16DC3B181A7808007B181B785BB294
:106E900051B2164AD15401007B181B785BB2DBB2A9
:106EA0000133DAB27B181A7003E0C04602E0C04634
:106EB00000E0C04612F0BCFF65E7C046101B002092
:106EC000B00A00200C1B00207A00002028A1020834
:106ED000FCAC0208941B00209C000020B60A002095
:106EE000E1290020A0000020581C0020241C0020C4
:106EF00028D20208F0B58DB002AFBA607B600F23D4
:106F0000FB18021C1A700E23FB180A1C1A7014239B
:106F1000FB1800221A6004330522002118001EF01D
:106F200050FA00233B621E23FB1800221A80BB6824
:106F3000180000F09DFAC94B1B78002B22D1C849DC
:106F4000BB68032218001EF05FFA031E1AD1BB684B
:106F500003331900012000F0C1FA031E09D0C14A11
:106F60007B68110018001EF0ADF9BC4B00221A70AE
:106F700005E0BA4B02221A707B680D221A700023BA
:106F80007B6217E2B54B1B78002B18D0B649BB6863
:106F9000062218001EF038FA031E10D1AF4B002253
:106FA0001A70B24B1900032000F098FAB04A7B68BF
:106FB000110018001EF086F900237B62FAE1A74B4E
:106FC0001B78022B13D1BB681900022000F086FA4F
:106FD000031E06D0A34A7B68110018001EF072F948
:106FE00002E07B680D221A7000237B62E2E1BB683D
:106FF0002E2118001EF0FAF903003B623B6A002BB9
:1070000000D1CEE13B6A033B9A49032218001EF0EF
:10701000FBF9031E00D1C4E13B6A01331B785A1C03
:10702000954BD3181B781A000423134000D0B8E105
:107030003A6ABB68D31A1A00B96814257B1918007C
:107040001EF0F3F91E26BC197B191800FFF7BCF8D7
:1070500003002380BB1900229B5E884A127893426A
:107060000AD13B6A0133992292007968180012F024
:10707000D9FB03007B629DE11E23FB1800229B5E6F
:10708000642B08D17E4A7B68110018001EF01AF9A3
:1070900000237B628EE11E23FB1800229B5E662B81
:1070A00008D1784A7B68110018001EF00BF9002304
:1070B0007B627FE11E23FB1800229B5EFF2B48D1E1
:1070C000714B1A22002118001EF07BF93B6A5C1CF0
:1070D000BB681800F9F722F805001426BB19180040
:1070E000F9F71CF80300EB1A5A1E684B2100180030
:1070F0001EF09BF9614B1D78BB681800F9F70EF87C
:1071000003009CB2BB191800F9F708F803009BB202
:10711000E31A9BB21722FF21280004F0AFFA3B6A62
:107120000133992292007968180012F07BFB03006A
:107130007B627B681800F8F7F1FF03001A007B6898
:107140009A18534B100019001D231A001EF061FA03
:1071500030E11E22BB181B88DBB2FE2B59D1BB18B5
:1071600000229B5E1B121BB2DAB24A4B1A70464BCE
:107170001A22002118001EF024F93B6A5C1CBB682F
:107180001800F8F7CBFF05001423FB181800F8F7D8
:10719000C5FF0300EB1A5A1E3C4B210018001EF0DD
:1071A00044F9364B1D783B4B1E78BB681800F8F746
:1071B000B5FF03009CB21423FB181800F8F7AEFFCC
:1071C00003009BB2E31A9BB217223100280004F09F
:1071D00055FA2A4B1B785A1E2F4B5200D35A1A00CD
:1071E0002C4B1B781A4113000122134009D03B6A33
:1071F0000133992292007968180012F013FB030002
:107200007B621423FB187A68244978681EF05AF8C8
:10721000D0E03B6A01332249062218001EF0F4F840
:10722000031E43D11F4B1A7860218A431A701E2413
:107230003B191B88DBB200221921180004F068FA00
:10724000642012F005FA0D4B18783B191B88D9B24F
:10725000154B1A78002309F097FE7FE08A1C002066
:1072600028AD02082CAD020880AD020888AD0208E6
:107270008CAD0208D0AD020828D202080C1B0020F9
:10728000D4AD0208FCAD0208881A0020E00B0020F3
:1072900024AE02088B1C0020A41A002044AE020871
:1072A00070AE02082C1B0020B00A00203B6A5C1C58
:1072B000BB681800F8F732FF05001426BB19180048
:1072C000F8F72CFF0300EB1A5A1E614B210018003F
:1072D0001EF0ABF81E23FB181B88DDB2BB6818003C
:1072E000F8F71CFF03009CB2BB191800F8F716FF53
:1072F00003009BB2E31A9BB2013B9BB21A00172119
:10730000280004F005FA1E23FB1800229A5E51495A
:107310007B6818001DF0D6FF7B681B78002B13D00C
:107320000E23FB181B78002B0ED07B681800F8F793
:10733000F5FE03009AB279680F23FB181878012331
:10734000009332230EF0A6FA7B681800F8F7E6FEE9
:1073500002007B68002118001EF033F83E4B1B78BA
:1073600060221340DBB2602B18D1FA239B00190076
:10737000012014F0E1FE394B1B78002B0ED0384B66
:107380001B8801339AB2364B1A801E23FB18002249
:107390009B5E7A68334978681DF094FF00237B6216
:1073A00008E099239A007968BB68180012F03AFA4D
:1073B00003007B627B681B78002B14D00E23FB1824
:1073C0001B78002B0FD07B681800F8F7A7FE03008E
:1073D0009AB279680F23FB18187801235B42009357
:1073E00032230EF057FA7B681800F8F797FE020078
:1073F0007B68002118001DF0E4FF7B6A002B00D0A1
:1074000095E51423FB180922002118001DF0D9FF6F
:10741000154B1B78002B17D10E23FB181B78002B64
:1074200012D0124B1C68114B1B681800F8F776FE3F
:1074300003009AB20F23FB18187801235B420093D4
:10744000322321000EF026FAC046BD460BB0F0BD37
:10745000E00B002078AE02082C1B00202D1B002022
:10746000BC1B00209CAE02088A1C0020A400002047
:1074700080B584B000AF78600023FB6020E0FB683B
:107480007A68D2180B217B1812781A707B181B7837
:107490005A1C114BD3181B781A0003231340012BDD
:1074A00003D17B181B78203302E00B23FB181B78D9
:1074B000FA6879688A18DBB21370FB680133FB60E5
:1074C000FB687A68D3181B78002BD8D1C046C04619
:1074D000BD4604B080BDC04628D2020890B587B032
:1074E00000AF02003960FB1D1A7000237B6100238E
:1074F0003B613E4B1B785A1E13009B009B189B0060
:107500003B4A9B18FB60FB1D1B78032B05D065DCF9
:10751000012B08D0022B0CD060E0FB6801221A740A
:1075200009F01AFC5CE03B68180000F063F8030007
:1075300057E0FB68DB68002B2FD0FB68DB68180086
:10754000F8F7ECFD03003B61FB68DC683B68180062
:10755000F8F7E4FD02003B69D3180233190020005C
:107560001CF08AFD0300BB60BB68002B01D10E2319
:1075700037E0FB68BA68DA60FB68DA683B69D31801
:1075800013221A70FB68DA683B690133D3183A6832
:10759000110018001EF035F822E03B681800F8F7DB
:1075A000BDFD0300013318001CF018FB03001A0096
:1075B000FB68DA60FB68DB68002B07D1FB681422EC
:1075C000002118001DF0FDFE0E230AE0FB68DB68B9
:1075D0003A68110018001EF014F801E0FF2300E0E3
:1075E00000231800BD4607B090BDC046B50A002074
:1075F000C01B0020B0B58AB000AF78602723FB180D
:1076000000221A7000233B620023FB610023BB6150
:107610001723FB1800221A701623FB1800221A7079
:107620001523FB1800221A70A44B1B78042B01D9D8
:107630000E233EE1A14B1B781A0013009B009B1800
:107640009B009F4A9B183B613B690A22002118005E
:107650001DF0B7FE7B681B78622B00D08FE07B6843
:1076600002331B782E2B00D089E07B6801331B7816
:107670002F2B00D883E07B6801331B78352B00D992
:107680007DE07B6801331A7817243B19303A1A7071
:107690003B6901221A703B693A1912789A707B682B
:1076A00003338849072218001DF0AEFE031E18D1CF
:1076B0003B690522DA7020003B181A7882491300D2
:1076C0005B009B18CB1802331B781A000123134070
:1076D0004DD13B181B780122052118000CF0A8FAA7
:1076E00045E07B68033379490E2218001DF08CFEBB
:1076F000031E18D13B690622DA7017203B181A784E
:10770000714913005B009B18CB1802331B781A00D9
:10771000022313402BD13B181B78012206211800AD
:107720000CF086FA23E07B680333694908221800CD
:107730001DF06AFE031E18D13B690722DA7017207C
:107740003B181A78604913005B009B18CB18023372
:107750001B781A000323134009D13B181B78012220
:10776000072118000CF064FA01E06723A1E0534BF5
:107770001B780133DAB2514B1A70002399E0796813
:10778000544B312218001DF050FE524B3122002183
:107790009954514A4F4B110018001DF05BFE030035
:1077A0003B624D4B190000201DF054FE0300FB61AD
:1077B000494B190000201DF04DFE0300BB613B6AE0
:1077C000002B01D1672374E016257C193B6A180051
:1077D000FCF7FCFE0300237029007B181B78002BAC
:1077E00014D0FB69002B11D1BB69002B0ED13B6972
:1077F00002221A703B697A181278DA702F4B1B78C4
:107800000133DAB22D4B1A70002352E0FB69002BD2
:107810004ED0BB69002B4BD015257C19BB691800D5
:10782000FCF7D4FE0300237029007B181B78002B83
:107830000CD03B6904221A703B691622BA181278E0
:10784000DA703B697A181278DA711BE03B6903221F
:107850001A703B691622BA181278DA70BB691800E0
:107860001CF0AAF902000B0010001900FBF704FE3F
:10787000031CFB603B6906330C22B9180422180074
:107880001DF0C7FEFB691800FCF7D2FE03001A00CA
:107890003B695A703B695B78002B01D1672308E094
:1078A000064B1B780133DAB2044B1A70002300E058
:1078B00067231800BD460AB0B0BDC046B50A002017
:1078C000C01B0020BCAE020868340020C4AE020811
:1078D000D4AE02088C1C0020E0AE020890B587B040
:1078E00000AF0200FB1D1A701723FB1800221A704C
:1078F00000233B610023FB60FB1D1A7867491300DE
:107900009B009B189B005B5C042B00D1BCE000DD5E
:10791000BCE0032B2BD000DDB8E0012B03D0022B01
:1079200000D1B5E0B2E0FB1D1A78172439195B4885
:1079300013009B009B189B00C31802331B780B702D
:10794000FB1D1A78554913009B009B189B00CB1810
:10795000033319783B191A78514813005B009B18C0
:107960001B5C994201D1012394E0002392E0FB1DAE
:107970001A784A4913009B009B189B00CB180333CD
:107980001B781022BA181100180009F00FFDFB1D1A
:107990001A7813009B009B189B00404A9B18991D66
:1079A0000C23FB18042218001DF033FEFB1D1A786F
:1079B0003A4913009B009B189B00CB1801331B789E
:1079C000062B00D95EE09A00364BD3181B689F4601
:1079D0003B69FA68111C181CF8F77CFD031E00D1E6
:1079E00051E0012356E03B69FA68111C181CF8F7B6
:1079F0008BFD031E00D146E001234BE03B69FA6892
:107A0000111C181CF8F76CFD031E00D13BE03B690C
:107A10000021181CF8F75EFD031E00D033E001239F
:107A200038E03B69FA68111C181CF8F777FD031E53
:107A300000D128E001232DE03B69FA68111C181CD5
:107A4000F8F758FD031E00D11DE03B690021181C0A
:107A5000F8F740FD031E00D015E001231AE03B6952
:107A6000FA68111C181CF8F735FD031E00D00AE057
:107A70003B690021181CF8F72DFD031E00D002E021
:107A8000012307E0C04604E0C04602E0C04600E033
:107A9000C04600231800BD4607B090BDC01B0020A3
:107AA00068340020E4AE020880B582B000AF7B1DD0
:107AB00000221A70BB1D00221A8000233B6011F0C7
:107AC0003FFF03003B60BB1D00221A8043E0BB1D4B
:107AD0001A88274913009B009B189B00CB18103372
:107AE0001B78002B32D0BB1D1B88DBB21800FFF7C0
:107AF000F5FE031E2AD01F4B1A7860218A43111C01
:107B000020220A431A7010E01B4B18783B681B4A6E
:107B10000021FFF7EFF93B681800F8F7FFFA0200C1
:107B20003B68002118001DF04CFCBB1D1A88104951
:107B300013009B009B189B00CB180C331B680F4A4B
:107B40001100180000F01EF8031EDDD1BB1D1A88BD
:107B5000BB1D01321A800A4B1B781A00BB1D1B8803
:107B60009342B4D37B1D1B781800BD4602B080BD84
:107B7000C01B00202C1B0020B00A0020C01C0020CD
:107B8000B50A002090B583B000AF78603960314B02
:107B90001B785A1E304913009B009B189B00CB1882
:107BA0000C331B68002B01D100234FE02B4B1B68CB
:107BB000002B02D1294B7A681A60284B1B681B786E
:107BC000002B04D1254B00221A6000233EE0234BFA
:107BD0001B68132118001DF009FC0200204B1A60DD
:107BE0001F4B1B68002B1BD01C4B19681C4B1A68C1
:107BF0001A4B1B68D31A1A003B6818001DF015FCBD
:107C0000174B1A68154B1B68D31A1A003B689B1850
:107C100000221A70124B1B685A1C104B1A6014E099
:107C20000E4B19683B68312218001DF0FEFB3B68C3
:107C3000313300221A70094B1C683B681800F8F7B2
:107C40006DFA0300E218054B1A6001231800BD46C7
:107C500003B090BDB50A0020C01B0020F41C00201A
:107C6000F81C002080B500AFBFF34F8FC046044B17
:107C7000044ADA60BFF34F8FC046C046FDE7C046F6
:107C800000ED00E00400FA0580B500AFC046BD4637
:107C900080BD000080B500AF464B180011F09AFD82
:107CA000454B180011F096FD444B180011F092FD61
:107CB000434B180011F08EFD424B180011F08AFD65
:107CC000414B180011F086FD404B180011F082FD69
:107CD0003F4B180011F07EFD3E4B180011F07AFD6D
:107CE0003D4B180011F076FD3C4B180011F072FD71
:107CF0003B4B180011F06EFD3A4B180011F06AFD75
:107D0000394B180011F066FD384B180011F062FD78
:107D1000374B180011F05EFD364B180011F05AFD7C
:107D2000354B180011F056FD344B180011F052FD80
:107D3000334B180011F04EFD324B180011F04AFD84
:107D4000314B180011F046FD304B180011F042FD88
:107D50002F4B180011F03EFD2E4B180011F03AFD8C
:107D60002D4B180011F036FD2C4B180011F032FD90
:107D70002B4B180011F02EFD2A4B180011F02AFD94
:107D8000294B180011F026FD284B180011F022FD98
:107D9000274B180011F01EFD264B20221A70254B90
:107DA00021221A7009F013FBFFF76EFFC046BD4693
:107DB00080BDC046F8AF020890AF02082CB00208A0
:107DC0000CB202085CB2020894B20208E4B20208E3
:107DD00054B3020890B30208D0B3020874B4020886
:107DE000F0B4020848B5020898B5020830B6020897
:107DF00084B60208DCB602085CB7020898B702082D
:107E0000E8B7020838B8020898B80208E0B80208D3
:107E100028B9020870B90208B0B90208F8B9020816
:107E2000D8BA020854BB02089CBB0208ECBB02088B
:107E30005CBC0208B40A002080B586B000AFF860D0
:107E4000B9607A600B4B7B617A69FB68110018009E
:107E50001DF0D7FB7B691800F8F760F90200FB689A
:107E60009B18180014F024F800231800BD4606B033
:107E700080BDC0466CBC020880B586B000AFF8601B
:107E8000B9607A600B4B7B617A69FB68110018005E
:107E90001DF0B7FB7B691800F8F740F90200FB689A
:107EA0009B18180014F0AAF800231800BD4606B06D
:107EB00080BDC046BCBC020890B585B000AFF8607C
:107EC000B9607A601F4B1B7819001F4A0B009B009A
:107ED0005B185B009B5C002B09D11C4B1968194B8C
:107EE0001B781A00FB6818001DF0ECF911E0184B24
:107EF0001968144B1B781C00124B1B781A001300D6
:107F00009B009B185B00104A9B18F86822001DF02C
:107F1000D9F980235900A023DB050122180017F0AE
:107F2000E2FAC82011F094FB80235900A023DB055E
:107F30000022180017F0D7FA00231800BD4605B03C
:107F400090BDC0460C1B002078190020A80000201E
:107F5000AC000020B0B588B002AFF860B9607A60BC
:107F60001523FB1800221A70694A7B68012118004A
:107F700011F0EEFC0200674B1A60664B1B68002B89
:107F80002AD1654B1968654B1B781A00FB681800ED
:107F90001DF098F9624B1A68FB68110018001DF07B
:107FA00018FA604B1C78FB681800F8F7B7F8030064
:107FB0009AB2F96801235B420093322320000DF04E
:107FC00069FC594B594A1A60594B01221A700A2010
:107FD00011F03EFBFFF746FE4E4B18684C4B1B68FA
:107FE0001A00544B19001DF00FFA031E00D07AE05E
:107FF000514A7B680221180011F0AAFC02004F4B85
:108000001A604F4A7B680321180011F0A1FC02009E
:108010004C4B1A60494B1B681B785BB2232B0AD16F
:10802000464B1B68013318001BF0D1FD02001723DB
:10803000FB181A7003E01523FB1868221A70414BD5
:108040001B681B785BB2702B0AD13E4B1B68013357
:1080500018001BF0BCFD02001623FB181A7003E089
:108060001523FB1868221A702C4B1B7817257A19D8
:1080700012789A421FD0344B1A7860218A431A70C2
:10808000324B16243A1912781A707B191B78012288
:108090001A21180003F03CFB642011F0D9FA1F4BA1
:1080A0001878204B1A783B191C787B191978230013
:1080B00008F06AFF1BE016243B1918780023009390
:1080C00019230022002103F0FBFB642011F0C0FA09
:1080D000124B1878114B1978124B1A783B191B78F0
:1080E00008F052FF03E01523FB1868221A701523CD
:1080F000FB181B78682B06D1154B1A68FB6811001A
:1081000018001DF07EFA00231800BD4606B0B0BD71
:108110004C1D0020501D0020B00000200C1B002032
:1081200068000020B00A0020F03F0220EFBEADDE64
:10813000B20A002000BD0208541D0020581D002076
:108140005C1D0020601D00202C1B0020E00B002087
:10815000B4000020B0B588B002AFF860B9607A60B2
:1081600017257B1900221A70324B1A68FB68110020
:1081700018001DF046FA304B1C78FB681800F7F722
:10818000CDFF03009AB2F96801235B4200933223CA
:1081900020000DF07FFB7C19FCF75EFB03002370D1
:1081A0007B191B78002B23D1244B1968244B1B7897
:1081B0001A00FB6818001DF085F81F4B1C78FB683F
:1081C0001800F7F7ABFF03009AB2F96801235B428E
:1081D0000093322320000DF05DFB174B1B78180035
:1081E000FDF760FC144B1B781800FDF787FD16E0C7
:1081F000144B1A68FB68110018001DF002FA0E4BB0
:108200001C78FB681800F7F789FF03009AB2F96839
:1082100001235B420093322320000DF03BFB0A4A0E
:10822000FB68110018001DF04DF800231800BD4632
:1082300006B0B0BDB8000020B00A0020BC0000208D
:108240007C000020C000002004BD020880B584B07E
:1082500000AFF860B9607A60FFF704FDB0B586B092
:1082600000AFF860B9607A601723FB1800221A701B
:108270002D4A7B680121180011F06AFB02002B4B8C
:108280001A60294B1B68092B04DD284B1B68093336
:1082900000221A70264B1A78244B1B6817257C196C
:1082A00019001000FEF73EF8030023707B191B78BD
:1082B000002B0AD11F4B19681D4B1B781A001B4B52
:1082C0001B68F8681CF0FEFF28E01723FB181B78DA
:1082D000062B08D1184B1968144B1A68FB68180054
:1082E0001CF0F0FF1AE01723FB181B78072B08D1AE
:1082F000124B19680D4B1A68FB6818001CF0E2FF5E
:108300000CE01723FB181B78082B07D10C4B1968BE
:10831000064B1A68FB6818001CF0D4FF00231800F5
:10832000BD4606B0B0BDC046641D0020681D0020DB
:108330000C1B0020C4000020C8000020CC0000203E
:10834000D0000020B0B594B000AFF860B9607A609A
:108350004F23FB1800221A702023FB1800221A60FA
:1083600004332322002118001DF02BF84C23FB18A6
:1083700000221A804A243B1900221A8014257B19F6
:1083800000221A6004330622002118001DF019F89B
:108390009C4A7B680121180011F0DAFA02009A4B1E
:1083A0001A60994B1968974B1B681A007B191800C3
:1083B0001DF03BF83B1901221A804923FB180022CB
:1083C0001A701BE04923FB181A7813009B009B18B6
:1083D0005B008E4A9A181423FB1811001800F7F757
:1083E00093FE031E04D14A23FB1800221A800AE0E0
:1083F00049217B181A787B1801321A704923FB181F
:108400001B78092BDED9824B02221A70FA68814B45
:10841000100019000A231A001DF0FBF87C4B1B7892
:108420005BB219007C4A7B68180011F091FA0200D7
:108430007A4B1A605DE0794B1968774B1B681A001C
:1084400020243B1918001CF0F0FF734B1B68200020
:108450003A180021D1544C257C193B181800FDF71F
:10846000B3FE030023807B1900229B5E002B45DBBB
:108470007B191B88DBB24F257C191422BA18110016
:108480001800FDF7EFFF030023707B191B78002B0A
:1084900036D15F4B1B785BB2022B0EDDFB681800F8
:1084A000F7F73CFE03001A00FB689A185C4B1000BB
:1084B000190003231A001DF0ACF82023FA18FB68FA
:1084C000110018001CF085FF514B1B785BB2DBB22A
:1084D0000133DBB25AB24E4B1A704D4B1B785BB274
:1084E00019004D4A7B68180011F032FA02004B4B1C
:1084F0001A604A4B1B68002B9DD102E0C04600E089
:10850000C0464C23FB1800229B5E002B08DA454B2B
:1085100019682023FA18FB6818001CF0D3FE6CE0E1
:108520003B4B1B785BB2022B08D13F4B19681423DD
:10853000FA18FB6818001CF0C5FE5EE04F23FB181C
:108540001B78002B15D14A23FB1800229B5E002BC1
:108550000FD0364B19681423FA1820243B19180041
:108560001CF0B0FE3A19FB68110018001CF031FF36
:1085700043E04F23FB181B78002B15D14A23FB182F
:1085800000229B5E002B0FD1294B19681423FA1887
:1085900020243B1918001CF095FE3A19FB681100C5
:1085A00018001CF016FF28E04F23FB181B78062B41
:1085B00008D1204B19681423FA18FB6818001CF026
:1085C00081FE1AE04F23FB181B78072B08D11A4BAA
:1085D00019681423FA18FB6818001CF073FE0CE0ED
:1085E0004F23FB181B78082B07D1144B1968142351
:1085F000FA18FB6818001CF065FE00231800BD4641
:1086000014B0B0BD6C1D0020701D0020140A0020A5
:10861000741D002008BD0208781D00207C1D00206C
:1086200014BD0208D4000020D8000020DC00002087
:10863000E0000020E4000020E8000020EC00002022
:1086400080B584B000AFF860B9607A600020FDF7B3
:10865000E1FB00231800BD4604B080BD90B589B091
:1086600002AFF860B9607A6017217B1800221A7097
:10867000334B1B78012B04D97C180DF077FA0300DB
:1086800023702F4B1B781A002E49FB6818001CF032
:1086900019FE2D4B1C78FB681800F7F73FFD03000F
:1086A0009AB2F96801235B420093322320000DF057
:1086B000F1F8264AFB68110018001CF003FE224B5B
:1086C0001C78FB681800F7F729FD03009AB2F968D7
:1086D00001235B420093322320000DF0DBF81A4B9C
:1086E0001B781800FDF7DEF9174B1B781800FDF713
:1086F00005FB1723FB181B78022B15D1144AFB68C6
:10870000110018001CF0DEFD0F4B1C78FB681800F0
:10871000F7F704FD03009AB2F96801235B42009366
:10872000322320000DF0B6F80A4AFB681100180049
:108730001CF0C8FD00231800BD4607B090BDC04620
:108740007C00002018BD0208B00A002034BD0208D9
:1087500048BD020804BD0208F0B58BB002AFF86056
:10876000B9607A601D23FB1800221A700023BB61D8
:1087700000237B611F23FB1800221A701E243B1963
:1087800000221A701823FA187B680121180011F0D2
:10879000DFF802002F4B1A602E4B1B68BA692E4976
:1087A00018001CF031FE031E03D13B1901221A7080
:1087B0000CE0284B1B68BA69284918001CF024FEFD
:1087C000031E03D11E23FB1802221A701423FA1869
:1087D0007B680221180011F0BBF80200204B1A60E0
:1087E0001F4B1B681B785BB2702B09D11C4B1B689D
:1087F000013318001BF0EBF902001F23FB181A705D
:108800001D26BC191F257B191A781E23FB181B78FF
:10881000110018000BF00EF803002370BB191B7831
:10882000002B12D10B4B1B68BA699B1800221A70DF
:108830000C4B1968074B1A687B191C787B191B783D
:10884000F868009323001CF03DFD00231800BD468E
:1088500009B0F0BD801D00208CBD020898BD020843
:10886000841D0020F0000020F0B587B000AFF86054
:10887000B9607A601623FB1800221A7000233B614E
:1088800017243B1900221A701023FA187B68012163
:10889000180011F05DF80200164B1A60154B1B68AA
:1088A0001B785BB2702B08D1124B1B680133180088
:1088B0001BF08DF902003B191A701626BC191725FA
:1088C0007B191B7818000BF0E9F803002370BB1923
:1088D0001B78002B08D1084B19687B191A787B1973
:1088E0001B78F8681CF0EEFC00231800BD4607B0AA
:1088F000F0BDC046881D0020F4000020F0B5C6463B
:1089000000B592B004AFF860B9607A603723FB1805
:1089100000221A7000237B6200233B620023FB616C
:108920000023BB6100237B613023FB1800221A80E7
:108930000023FB623623FB1800221A703523FB1834
:1089400000221A703423FB1800221A702B23FB1804
:1089500000221A703323FB1800221A702423FA18FD
:108960007B680121180010F0F3FF0200CB4B1A6066
:10897000CA4B1B68CA49042218001CF045FD031E9F
:1089800000D020E22023FA187B680221180010F0A2
:10899000DFFF0200C34B1A60C04B1B68181D7B6AC7
:1089A000043B1A00C04B19001CF02EFD031E00D022
:1089B000A3E0BC4B1B683A6ABC4918001CF024FDBC
:1089C000031E1CD1BA4B1A7860210A431A70B84BA7
:1089D0001B785B07DB0FDBB21B021AB2B44B1B78B0
:1089E0005B069B0FDBB21BB213431BB29AB28A2306
:1089F0005B00110018000AF0C3F900F0FDFCA94B60
:108A00001B683A6AAB4918001CF0FEFC031E1FD11C
:108A1000A74B1A7860218A43111C20220A431A703E
:108A2000A34B1B785B07DB0FDBB21B021AB2A04B18
:108A30001B785B069B0FDBB21BB213431BB29AB2CF
:108A40008A235B00110018000AF09AF900F0D4FCA8
:108A5000944B1B683A6A984918001CF0D5FC031E19
:108A60001FD1934B1A7860218A43111C40220A437C
:108A70001A708F4B1B785B07DB0FDBB21B021AB23D
:108A80008B4B1B785B069B0FDBB21BB213431BB2F5
:108A90009AB28A235B00110018000AF071F900F005
:108AA000ABFC804B1B683A6A844918001CF0ACFC94
:108AB000031E1CD17E4B1A7860218A431A707C4BAE
:108AC0001B785B07DB0FDBB21B021AB2784B1B78FB
:108AD0005B069B0FDBB21BB213431BB29AB28A2315
:108AE0005B00110018000AF04BF900F085FC3723F9
:108AF000FB1868221A7000F07FFC684B1B68181D79
:108B00007B6A043B1A006E4B19001CF07DFC031EAF
:108B10002BD1644B1B683A6A644918001CF074FC42
:108B2000031E1CD1624B1A7804210A431A70604B51
:108B30001B785B07DB0FDBB21B021AB25C4B1B78A6
:108B40005B069B0FDBB21BB213431BB29AB28A23A4
:108B50005B00110018000AF013F900F04DFC3723F8
:108B6000FB1868221A7000F047FC4C4B1B68181D5C
:108B70007B6A043B1A00534B19001CF045FC031E92
:108B80002DD1484B1B6818001BF01BF80300FB623B
:108B9000FA6AE1231B039A421BD84B4BFA6A9A608C
:108BA000494B9B689AB28C235B00110018000AF0B5
:108BB000E7F8454B9B681B0C9AB21A23FF33110050
:108BC00018000AF0DDF83623FB1801221A7000F0B5
:108BD00013FC3723FB1868221A7000F00DFC2F4B92
:108BE0001B68181D7B6A043B1A00384B19001CF0E7
:108BF0000BFC031E22D12B4B1B6818001AF0E1FF5F
:108C0000020030217B181A800A00BB181B88002B39
:108C10000ED02D4B1100BA1812881A807B181A88B2
:108C20001623FF33110018000AF0AAF800F0E4FB45
:108C30003723FB1868221A7000F0DEFB174B1B6805
:108C4000181D7B6A043B1A00214B19001CF0DCFB49
:108C5000031E3FD1134B1B6818001AF0B2FF02002D
:108C600030217B181A800A00BB181B88002B0ED0FD
:108C7000154B1100BA1812885A807B181A888B235A
:108C80005B00110018000AF07BF800F0B5FB3723F9
:108C9000FB1868221A7000F0AFFBC0468C1D002044
:108CA000A4BD0208901D0020ACBD0208B8BD02089A
:108CB0002C1B0020BCBD0208C4BD0208C8BD0208B0
:108CC000D0BD0208D8BD0208101B0020E4BD020878
:108CD000F0BD0208D74B1B68181D7B6A043B1A00C5
:108CE000D54B19001CF090FB031E2ED1D34B1B68F3
:108CF00018001AF066FF020030217B181A800A0063
:108D0000BB181B88002B1AD0BB181B88FF2B16D84A
:108D1000BB181B88DAB2CA4B1A71C94B5B791B02AC
:108D20001AB2C74B1B791BB213431BB29AB218235A
:108D3000FF33110018000AF023F800F05DFB372321
:108D4000FB1868221A7000F057FBBA4B1B68181DFD
:108D50007B6A043B1A00BB4B19001CF055FB031E39
:108D60002CD1B64B1B6818001AF02BFF02003021E3
:108D70007B181A800A00BB181B88002B19D0BB185F
:108D80001B88FF2B15D8BB181B88DAB2AC4B5A7165
:108D9000AB4B5B791B021AB2A94B1B791BB2134375
:108DA0001BB29AB21823FF331100180009F0E8FF34
:108DB00022E33723FB1868221A701DE33723FB18C0
:108DC00067221A7018E39B4B1B689F490422180006
:108DD0001CF01AFB031E00D0A2E02023FA187B68C7
:108DE0000221180010F0B4FD0200944B1A601C23FD
:108DF000FA187B680321180010F0AAFD0200934BBB
:108E00001A601823FA187B680421180010F0A0FDDE
:108E100002008F4B1A601423FA187B680521180092
:108E200010F096FD02008B4B1A60844B1B681800F3
:108E30001AF0C7FE02003523FB181A70834B1B681B
:108E400018001AF0BEFE02003423FB181A70804B83
:108E50001B6818001AF0B5FE02002B23FB181A70CD
:108E60007C4B1B68002B1FD07A4B1B687A4902226F
:108E700018001CF0C9FA031E04D13323FB18012289
:108E80001A7011E0734B1B687449022218001CF021
:108E9000BBFA031E04D13323FB1802221A7003E02D
:108EA0003723FB1868221A703723FB181B78002B16
:108EB00000D0A1E23523FB181B78172B09D83423E7
:108EC000FB181B783B2B04D82B23FB181B783B2B60
:108ED00004D93723FB1868221A708DE20BF066FF65
:108EE000574B987D564B597D554B1A8B544B1D7DD6
:108EF0003723FC183323FB181B7803933523FB1807
:108F00001B7802933423FB181B7801932B23FB1847
:108F10001B7800932B000BF07FFE030023706BE2A5
:108F2000444B1B684E49042218001CF06DFA031EC6
:108F300000D05DE22023FA187B680221180010F0AF
:108F400007FD02003D4B1A601C23FA187B680321C1
:108F5000180010F0FDFC02003C4B1A601823FA18B0
:108F60007B680421180010F0F3FC0200384B1A60F3
:108F70001423FA187B680521180010F0E9FC0200A0
:108F8000344B1A60324B1B6818001AF01AFE0200AC
:108F90002B23FB181A702F4B1B6818001AF011FEB8
:108FA00002003023FB181A80244B1B682D4906222F
:108FB00018001CF029FA031E04D13523FB180122E6
:108FC0001A7079E01D4B1B682749072218001CF016
:108FD0001BFA031E04D13523FB1802221A706BE022
:108FE000164B1B682149092218001CF00DFA031EBC
:108FF00004D13523FB1803221A705DE00F4B1B6868
:109000001B49082218001CF0FFF9031E04D1352368
:10901000FB1804221A704FE0084B1B681549062202
:1090200018001CF0F1F9031E26D13523FB18052288
:109030001A7041E08C1D002000BE0208901D002027
:10904000101B002014BE020840B60208941D002028
:10905000981D00209C1D002028BE02082CBE02087E
:1090600094B6020830BE020838BE020840BE0208AC
:109070004CBE020858BE0208BF4B1B68BF490822FD
:1090800018001CF0C1F9031E04D13523FB18062279
:109090001A7011E0B84B1B68B949062218001CF081
:1090A000B3F9031E04D13523FB1807221A7003E01D
:1090B0003723FB1868221A70B24B1B68B24907228B
:1090C00018001CF0A1F9031E08D0AE4B1B68AF4975
:1090D000022218001CF098F9031E04D13423FB1857
:1090E00001221A7000E1A74B1B68A9490822180049
:1090F0001CF08AF9031E08D0A24B1B68A549022266
:1091000018001CF081F9031E04D13423FB1802223D
:109110001A70E9E09B4B1B689F49052218001CF060
:1091200073F9031E08D0974B1B689C490222180054
:109130001CF06AF9031E04D13423FB1803221A70B1
:10914000D2E0904B1B689649052218001CF05CF990
:10915000031E08D08B4B1B689249022218001CF09A
:1091600053F9031E04D13423FB1804221A70BBE008
:10917000844B1B688C49032218001CF045F9031E20
:1091800008D0804B1B688949022218001CF03CF96A
:10919000031E04D13423FB1805221A70A4E0794B76
:1091A0001B688349042218001CF02EF9031E08D006
:1091B000744B1B687F49022218001CF025F9031E1E
:1091C00004D13423FB1806221A708DE06D4B1B6806
:1091D0007949042218001CF017F9031E08D0694BC6
:1091E0001B687649022218001CF00EF9031E04D1F8
:1091F0003423FB1807221A7076E0624B1B68704913
:10920000052218001CF000F9031E08D05D4B1B68F6
:109210006C49022218001CF0F7F8031E04D1342315
:10922000FB1808221A705FE0564B1B68664909223A
:1092300018001CF0E9F8031E08D0524B1B68634964
:10924000022218001CF0E0F8031E04D13423FB189E
:1092500009221A7048E04B4B1B685D490722180031
:109260001CF0D2F8031E08D0464B1B685949022255
:1092700018001CF0C9F8031E04D13423FB180A227D
:109280001A7031E03F4B1B685349082218001CF04C
:10929000BBF8031E08D03B4B1B6850490222180044
:1092A0001CF0B2F8031E04D13423FB180B221A70F1
:1092B0001AE0344B1B684A49082218001CF0A4F835
:1092C000031E08D02F4B1B684649022218001CF0D1
:1092D0009BF8031E04D13423FB180C221A7003E000
:1092E0003723FB1868221A703723FB181B78002BD2
:1092F00000D081E02B22BB181B78002B0FD0BB18AD
:109300001B781F2B0BD830217B181A88FA23DB001F
:109310009A4204D37B181B88334A934204D93723DB
:10932000FB1868221A7067E00BF040FD2F4B1B7C86
:109330002E4A527C2D49897C2C48C07C37243C190C
:1093400035257D192D78A84630257D192D88AC4608
:109350002B257D192E7834257D192D7803900291C7
:109360000192009343466246310028000BF054FC02
:109370000300237040E0C046901D002060BE02083C
:109380006CBE0208941D002074BE02087CBE020858
:1093900080BE02088CBE020890BE020898BE020879
:1093A0009CBE0208A4BE0208A8BE0208ACBE020809
:1093B000B0BE0208B8BE0208BCBE0208C4BE0208A5
:1093C000C8BE0208D0BE0208D4BE0208E0BE020831
:1093D000E4BE0208ECBE0208F0BE0208FCBE0208B1
:1093E00000BF02080CBF020834080000101B002058
:1093F0003723FB1867221A703723FB181B78002BC2
:1094000022D1214B1B687A6A9B1800221A701F4BCD
:1094100019681D4B1A681E4B1B68F8681BF052FF39
:109420003623FB181B78012B27D11A4B1A68FB68CF
:10943000110018001BF0CDFF174B1A68FB681100D4
:1094400018001BF0C6FF18E03723FB181B78672BAA
:1094500007D1124B1A68FB68110018001CF0D1F8F4
:109460000BE03723FB181B78682B06D10C4B1A68CE
:10947000FB68110018001CF0C4F800231800BD465A
:109480000EB080BCB846F0BD8C1D0020F800002056
:10949000901D0020FC00002000010020040100209D
:1094A0000801002080B588B000AFF860B9607A602C
:1094B0001F23FB1800221A700023BB6100237B616D
:1094C0001E23FB1800221A701D23FB1800221A709D
:1094D0001C23FB1800221A701823FA187B6801213C
:1094E000180010F035FA0200BB4B1A60BA4B1B682B
:1094F000BA49042218001BF087FF031E00D0CAE0FF
:10950000B54B1B68181DBB69043B1A00B44B19000E
:109510001BF07AFF031E31D1B24B1B78602213403F
:10952000DBB2602B07D1B04B1968B04AFB6818005A
:109530001BF0C8FE31E1AB4B1B7860221340DBB25D
:10954000202B07D1A84B1968A94AFB6818001BF00B
:10955000B9FE22E1A34B1B7860221340DBB2002B43
:1095600007D1A14B1968A34AFB6818001BF0AAFE9B
:1095700013E11F23FB1868221A700EE1964B1B683B
:10958000181DBB69043B1A009B4B19001BF03CFFE4
:10959000031E13D1934B1B7804221340DBB2002B24
:1095A00007D0914B1968914AFB6818001BF08AFE9E
:1095B000F3E01F23FB1868221A70EEE0864B1B684D
:1095C000181DBB69043B1A008C4B19001BF01CFFD3
:1095D000031E07D18A4B9A688A49FB6818001BF062
:1095E00071FEDAE07C4B1B68181DBB69043B1A0056
:1095F000854B19001BF008FF031E08D1804B1B8808
:109600001A008049FB6818001BF05CFEC5E0724B35
:109610001B68181DBB69043B1A007C4B19001BF02A
:10962000F3FE031E08D1764B5B881A007549FB6870
:1096300018001BF047FEB0E0674B1B68181DBB69A4
:10964000043B1A00724B19001BF0DEFE031E08D10A
:109650006B4B1B791A006B49FB6818001BF032FE3C
:109660009BE05D4B1B68181DBB69043B1A00694BEE
:1096700019001BF0C9FE031E08D1614B5B791A006B
:109680006049FB6818001BF01DFE86E01F23FB18D5
:1096900067221A7081E0504B1B685F490522180051
:1096A0001BF0B2FE031E00D073E01423FA187B688F
:1096B0000221180010F04CF90200584B1A601E23CA
:1096C000FB1800221A701D23FB1800221A701AE0E2
:1096D000524B18681D23FB181A7813009B009B1827
:1096E0005B004F4A9B181900F6F70EFD031E04D1CC
:1096F0001E23FB1801221A700AE01D217B181A781C
:109700007B1801321A701D23FB181B78092BDFD937
:109710001E23FB181B78002B09D1424B19683F4BC5
:109720001A68FB6818001BF0CDFD002350E03E4B8B
:1097300019683A4B1A68FB6818001BF0C3FD1C231C
:10974000FB1801221A701CE01C217B181B785A1E82
:10975000364B5200D35A1A001D23FB181B781A41AE
:1097600013000122134006D07B181B78FA68304999
:10977000F8681BF0A7FD1C217B181A787B180132B2
:109780001A702C4B1B781C22BA1812789A42DBD91B
:1097900003E01F23FB1867221A701F23FB181B7896
:1097A000672B07D1244B1A68FB68110018001BF0C7
:1097B00028FF0CE01F23FB181B78682B07D11F4BD9
:1097C0001968054B1A68FB6818001BF07BFD002325
:1097D0001800BD4608B080BDA01D0020A4BD020831
:1097E000ACBD02082C1B00200C010020B8BD0208F3
:1097F00010BF0208C8BD0208D0BD0208D8BD0208CB
:10980000101B002014BF0208E4BD0208F0BD0208CE
:1098100000BE020814BE0208F4B20208A41D002013
:10982000140A00201001002014010020A41A0020B6
:109830001CBF02087C000020180100201C01002031
:1098400090B587B000AFF860B9607A601723FB1855
:1098500000221A7000233B611023FA187B68012153
:10986000180010F075F802002A4B1A60294B1B688B
:109870003A69294918001BF0C7FD031E11D1274B77
:10988000274A13CA13C313CA13C312681A60FAF71C
:109890008DFD244B1A68FB68110018001BF0B1FE07
:1098A00026E01C4B1B683A691F4918001BF0ACFDF1
:1098B000031E19D100221621FF2001F029FF1B4BA6
:1098C00002221A7064200FF0C3FEFAF7C9FD07F0F8
:1098D0003FFB64200FF0BCFE154B1A68FB681100BB
:1098E00018001BF08EFE03E01723FB1868221A7085
:1098F0001723FB181B78682B06D10E4B1A68FB68E0
:10990000110018001BF07DFE00231800BD4607B0B3
:1099100090BDC046A81D002024BF0208101B0020D7
:1099200080000020200100202CBF0208B20A002085
:109930002401002028010020F0B589B004AFF860B0
:10994000B9607A600BF032FA2C4B5B7B182B14D188
:109950002B4B1968294B9B7C1C00284B5B7C1D0002
:10996000264B1B7C1A00254BDB89F868019300927B
:109970002B0022001BF0A6FC3AE0204B5B7B0C2B5B
:1099800036D11E4BDB7C012B17D11E4B19681B4BAC
:109990009B7C1D00194B5B7C1E00184B1B7C1A0026
:1099A000164BDB891C00F868174B02930194009258
:1099B00033002A001BF086FC1AE0104BDB7C022BE4
:1099C00016D1104B19680D4B9B7C1D000B4B5B7C1B
:1099D0001E000A4B1B7C1A00084BDB891C00F86830
:1099E0000A4B02930194009233002A001BF06AFC98
:1099F00000231800BD4605B0F0BDC046101B002076
:109A00002C0100203001002034BF020838BF0208BA
:109A100090B585B000AFF860B9607A600BF0C6F918
:109A2000074B1C68FDF706F80200FB6821001800D0
:109A30001BF048FC00231800BD4605B090BDC04691
:109A40003401002090B58BB000AFF860B9607A6047
:109A50002723FB1800221A7000237B6100233B613F
:109A60001423FA187B68012118000FF071FF03001E
:109A70003B623B6A1B785BB2702B09D13B6A0133B6
:109A800018001AF0A4F802002623FB181A7003E04D
:109A90002723FB1868221A701023FA187B6802210A
:109AA00018000FF055FF0300FB61FB6918001AF066
:109AB0008EF80300BB612723FB181B78682B07D1A6
:109AC0000E4B1A68FB68110018001BF09AFD0FE09E
:109AD000BA6926243B191B78110018000BF070FF9F
:109AE000074B19683B191B78BA69F8681BF0EAFB49
:109AF00000231800BD460BB090BDC04638010020C1
:109B00003C01002090B587B000AFF860B9607A6082
:109B10001B4B1A681B49FB6818001BF0D3FB17236B
:109B2000FB1800221A7011E017243B191B789B00C8
:109B3000154A944663441B68FA681449F8681BF098
:109B4000C1FB3B191A783B1901321A701723FB1815
:109B50001B78022BE8D9FB681800F6F7DFFA030040
:109B60001A00FB689A180A4B1000190003231A0008
:109B70001BF04FFD00231800BD4607B090BDC04646
:109B8000400100203CBF02089075FF1F40BF020843
:109B900048BF020890B587B000AFF860B9607A603E
:109BA00016243B1900221A8013F0CAF802003B1950
:109BB0001A803B191B88114A934207D1104B196830
:109BC000104AFB6818001BF07DFB07E00C4B19687E
:109BD0000D4AFB6818001BF075FBC0460B4B1C6858
:109BE00013F0A2F803001B0BFA68F86821001BF0C1
:109BF00069FB00231800BD4607B090BD6704000054
:109C0000440100204CBF020858BF02084801002050
:109C100080B584B000AFF860B9607A60074B19680E
:109C2000074B1B681B041A0CFB6818001BF04AFB4F
:109C300000231800BD4604B080BDC0464C01002082
:109C4000E075FF1FF0B58FB004AFF860B9607A60BF
:109C50001823FB18B54A13CA13C312881A80B44BD1
:109C60001C78B44B1D68B34B1B681800F6F756FA06
:109C700003009AB201235B420093322329002000A3
:109C80000BF008FE2723FB1801221A702623FB186D
:109C900000221A7036E126203B181A78A6491300D4
:109CA0009B009B189B005B5C002B1AD0A34B1C688D
:109CB0002723FB181D783B181A789F4913009B0037
:109CC0009B189B00CB1810331B7819001823FA1827
:109CD0000B00DB005B1AD318F8682A0021001BF088
:109CE000F1FA2623FB181A78934913009B009B185E
:109CF0009B005B5C012B03D0032B00D175E0BBE024
:109D00002623FB181A788C4913009B009B189B0094
:109D1000CB1803331B78072B45D064DC052B02D00E
:109D2000062B20D05FE0864B1C6826203B181A7853
:109D3000814913009B009B189B00CB1802331B78B2
:109D40001D003B181A787C4913009B009B189B0050
:109D5000CB180C331B68FA68F86800932B002100BD
:109D60001BF0B0FA40E0774B1C6826203B181A78AD
:109D7000714913009B009B189B00CB1802331B7882
:109D80001D003B181A786C4913009B009B189B0020
:109D9000CB180C331B68FA68F86800932B0021007D
:109DA0001BF090FA20E0684B1C6826203B181A78BC
:109DB000614913009B009B189B00CB1802331B7852
:109DC0001D003B181A785C4913009B009B189B00F0
:109DD000CB180C331B68FA68F86800932B0021003D
:109DE0001BF070FA00E0C04646E026243B191A78C2
:109DF00013009B009B189B004F4A9B18991D14232E
:109E0000FB18042218001BF004FC504B1D682000B6
:109E10003B181A78484913009B009B189B00CB18ED
:109E200003331B785A1E4A4913005B009B189B00A2
:109E3000CB1808331E683B181A783F4913009B0063
:109E40009B189B00CB1801331B785A1E13005B0034
:109E50009B18404A9C187B69181CF9F7C5FA020048
:109E60000B00F968F86802920393009433000A002B
:109E700029001BF027FAC04610E0374B1968374B12
:109E8000FA68F8681BF01EFA344B1800F6F746F92A
:109E90000200324B002118001BF093FA26257B1993
:109EA0001A78254913009B009B189B00CB180C3394
:109EB0001B682A4A11001800FDF764FE031EDCD15E
:109EC000274B1A68FB68110018001BF082FA184B28
:109ED0001C78FB681800F6F721F903009AB2F968BC
:109EE00001235B420093322320000BF0D3FC272296
:109EF000BB18BA18127801321A707B191A787B19BC
:109F000001321A70174B1B782622BA1812789A421F
:109F100000D2C0E6144B1A68FB68110018001BF051
:109F200070FB00231800BD460BB0F0BD60BF0208F7
:109F3000B00A002050010020C01B00205401002066
:109F4000580100205C010020600100206401002015
:109F5000C401002008AF020868010020AC1D0020E9
:109F60006C010020B50A00207001002080B588B087
:109F700000AFF860B9607A6000233B611F23FB18D3
:109F800000221A701023FA187B68012118000FF0C4
:109F9000DFFC0300BB61BB69180019F012FE020070
:109FA00017217B181A700A00BB181B78002B05D0EC
:109FB000184B1B78BA1812789A4203D91F23FB1842
:109FC000FF221A701F23FB181B78002B16D11723B2
:109FD000FB181B785A1E104913009B009B189B000E
:109FE000CB18103301221A7006F0B6FE0B4B1A681C
:109FF000FB68110018001BF004FB06E0084B1A6810
:10A00000FB68110018001BF0FCFA00231800BD4685
:10A0100008B080BDB50A0020C01B002074010020DC
:10A020007801002080B588B000AFF860B9607A6030
:10A0300000233B611F23FB1800221A701023FA181B
:10A040007B68012118000FF083FC0300BB61BB6932
:10A05000180019F0B6FD020017217B181A700A00CB
:10A06000BB181B78002B05D0184B1B78BA18127838
:10A070009A4203D91F23FB18FF221A701F23FB18D3
:10A080001B78002B16D11723FB181B785A1E10497A
:10A0900013009B009B189B00CB18103300221A70F2
:10A0A00006F05AFE0B4B1A68FB68110018001BF0F3
:10A0B000A8FA06E0084B1A68FB68110018001BF0AC
:10A0C000A0FA00231800BD4608B080BDB50A0020E4
:10A0D000C01B00207C0100208001002090B589B0C9
:10A0E00000AFF860B9607A6000233B611F23FB1862
:10A0F00000221A701023FA187B68012118000FF053
:10A1000027FC0300BB61BB69180019F05AFD02006F
:10A1100017217B181A700A00BB181B78002B05D07A
:10A120005F4B1B78BA1812789A4203D91F23FB1889
:10A13000FF221A701F23FB181B78002B00D096E01B
:10A1400017243B191B785A1E564913009B009B1875
:10A150009B0000225A543B191B785A1E5149130088
:10A160009B009B189B00CB18013300221A703B19EF
:10A170001B785A1E13009B009B189B00494A9B1892
:10A1800002330422002118001BF01BF93B191B7835
:10A190005A1E444913009B009B189B00CB18103398
:10A1A00000221A703B191B785A1E3E4913009B006F
:10A1B0009B189B00CB180C331B68180019F018FD76
:10A1C00020003B181B785A1E364913009B009B1831
:10A1D0009B00CB180C3300221A601E23FB183A1880
:10A1E00012781A7034E01E203B181A782D4913009B
:10A1F0009B009B189B005B5C002B23D001007B180D
:10A200001B785A1E13009B009B189B00254A981828
:10A210000C007B181A7813009B009B189B00214AA6
:10A220009B18142219001BF0F4F93B191A7813003B
:10A230009B009B189B001B4A9B18142200211800AE
:10A240001BF0BFF81E217B181A787B1801321A7098
:10A25000134B1B781E22BA1812789A42C3D3104BA4
:10A260001B78013BDAB20E4B1A7006F075FD1F2306
:10A27000FB181B78002B07D10B4B1A68FB681100E9
:10A2800018001BF0BEF906E0084B1A68FB681100C5
:10A2900018001BF0B6F900231800BD4609B090BDA8
:10A2A000B50A0020C01B0020840100208801002086
:10A2B00090B58BB000AFF860B9607A600023BB61E5
:10A2C00000237B612723FB1800221A701823FA1839
:10A2D0007B68012118000FF03BFB03003B623B6AE7
:10A2E0001B785BB2702B09D13B6A0133180019F05F
:10A2F0006EFC02002623FB181A7003E02723FB18CC
:10A3000067221A701423FA187B68022118000FF0D4
:10A310001FFB0300FB61FB691B785BB2702B09D14B
:10A32000FB690133180019F052FC02002523FB18C9
:10A330001A7003E02723FB1867221A702722BB1824
:10A340001B78002B0DD1BC182523FB181A78262367
:10A35000FB181B7811001800FCF79AFB0300237010
:10A3600003E02723FB1867221A702723FB181B78AA
:10A37000002B0BD1124B19682623FB181A782523C2
:10A38000FB181B78F8681AF09DFF13E02723FB18D1
:10A390001B78672B07D10B4B1A68FB68110018005C
:10A3A0001BF02FF906E0084B1A68FB681100180033
:10A3B0001BF027F900231800BD460BB090BDC04626
:10A3C0008C010020900100209401002090B58BB0FA
:10A3D00000AFF860B9607A600023BB6100237B6145
:10A3E0002723FB1800221A701823FA187B68012112
:10A3F00018000FF0ADFA03003B623B6A1B785BB2BA
:10A40000702B09D13B6A0133180019F0E0FB020000
:10A410002623FB181A7003E02723FB1867221A7003
:10A420001423FA187B68022118000FF091FA030038
:10A43000FB61FB691B785BB2702B09D1FB690133AF
:10A44000180019F0C4FB02002523FB181A7003E062
:10A450002723FB1867221A702722BB181B78002BB2
:10A460000DD1BC182523FB181A782623FB181B785E
:10A4700011001800FCF732FB0300237003E02723D0
:10A48000FB1867221A702723FB181B78002B0BD1AF
:10A49000124B19682623FB181A782523FB181B7802
:10A4A000F8681AF00FFF13E02723FB181B78672BBF
:10A4B00007D10B4B1A68FB68110018001BF0A1F8BC
:10A4C00006E0084B1A68FB68110018001BF099F8A9
:10A4D00000231800BD460BB090BDC0469801002077
:10A4E0009C010020A0010020B0B58EB002AFF86042
:10A4F000B9607A600023FB612F23FB1800221A70D9
:10A500001823FB18A54A12781A700023BB621C237B
:10A51000FA187B68012118000FF01AFA03007B6219
:10A520009F4A7B6A11001800F5F7EEFD031E00D06C
:10A53000AEE0BB6A002B00D02BE12E23FB180122DA
:10A540001A709EE0974B1B782E243A1912789A4283
:10A5500000D190E019F076FD0300DAB218257B19DE
:10A560001A7079193B191878642300930A23012281
:10A570000BF090F93B191B7818000BF041FA03001F
:10A580001B685B6ADAB214217B181A707B191A787F
:10A590007B181B789A4204D12F23FB1800221A70D3
:10A5A00003E02F23FB1806221A702F23FB181B78B9
:10A5B000002B18D17C4B19682E23FB181A78FB68E6
:10A5C00018001AF07FFE774B1C78FB681800F5F72F
:10A5D000A5FD03009AB2F968642300930A232000C2
:10A5E0000BF058F91CE02F23FB181B78062B17D112
:10A5F0006E4B19682E23FB181A78FB6818001AF0A6
:10A6000061FE684B1C78FB681800F5F787FD0300B6
:10A610009AB2F968642300930A2320000BF03AF9F8
:10A62000634B1A68FB68110018001AF0EAFF5D4BD3
:10A630001C78FB681800F5F771FD03009AB2F96801
:10A64000642300930A2320000BF024F902E0012088
:10A6500012F046FB534B1B785A1EBB6A591C5548D7
:10A6600013005B009B189B01C3185B5C002BEED0B2
:10A67000BB6A0133BB622E217B181A787B1801322A
:10A680001A702E23FB181B78052B00D85AE780E0A0
:10A690007B6A1B785BB2702B00D073E07B6A01335E
:10A6A000180019F094FA020023243B191A703B1980
:10A6B0001B78002B37D03B191B78052B33D82F2361
:10A6C000FB181B78002B1CD119F0BCFC0300DAB27C
:10A6D00018217B181A7079183B1918786423009395
:10A6E000322301220BF0D6F82E23FB181B7818001A
:10A6F0000BF086F903001B685B6ADAB21423FB18BF
:10A700001A701823FB181A781423FB181B789A4226
:10A7100004D12F23FB1800221A7008E02F23FB1806
:10A7200006221A7003E02F23FB1866221A702F23CB
:10A73000FB181B78002B09D11B4B19682323FB182E
:10A740001A78FB6818001AF0BDFD22E02F23FB18D1
:10A750001B78662B07D1184B1A68FB68110018008C
:10A760001AF04FFF15E02F23FB181B78062B10D192
:10A770000E4B19682323FB181A78FB6818001AF08F
:10A78000A1FD06E00D4B1A68FB68110018001AF0D5
:10A7900038FF00231800BD460CB0B0BD70BF0208E2
:10A7A000B8BD0208B00A0020A4010020A8010020C2
:10A7B000AC010020301E0020B0010020B4010020B8
:10A7C000B0B58CB000AFF860B9607A600023FB616F
:10A7D0000023BB6100237B611C23FA187B680121E5
:10A7E00018000FF0B5F80300BB621823FA187B6855
:10A7F000022118000FF0ACF803007B622F4ABB6AFD
:10A8000011001800F5F780FC031E07D02C4ABB6A24
:10A8100011001800F5F778FC031E42D0BB6A013323
:10A82000180019F0CEF902002323FB181A70254AEC
:10A830007B6A11001800F5F767FC031E04D12F2373
:10A84000FB1800221A700BE01F4A7B6A11001800E7
:10A85000F5F75AFC031E03D12F23FB1801221A70AF
:10A8600023243B191B78180009F0BEFA14257A1925
:10A870002F23FB1819783B191B78180009F000FBEF
:10A880007A19FB68110018001AF0BBFE7B69181CCE
:10A89000F8F7AAFD02000B000C49F8681AF012FD47
:10A8A00006E00B4B1A68FB68110018001AF0A9FEAD
:10A8B00000231800BD460CB0B0BDC04674BF0208EE
:10A8C00078BF02087CBF020880BF020888BF020868
:10A8D000B801002090B587B000AFF860B9607A6029
:10A8E00000237B6100233B611023FA1814243B19D9
:10A8F0001100180009F094FB3A19FB6811001800C8
:10A900001AF07FFE7B69181CF8F76EFD02000B0041
:10A910000449F8681AF0D6FC00231800BD4607B0B9
:10A9200090BDC046A4BF020890B587B000AFF860E4
:10A93000B9607A6000237B6100233B611023FA1821
:10A9400014243B191100180009F06AFB3A19FB683E
:10A95000110018001AF055FE3B69181CF8F744FD69
:10A9600002000B000449F8681AF0ACFC0023180040
:10A97000BD4607B090BDC046C8BF020890B58DB0B7
:10A9800000AFF860B9607A600023FB610023BB610F
:10A9900000237B611C23FA187B68012118000EF04C
:10A9A000D7FF0300BB621823FA187B680221180046
:10A9B0000EF0CEFF03007B622C4ABB6A1100180028
:10A9C000F5F7A2FB031E07D0294ABB6A1100180045
:10A9D000F5F79AFB031E3CD0BB6A0133180019F04F
:10A9E000F0F802002323FB181A70224A7B6A110038
:10A9F0001800F5F789FB031E04D12F23FB18002252
:10AA00001A700BE01C4A7B6A11001800F5F77CFBFA
:10AA1000031E03D12F23FB1801221A7023243B1994
:10AA20001B78180009F0E0F91423FA182F23FB18FB
:10AA300019783B191B78180009F0E0FB7B69181C9A
:10AA4000F8F7D2FC02000B000C49F8681AF03AFC47
:10AA500006E00B4B1A68FB68110018001AF0D1FDD4
:10AA600000231800BD460DB090BDC04674BF02085B
:10AA700078BF02087CBF020880BF0208F4BF02084A
:10AA8000BC010020B0B586B000AFF860B960BB1D56
:10AA90001A8017257C19FB68180006F051FC03008A
:10AAA00023707B191B78204AD35C002B0BD07B19B9
:10AAB0001B781D4AD35C012B05D07B191B781A4AE1
:10AAC000D35C032B22D117243B191B78180007F005
:10AAD00087FF20003B181B785A1E144B9200B96860
:10AAE000D1503B181B78104A0221D1543B181B78D7
:10AAF0005A1E0F4B92000021D150BB1D1A88B96815
:10AB0000FB68180007F098FE002309E01723FB18E4
:10AB10001B78054AD35C022B01D1172300E01723D1
:10AB20001800BD4606B0B0BDC00A0020F0210020CC
:10AB30000422002080B584B000AF0200FB1D1A7013
:10AB4000FB1D1B783B4AD35C022B09D0FB1D1B78F5
:10AB50005A1E394B9200D358180014F011F864E0D3
:10AB6000FB1D1B785A1E344B9200D358180014F06A
:10AB700007F8FB1D1B785A1E304B9200D358002B50
:10AB800009D0FB1D1B78013B2D4A99008A58511CA6
:10AB90002B4A9B009950FB1D1B785A1E284B920094
:10ABA000D258FB1D1B78591E244B8900CB589A4262
:10ABB00008D2FB1D1B785A1E224B5200D35ADBB21F
:10ABC0000D2B32D1FB1D1B785A1E1E4B5200D35A3F
:10ABD0001B0A9AB20F217B181A70FB1D1B785A1E94
:10ABE000184B5200D25A0E23FB181A707B181B7890
:10ABF000002B03D07B181B78012B08D1FB1D1B7881
:10AC0000180007F017FF104B01221A700DE0FB1D12
:10AC10001B78180007F00EFF0E23FB181B78180096
:10AC200007F008FF084B01221A70C046BD4604B069
:10AC300080BDC046C00A0020A43300201822002096
:10AC40000422002070230020C001002080B500AF46
:10AC50000B4B1B6808221A620A4B1B6808221A62F7
:10AC6000094B1B6808221A62084B1B6808221A62EB
:10AC7000074B1B6808221A62C046BD4680BDC0460D
:10AC8000502C0020E42C0020782D00200C2E0020D9
:10AC9000A02E002080B58CB002AFFA239A0069493B
:10ACA00069486A4B019303230093002310F011F8C5
:10ACB000FA239A0066496748674B0193052300937E
:10ACC000002310F006F8FA239A0064496448654BA3
:10ACD00001930323009300230FF0FBFFFCF7DAFF3F
:10ACE000FA239A0060496148614B01930323009362
:10ACF00000230FF0EEFFFA239A005E495E485F4B97
:10AD000001930423009301230FF0E3FFFA239A0039
:10AD10005B4959485B4B01930423009302230FF0D6
:10AD2000D8FFFA239A0058495348584B01930423FB
:10AD3000009303230FF0CDFFFA239A0054494E48A5
:10AD4000544B01930423009304230FF0C2FFFA2312
:10AD50009A0051494848514B01930423009305231D
:10AD60000FF0B7FF00237B622423FB18012118009A
:10AD70000EF082FC02004A4B5A6000233B62202303
:10AD8000FB18012118000EF077FC0200454B5A60B9
:10AD90000023FB611C23FB18012118000EF06CFC42
:10ADA00002003F4B9A600023BB611823FB1801216E
:10ADB00018000EF061FC02003A4B9A6000237B61A0
:10ADC0001423FB18012118000EF056FC0200344B2E
:10ADD000DA6000233B611023FB18012118000EF0FC
:10ADE0004BFC02002F4BDA600023FB600C23FB18A6
:10ADF000012118000EF040FC0200294B1A610023CB
:10AE0000BB600823FB18012118000EF035FC02007E
:10AE1000244B1A6100237B603B1D012118000EF0BA
:10AE20002BFC02001E4B5A6100233B603B000121BA
:10AE300018000EF021FC02001A4B5A61C046BD46B4
:10AE40000AB080BD88C90208A9AE0008A02200206F
:10AE500094C90208E1C00008A8220020A0C9020885
:10AE6000F73A0208A4220020ACC90208A16C00082D
:10AE7000AC220020B4C9020899CC00088C22002022
:10AE8000C0C9020890220020CCC9020894220020E8
:10AE9000D8C9020898220020E4C902089C22002098
:10AEA000B0220020CC22002080B582B000AF7860B4
:10AEB0003E4B1B78032B33D049DC012B02D0022BF5
:10AEC00017D044E080235900A023DB05012218009D
:10AED00014F009FB50200EF0BBFB80235900A02387
:10AEE000DB050022180014F0FEFA304B00221A7025
:10AEF0002EE080235900A023DB050122180014F066
:10AF0000F2FA64200EF0A4FB80235900A023DB0595
:10AF10000022180014F0E7FA244B00221A7017E000
:10AF200080235900A023DB050122180014F0DBFA6E
:10AF30001E200EF08DFB80235900A023DB0500228C
:10AF4000180014F0D0FA194B00221A7000E0C04625
:10AF500008F0EEF9FCF7A8FD154B1B78002B17D075
:10AF600005F0E6FC124B00221A7080235900A02342
:10AF7000DB050122180014F0B6FAC82011F0B0FE6B
:10AF800080235900A023DB050022180014F0ABFA3F
:10AF9000084B1B7801225340DBB2002B02D0064B3A
:10AFA00000221A700EF044FF82E7C046B20A002069
:10AFB000842200202D3400202C34002080B500AFE6
:10AFC000064B1B6806491800F5F7C4F803001A0081
:10AFD000044B1A60C046BD4680BDC04644020020F6
:10AFE000102700008822002080B588B000AF002321
:10AFF000FB610023BB6100237B611E4B1B68FA22AF
:10B0000091001800F5F7A6F80300013B3B611A4BCD
:10B01000FB601A4BBB608023DB047B60FB681B6812
:10B020003A69D31AFB6110F08DF90300BB61BB686C
:10B030001B687A68134007D0BB690133BB61FB68AA
:10B040001B683A69D31AFB61BA6913009B009B180D
:10B050005B007B610A4B1B681900F869F5F77AF809
:10B0600003001A007B699B187B617B691800BD4651
:10B0700008B080BD4402002018E000E004ED00E0CC
:10B0800088220020F0B589B002AFB9607A6019005B
:10B090000F23FB18021C1A700E203B180A1C1A7092
:10B0A00000237B6101007B181A78282308201B18D5
:10B0B000DB191B789A4207D17B181B781A00DD4BED
:10B0C000022199546723B0E10E23FB181B78002B53
:10B0D00006D0282308229B18DB191B78002B01D1EE
:10B0E0006723A2E10F23FB181B78002B5BD12825D7
:10B0F0000826AB19DB191B780D2B18D10E23FB1872
:10B100001B7818000AF07CFC0400AB19DB191B78D3
:10B1100018000AF075FC0100BB689BB21A00200001
:10B12000FFF7B0FC0300172B1BD117237DE10E2383
:10B13000FB181B7818000AF063FC0400282308227F
:10B140009B18DB191B7818000AF05AFC0300012237
:10B1500019002000FFF796FC0300172B01D11723DD
:10B1600063E17A6813005B019B1A9B009B18DB006C
:10B170001A00FA2399001000F4F7ECFF03001900FD
:10B180000E243A19AC48AD4B00931300002211F085
:10B190001DFA03007B613B191B785A1EA84B9200D5
:10B1A000B968D150C1E00F23FB181B78012B3DD1AA
:10B1B000282308229B18DB191B7818000AF020FCB2
:10B1C00004000E23FB181B7818000AF019FC03007A
:10B1D000012219002000FFF755FC0300172B01D1B5
:10B1E000172322E17A6813005B019B1A9B009B18CE
:10B1F000DB001A00FA2399001000F4F7ABFF0300FC
:10B200001900282408256319DB198B488B4A009202
:10B21000002211F0DBF903007B616319DB191B7855
:10B220005A1E874B9200B968D1507EE00F23FB185D
:10B230001B78022B77D10E23FB181B7818000AF01D
:10B24000DFFB0400282308229B18DB191B78180059
:10B250000AF0D6FB0300012219002000FFF712FCC0
:10B260000300172B01D11723DFE07A6813005B017D
:10B270009B1A9B009B18DB001A00FA239900100010
:10B28000F4F768FF030019000E257A196A486B4B22
:10B2900000931300002211F099F903007B617B19E0
:10B2A0001B785A1E664B9200B968D1502823082299
:10B2B0009B18DB191B7818000AF0A2FB04007B190D
:10B2C0001B7818000AF09CFB0300012219002000E3
:10B2D000FFF7D8FB0300172B01D11723A5E07A68ED
:10B2E00013005B019B1A9B009B18DB001A00FA23DA
:10B2F00099001000F4F72EFF0300190028240825F8
:10B300006319DB194C484D4A0092002211F05EF996
:10B3100003007B616319DB191B785A1E484B9200AE
:10B32000B968D15001E067237FE00F22BB181B787A
:10B33000002B14D1BB181B789BB21B0299B2282397
:10B3400008229B18DB191B7818000E23FB181B78AA
:10B350005A1E0B1899B23B4B5200D15244E00F22B7
:10B36000BB181B78012B14D1BB181B789BB21B0296
:10B3700099B20E23FB181B781800282308229B186B
:10B38000DB191B785A1E0B1899B22E4B5200D15262
:10B390002AE00F243B191B78022B25D13B191B787F
:10B3A0009BB21B0299B228250823EA18D3191B78EF
:10B3B00018000E26BB191B785A1E0B1899B2214B88
:10B3C0005200D1523B191B789BB21B0299B2BB1998
:10B3D0001B7818000823EB18DB191B785A1E0B1872
:10B3E00099B2184B5200D1520F23FB181B781A0444
:10B3F000282308215B18DB191B781B02D3180E22A7
:10B40000BA1812789B181A000F4B1A607B69002B30
:10B410000AD00FF089FF0200786901235B42009394
:10B420000023012111F022F900231800BD4607B0C6
:10B43000F0BDC046C00A0020F8C902084DB400089B
:10B4400018220020702300207C23002090B585B0B6
:10B4500000AF78600F203B1800221A700E243B19B1
:10B4600000221A700D217B1800221A701E4B1B68D7
:10B470001A0C7B181A701C4B1B681A0A3B191A709D
:10B48000194B1A683B181A707B181B78022B16D0C0
:10B4900025DC002B02D0012B07D020E00F23FB1866
:10B4A0001B78180007F0C6FA1AE00E23FB181B7869
:10B4B000180007F0BFFA0D4B01221A7010E00F239D
:10B4C000FB181B78180007F0B5FA0E23FB181B7841
:10B4D000180007F0AFFA054B01221A7000E0C046D1
:10B4E000C046BD4605B090BD7C230020C0010020B1
:10B4F000F0B587B002AF0200FB1D1A700F23FB18D6
:10B5000000221A700E243B1900221A700D257B1997
:10B5100000221A70164B00221A70FB1D1B785A1E4F
:10B52000791914481300DB009B1ADB001B5C0B70BD
:10B53000114B1A7826003C197B191B781900100052
:10B54000FAF7D8F803002370FB1D1B789BB27A1919
:10B550001178BA191078009300230A00002100F036
:10B56000AFF90F23FB181B781800BD4605B0F0BDDE
:10B57000120A0020C80A00200C1B002080B586B0EB
:10B5800002AF0200FB1D1A70BB1D0A1C1A700F23AC
:10B59000FB1800221A70134B00221A70124BFA1D6E
:10B5A00012781A70FB1D1B78FF2B0AD1BB1D1B786C
:10B5B0009BB200930023FF220021002000F080F9BD
:10B5C00009E0BB1D1B789BB200930023FE220021E3
:10B5D000002000F075F90F23FB181B781800BD46FA
:10B5E00004B080BD120A00207800002080B582B02F
:10B5F00000AF0200FB1D1A70FB1D1B78052B2CD819
:10B600009A00184BD3181B689F46174B18680023E5
:10B610000222002110F0D2FD20E0144B1868002314
:10B620000222002110F0CAFD18E0114B1868002317
:10B630000222002110F0C2FD10E00E4B186800231A
:10B640000222002110F0BAFD08E00B4B186800231D
:10B650000222002110F0B2FD00E0C046C046BD4607
:10B6600002B080BD04CA02088C2200209022002073
:10B6700094220020982200209C220020B0B584B0A3
:10B6800002AF05000C0010001900FB1D2A1C1A70E7
:10B69000BB1D221C1A703B1D021C1A80BB1C0A1CFD
:10B6A0001A80184B01221A70174BBA1D12781A70A3
:10B6B000BB1D1B78FF2B0CD13B1D1A88FB1D197875
:10B6C000BB1C1B8800931300FF22002000F0F8F839
:10B6D0000BE03B1D1A88FB1D1978BB1C1B880093CF
:10B6E0001300FE22002000F0EBF8BB1C1A88074B69
:10B6F0000021180019F065FE00231800BD4602B0B5
:10B70000B0BDC046120A002078000020E00B0020E7
:10B71000B0B586B002AF040008001100FB1D221C6A
:10B720001A703B1D021C1A80BB1C0A1C1A800F23B6
:10B73000FB1800221A700E257B1900221A70FB1DBF
:10B740001B78FF2B20D0194B1A787C19FB1D1B7816
:10B7500019001000F9F7CEFF03002370134B19787E
:10B760003B1D1C88FB1D1A787B191878BB1C1B8895
:10B770000093230000F0A4F8BB1C1A880C4B002196
:10B78000180019F01EFE09E0084B1878BB1C198838
:10B790003B1D1A880B00FF21FFF770FF0F23FB18DA
:10B7A0001B781800BD4604B0B0BDC0460C1B00207D
:10B7B000E00B0020F0B587B000AF04000800BA60CD
:10B7C00019000F257B19221C1A700C23FB18021C70
:10B7D0001A80BB1D0A1C1A801623FB18BA1D12887A
:10B7E0001A801423FB1800221A801223FB1800224F
:10B7F0001A8011217B1800221A701023FB180022D6
:10B800001A702C4B1A787C187B191B7819001000C1
:10B81000F9F770FF0300237041E01223FA18162392
:10B82000FB181B8899B22E2900D92E2313801424CB
:10B830003B191B88BA68D11812257B191A881E4B30
:10B84000180019F0E6FE1626BB19B91928003A1897
:10B85000098812888A1A1A803B1939193A180988F6
:10B8600012888A181A80BB191B88002B06D0134B2C
:10B870001A78802149420A431A7004E00F4B1A7863
:10B880007F210A401A701223FB181A880C23FB1818
:10B8900019880F23FB181B781800FFF739FF1623B0
:10B8A000FB181B88002BB8D100231800BD4607B039
:10B8B000F0BDC0460C1B0020E00B00202C1B00201C
:10B8C000B0B586B000AF05000C0010001900FB1DDC
:10B8D0002A1C1A70BB1D221C1A707B1D021C1A70B8
:10B8E000BB1C0A1C1A801023FB1800221A700F239D
:10B8F000FB1800221A700E23FB1800221A7017235F
:10B90000FB1800221A701623FB1800221A70152348
:10B91000FB1800221A70FB1D1B78002B03D17B1D26
:10B920001B78002B17D0FB1D1B78002B07D17B1D2C
:10B930001B78FF2B03D07B1D1B78FE2B0BD1FB1D2F
:10B940001B78002B09D0BB1D1B78002B05D07B1D5D
:10B950001B78002B01D1672318E200200FF076FB43
:10B960000300BB60052100200FF08AFBCA4B482270
:10B970001A70C94B5A225A70FB1D1B78002B0BD131
:10B98000BB1D1B78002B07D17B1D1B78FF2B07D01D
:10B990007B1D1B78FE2B03D0BB1C1B88002B18D1F2
:10B9A00028203B181B885A1E16243B19BB498A5C69
:10B9B0001A703B181B885A1E1300DB009B1ADB0011
:10B9C000B74A99183B191A78B64B180019F021FE9E
:10B9D00029E1BB1D1B78002B03D1BB1DB24A127895
:10B9E0001A70B24B1B7801221340DBB2002B05D03A
:10B9F0001722BB18BA18127801321A70BB1C1B88A8
:10BA0000FF2B04D9A94B1A7802210A431A70A24BC2
:10BA10001622BA1812789A709F4B7A1D1278DA7033
:10BA20009D4BBA1D12781A71A04B1A789A4B5A7115
:10BA300017203B181B780633BA1C1288D1B2964ADD
:10BA4000D1549A4B1B7802221340DBB2002B0ED04C
:10BA50003B183A18127801321A70BB1C1B881B0A5B
:10BA60009AB23B181B780633D1B28B4AD1542824A2
:10BA70003B191B882E2B1AD817257B191B78DA1D2A
:10BA8000854BD0188A4B1B881A008A4BD1183B195A
:10BA90001B881A0019F0BDFD3B191B88DAB27B190F
:10BAA0001B78D318DAB21623FB1804321A70824BB3
:10BAB0001B78002B00D1B6E0804B1B78FF2B52D0B7
:10BAC0001223FB1801221A8035E012203B181B8834
:10BAD0005A1E7B4B5200D35A1A00784B1B781A41DE
:10BAE00013000122134020D015217B187A181278F8
:10BAF00001321A7028243B191A887B181B78D31836
:10BB00002C2B10DC1723FB181B78DA1D3B191B8824
:10BB1000D2187B181B78D318013B3A181288D1B27F
:10BB20005D4AD15401E0692330E112217B181A8863
:10BB30007B1801321A80634B1B781A001223FB1802
:10BB40001B889342C1D91723FB181B78DA1D2823C1
:10BB5000FB181B88D21815217B181B78D3184E4A66
:10BB600079180978D154554B1B78FF2B16D1282111
:10BB70007B181B882C2B11D8534B1B780133DAB25E
:10BB8000514B1A701723FB181B78DA1D7B181B8882
:10BB9000D3184D4A1178404AD1542EE0474B1B78B8
:10BBA000FF2B01D16923F1E0444B1B78FF2B1ED002
:10BBB00028217B181A8815203B181B78D3182B2BAB
:10BBC00015DC414B1B780133DAB23F4B1A70172357
:10BBD000FB181B78DA1D7B181B88D2183B181B78C2
:10BBE000D3180133384A11782B4AD15405E0334B2E
:10BBF0001B78FF2B01D06923C8E0304B1B78FF2B4B
:10BC000006D11622BB18BA18127801321A700AE04F
:10BC10001523FA1816217B1812781B78D318DAB27C
:10BC20007B1802321A701C4B16257A1912789A70FA
:10BC30007B191B7803331A001749244B180019F09D
:10BC4000E8FC7B191B789BB203339AB27B191B78F3
:10BC5000DC1C1E4B1100180006F08AFF03001A00BE
:10BC60000D4B1A55194B38220021180019F0A9FB69
:10BC70007B1D1B78FF2B2BD07B1D1B78FE2B27D029
:10BC80007B191B789BB204339AB20349FB1D1878C9
:10BC9000322309F055FE6AE0780A0020B80A002035
:10BCA000C80A00207B0A00200C1B00202C1B00204F
:10BCB000AE230020E00B0020120A002078000020B4
:10BCC000A41A00207C000020B10A002038230020A4
:10BCD000BB1C1B88002B07D1BB1D1B78002B03D17D
:10BCE000BB1D2C4A12791A70BB1D1B781800F9F77E
:10BCF00029FB1123FB1801221A7033E0264B1B7815
:10BD00005A1E264B5200D35A1A0011203B181B789A
:10BD1000013B1A411300012213401AD016243B198B
:10BD20001B789BB204339AB21A493B181878322315
:10BD300009F006FE1A4B1B78002B0AD03B191B7822
:10BD40009BB204339AB21349FB1D1878322309F0D1
:10BD5000F7FD0A2009F0AEF911217B181A787B183B
:10BD600001321A701123FB181B78052BC6D9BB684A
:10BD7000190000200FF084F90A4B1B78002B02D029
:10BD8000084B02221A701023FB181B781800BD46BE
:10BD900006B0B0BD780A00200C1B00203816002029
:10BDA000110A00202D1B0020F0B58BB006AF050056
:10BDB0000C0010001900FB1D2A1C1A70BB1D221C50
:10BDC0001A707B1D021C1A703B1D0A1C1A700B2472
:10BDD0003B1900221A700F23FB1800221A700E2341
:10BDE000FB1800221A700D23FB1800221A70B04BAA
:10BDF0001B78BA1D12789A4248D0FB6ADAB2AD4B72
:10BE00001A70FB6A1B0ADAB2AA4B5A70FB6A1B0C47
:10BE1000DAB2A84B9A70FB6A1B0EDAB2A54BDA7045
:10BE20003B6BDAB2A34B1A713B6B1B0ADAB2A14B24
:10BE30005A713B6B1B0CDAB29E4B9A713B6B1B0E1B
:10BE4000DAB29C4BDA719B4A202308215B18DB197C
:10BE50001B781372974BFA1D12785A72954B3A1D44
:10BE600012789A72934B7A1D1278DA722C235B182F
:10BE7000DB191A788F4B1A73BB1D1B780D221C21FE
:10BE80001800FFF745FC3B191B780CE10C23FB184D
:10BE900000221A70B6E03B1D1A78BB1D1B781100FA
:10BEA0001800F9F727FC0C217B181B78824AD35C19
:10BEB000002B00D1A0E07B181B7801337E4AD35CB5
:10BEC000002B10D07B181B787B4AD05C7B181B782A
:10BED0000133794AD35C0E22BC181900F9F70AFC29
:10BEE000030023700EE00C23FB181B78724AD25C0F
:10BEF0000E23FC18BB1D1B7819001000F9F7FAFB84
:10BF0000030023703B1D1A78BB1D1B78110018001D
:10BF1000F9F7F0FB0C23FB181B78674AD35C3A1D3A
:10BF200012789A4205D10D23FB187A1D12781A70E7
:10BF300010E00C217B181B785F4AD05C7B181B78C3
:10BF4000013B5D4AD35C0D22BC181900F9F7D2FB06
:10BF500003002370FB6ADAB2564B1A70FB6A1B0AA5
:10BF6000DAB2544B5A70FB6A1B0CDAB2514B9A701E
:10BF7000FB6A1B0EDAB24F4BDA703B6BDAB24D4BF9
:10BF80001A713B6B1B0ADAB24A4B5A713B6B1B0CA2
:10BF9000DAB2484B9A713B6B1B0EDAB2454BDA7141
:10BFA000444A202308215B18DB191B781372414B8C
:10BFB0000E22BA1812785A723E4B0D22BA18127815
:10BFC0009A722C235B18DB191A783A4BDA723B1DF4
:10BFD0001A78BB1D1B7811001800F9F78BFB0C2396
:10BFE000FB181B78344AD35C0C221B211800FFF786
:10BFF0008FFB0A200DF02CFB0C217B181A787B1884
:10C0000001321A700C23FB181B78192B00D842E759
:10C01000FB1D1B780D2B43D0BA1D3B1D12781B78DE
:10C020009A4205D10F23FB187A1D12781A700BE083
:10C030000F23FC183B1D1A78BB1D1B78110018003C
:10C04000F9F758FB03002370FB1D1C783A6BF96A63
:10C05000202508202B18DB1918780F26BB191B7810
:10C0600000932300FFF70EF82C2308201B18DB1980
:10C070001B78002B14D0FB1D1C783A6BF96A2B1827
:10C08000DB19187800230493002303930023029301
:10C0900000230193BB191B7800932300F8F718F9CC
:10C0A0000B23FB181B781800BD4605B0F0BDC04639
:10C0B0000C1B0020E00B00209423002080B500AF73
:10C0C000BFF34F8FC046044B044ADA60BFF34F8F73
:10C0D000C046C046FDE7C04600ED00E00400FA059A
:10C0E000F0B58BB000AF78602723FB1800221A70E0
:10C0F0001023FB1800221A6000221A710823FB1873
:10C1000000221A6000221A711A23FB1800221A70EA
:10C1100001235B421900012010F00EF8D54B0022DC
:10C120001A7000F0A8FD1923FB18D24A12781A7071
:10C13000D04B1B781A00D04B9200D3581B68DBB24F
:10C14000CC4A1278110040225242D31ADAB2CB4BB9
:10C150005A54C84B1B781A00C84B9A5CC54B1B78C5
:10C160001900C74B5B5C9A4200D125E2C14B1A789B
:10C1700018243B1901321A703B191B785A1EBD4B0B
:10C180001B781900BE4B5B5C1800BE4913005B00B6
:10C190009B189B01CB181B5C0D2B4BD13B191B78BB
:10C1A000B94AD35C002B45D100233B620DE0B64A6F
:10C1B0003B6AD3181B78032B04D1B34A3B6AD318CC
:10C1C00000221A703B6A01333B623B6A052BEEDDAD
:10C1D00018203B181B78AC4A0321D154AB4B3A18BA
:10C1E00012781A70AA4B3A1812781A703B181B78FA
:10C1F0005A1EA04B1B781900A14B5B5C1800A1498B
:10C2000013005B009B189B01CB181A5CA14B1A70A2
:10C21000A14B18680023022200210FF0CFFF9F4B93
:10C220001B78012B02D19E4B01221A709B4B0122DD
:10C230001A70ABE118217B181B78934AD35C032B4F
:10C2400015D17B181B785A1E8A4B1B7819008C4B12
:10C250005B5C18008B4913005B009B189B01CB189B
:10C260001A5C8C4B1A708E4B01221A708EE11824C6
:10C270003B191B785A1E7F4B1B781900804B5B5C67
:10C280001800804913005B009B189B01CB181B5CB6
:10C29000482B0BD13B191B787B4AD35C002B05D173
:10C2A0003B191B78784A0721D1546FE118243B19B8
:10C2B0001B785A1E6F4B1B781900714B5B5C180082
:10C2C000704913005B009B189B01CB181B5C5A2B19
:10C2D0000BD13B191B786C4AD35C072B05D13B195A
:10C2E0001B78694A0821D15450E118243B191B7866
:10C2F0005A1E604B1B781900614B5B5C180061494A
:10C3000013005B009B189B01CB181B5C5A2B0BD0B6
:10C310003B191B785C4AD35C072B05D13B191B7872
:10C32000594A0021D15431E11826BB191B78564ACD
:10C33000D35C082B4CD1BB191B78534A0121D15433
:10C34000BB191B785A1E4B4B1B7819004C4B5B5C7E
:10C350001D0019243B1919783B191B785148C35CFF
:10C360001C00484813005B009B189B01C3185D5DCF
:10C370004D482300DB001B1BDB000A009200521813
:10C38000D100891ACA0011005B18C31802332A1C95
:10C390001A7019243B191B780822BA180321D154AA
:10C3A000BB191B785A1E334B1B781900344B5B5C4E
:10C3B0001800344913005B009B189B01CB181A5CD2
:10C3C0003B191B780132D1B21022BA18D154DDE0EA
:10C3D00018217B181B782C4AD35C012B00D0D5E0A8
:10C3E00019203B181B781022BA18D35C012B5DD999
:10C3F0007B181B785A1E1F4B1B781900204B5B5C67
:10C400001E003B18197805003B181B782548C35CB3
:10C410001C007B191B7808257819C35C1D0019487E
:10C4200013005B009B189B01C3189E5D1E482300F0
:10C43000DB001B1BDB000A0092005218D100891A96
:10C44000CA0011005B18C318321C5A5519203B183A
:10C450001B7808243A19D25C0132D1B23A19D1546E
:10C460003B181B7810203A18D25C013AD1B23A1826
:10C47000D1548BE0E2290020E4160020DC290020C2
:10C48000D4290020301E0020C00A0020B00A00205D
:10C49000311B0020E1290020AC2200204024002094
:10C4A000B60A00204C240020542400201823FB1836
:10C4B0001B785A1EE04B1B781900E04B5B5C1E009A
:10C4C00019257B1919787B191B78DD48C35C1C0082
:10C4D0007B191B7808203818C35C1D00D94813004D
:10C4E0005B009B189B01C3189E5DD7482300DB00AF
:10C4F0001B1BDB000A0092005218D100891ACA00E7
:10C5000011005B18C318321C5A5519203B181B78B0
:10C5100008243A19D25C0132D1B23A19D1543B18ED
:10C520001B7810243A19D25C013AD1B23A19D1548D
:10C530003B181B78C24AD25C0132D1B2C04AD154F6
:10C540003B181B78BE4AD35C052B04D13B181B78E3
:10C55000BB4A0021D154BD4B1B781900BC4B18229B
:10C56000BA1812785A54B94B1B780133DAB2B74B68
:10C570001A70B64B1B78052B02D1B44B00221A70EF
:10C580001823FB181B78B34A0021D154AA4B1B78FF
:10C59000AA4AD25C0132D1B2A84AD154A64B1B7828
:10C5A0001A00A64B9B5CC02B18D1A34B1B781A001A
:10C5B000A24B0021995411E09F4B1B781A00A64B07
:10C5C0009A5C9D4B1B7819009C4B5B5C9A4205D191
:10C5D000994B1B780133DAB2974B1A709B4B1A7840
:10C5E0009E4B1B789A4200D145E39C4B1B78190067
:10C5F00018203B18964A525C1A7019257B193A1874
:10C600001278013A1A707B1919787B191B78944AB1
:10C61000D35C1A008C481300DB009B1ADB000A0075
:10C6200092005218D100891ACA0011005B184822E2
:10C630001A547B1919787B191B78894AD35C1A0024
:10C6400081481300DB009B1ADB000A00920052189D
:10C65000D100891ACA0011005B18C31801335A228D
:10C660001A707B1919787B191B787D4AD35C1A00E4
:10C6700017243819744C1300DB009B1ADB000A00E6
:10C6800092005218D100891ACA0011005B18E318F1
:10C6900002331B7803707B1919787B191B78704A59
:10C6A000D35C1A001626B819674C1300DB009B1ADE
:10C6B000DB000A0092005218D100891ACA0011004A
:10C6C0005B18E31803331B780370664B1B78BA19A9
:10C6D00012789A4263D0BB191B78002B5FD0BB192C
:10C6E0001B78FF2B5BD0BB191B78FE2B57D07B1917
:10C6F0001B785D4A172439190978D1547B191A78A7
:10C700001300DB009B1ADB00584A98187B19197834
:10C710007B191B78524AD35C1A001300DB009B1A6A
:10C72000DB000A0092005218D100891ACA001100D9
:10C730005B18DA1C444BD1183B191B781A0018F00F
:10C7400068FF18203B181B785A1E48491300DB006D
:10C750009B1ADB00CB1802331B789B08DBB21A1C38
:10C7600001231340DAB2424B01210A4090001A78AB
:10C7700004218A43111C021C0A431A703C4B1B788B
:10C7800004221340DBB2002B02D03A4B03221A7072
:10C790001823FB181B781800FEF7AAFE4AE219249A
:10C7A0003B1919783B191B782D4AD35C1A0026488F
:10C7B0001300DB009B1ADB000A0092005218D10024
:10C7C000891ACA0011005B181A5C2B4B1A703B19AE
:10C7D00019783B191B78224AD35C1A001A481300B7
:10C7E000DB009B1ADB000A0092005218D100891A64
:10C7F000CA0011005B18C31801331A781E4B5A7017
:10C800003B1919783B191B78154AD35C1A000E485E
:10C810001300DB009B1ADB000A0092005218D100C3
:10C82000891ACA0011005B18C31802331A78124B18
:10C830009A700023FB6141E0E2290020D429002006
:10C840004C240020301E002054240020D229002037
:10C85000CC290020C00A0020DC290020D12900209A
:10C86000442400200C1B0020B80A0020C80A002025
:10C870002C1B0020B20A0020082400201922BB181B
:10C880001978BB181B78DE4AD35C1A00FB69DC1CE4
:10C89000FB69D81CDB4D1300DB009B1ADB000A0090
:10C8A00092005218D100891ACA0011005B18EB18C7
:10C8B0001A5DD54B1A54FB690133FB611726BB196E
:10C8C0001B78FA699A42D9DBBB191B789BB20333F8
:10C8D0009AB21523FC18CC4B1100180006F048F949
:10C8E00003002370C94B1B8801339AB2C74B1A80CF
:10C8F00019257B1919787B191B78C14AD35C1A005A
:10C90000BB191B78D81CBF4C1300DB009B1ADB0043
:10C910000A0092005218D100891ACA0011005B184F
:10C92000E3181B5C1522BA1812789A4200D07BE1FA
:10C93000B74B1B8801339AB2B54B1A807B191B7811
:10C94000B44A3400B9190978D1547B191A78130004
:10C95000DB009B1ADB00B04A98187B1919787B1909
:10C960001B78A74AD35C1A001300DB009B1ADB007C
:10C970000A0092005218D100891ACA0011005B18EF
:10C98000DA1CA04BD1183B191B781A0018F041FE95
:10C990002723FB1800221A701622BB181B78FF2BC6
:10C9A00004D0BB181B78FE2B00D01CE11623FB180B
:10C9B0001B78FF2B42D118243B191B785A1E3B19B8
:10C9C0001B78013B9349CB5C591E93481300DB0055
:10C9D0009B1ADB00C3185A5C904B1B78DBB29A425F
:10C9E0002CD03B191B785A1E3B191B78013B8949F7
:10C9F000CB5C591E88481300DB009B1ADB00C31870
:10CA00005A5C864B111C1970854B1A703B191B78A8
:10CA10001900FF20FEF7B2FD3B191B785A1E3B1987
:10CA20001B78013B7B49CB5C591E7B481300DB0024
:10CA30009B1ADB00C31800225A541EE01623FB1871
:10CA40001B78FF2B19D118217B181B785A1E7B18D5
:10CA50001B78013B6F49CB5C591E6F481300DB000C
:10CA60009B1ADB00C3185A5C6C4B1B78DBB29A42F2
:10CA700003D12723FB1803221A701623FB181B78F7
:10CA8000FE2B00D090E018243B191B785A1E3B194E
:10CA90001B78013B5F49CB5C591E5F481300DB00EC
:10CAA0009B1ADB00C3185A5C5C4B1B78DBB29A42C2
:10CAB00000D179E03B191B785A1E3B191B78013BCA
:10CAC0005449CB5C591E54481300DB009B1ADB0011
:10CAD000C3185A5C514B111C1970514B1A703B19F9
:10CAE0001B781900FE20FEF749FD3B191B785A1EE2
:10CAF0003B191B78013B4749CB5C591E4648130044
:10CB0000DB009B1ADB00C31800225A543B191B7828
:10CB10005A1E3B191B78013B3E49CB5C981E1A23D9
:10CB2000F9183D4C1300DB009B1ADB00E3181B5C7B
:10CB30000B702723FB1866221A701B23FB18002298
:10CB40001A7028E018217B181B785A1E7B181B7856
:10CB5000013B3049CB5C991E1A23FB181B78C91A7C
:10CB60001B23FB181B78C9182B481300DB009B1AEA
:10CB7000DB00C3185A5C2B4B1B789A4205D1272344
:10CB8000FB1800221A70C0462DE01B217B181A7872
:10CB90007B1801321A701B23FA181A23FB1812781B
:10CBA0001B789A42CED31EE01623FB181B78FE2B6F
:10CBB00019D118217B181B785A1E7B181B78013B52
:10CBC0001449CB5C591E14481300DB009B1ADB0090
:10CBD000C3185A5C114B1B78DBB29A4203D127234E
:10CBE000FB1803221A702723FB181B78002B21D176
:10CBF0001823FB181B781800FEF7F8FC1AE0C04653
:10CC0000442400205424002008240020E829002087
:10CC1000E4290020B80A0020C80A0020D3290020F7
:10CC2000B10A00200C1B0020174B1B8801339AB25D
:10CC3000154B1A8019203B181B78144AD25C01321C
:10CC4000D1B2124AD1543B181B78104AD35C052B41
:10CC500004D13B181B780D4A0021D1540C4B1B7892
:10CC60000133DAB20A4B1A70094B1B78052B02D13B
:10CC7000074B00221A70074B1B78042B01D8FFF7D3
:10CC800052FAFFF745FAC046E62900204424002066
:10CC9000D1290020E2290020B0B586B000AF78602D
:10CCA0001723FB1800221A701123FB1800221A7098
:10CCB0007A681023FB181A701723FB1800221A70C9
:10CCC00001235B42190001200FF036FA10243B19B2
:10CCD0001B78013BE54AD35C002B00D128E33B19CC
:10CCE0001B785A1E0F23F918E1481300DB009B1A2A
:10CCF000DB001B5C0B703B191B785A1E1623F918BE
:10CD0000DB481300DB009B1ADB00C31801331B78E0
:10CD10000B7015257B1900221A703B191B785A1EBF
:10CD2000D449D3481300DB009B1ADB00C31802333D
:10CD30001B780B70CF4B1B7801221340DBB2002B0A
:10CD400008D01123FB1801221A707B197A19127866
:10CD500001321A70C74B1B7802221340DBB2002B42
:10CD600029D010257B191B785A1E15243B191B78D6
:10CD7000191DBF481300DB009B1ADB00C3185B5C66
:10CD80001B0299B27B191B785A1E25003B191B7890
:10CD9000D81CB74C1300DB009B1ADB00E3181B5CAC
:10CDA0001A001223FB188A181A807B197A19127834
:10CDB00001321A7011E01023FB181B785A1E15233C
:10CDC000FB181B78D91CAA481300DB009B1ADB0058
:10CDD000C3185A5C1223FB181A80A64B1B78082232
:10CDE0001340DBB2002B0CD0A24B1A7808218A43E7
:10CDF0001A701623FB181B7800222C211800FEF74E
:10CE000087FC1522BB18BA18127804321A7017233F
:10CE1000FB181B78002B00D08AE21223FB181B881A
:10CE2000312B0ADC002B00DA6DE2312B00D96AE2EB
:10CE30009A00914BD3181B689F46904A93425FD04B
:10CE400061E21723FC181523FB181A781023FB182E
:10CE500019781623FB181B78180000F0D1FA03008C
:10CE6000237065E21723FC181523FB181A7810238A
:10CE7000FB1819781623FB181B78180000F0FAFA33
:10CE80000300237054E280235900A023DB05012214
:10CE9000180012F028FB4BE280235900A023DB0589
:10CEA0000022180012F01FFB42E280235A00A02348
:10CEB000DB051100180012F033FB39E21723FC18D0
:10CEC0001523FB181A781023FB1819781623FB1862
:10CED0001B78180000F038FB0300237028E21723AA
:10CEE000FC181523FB181A781023FB181978162341
:10CEF000FB181B78180000F0AFFB0300237017E24B
:10CF00001723FC181523FB181A781023FB1819781F
:10CF10001623FB181B78180000F002FC0300237096
:10CF200006E21723FC181523FB181A781023FB18A8
:10CF300019781623FB181B78180000F0E5FD030094
:10CF40002370F5E11723FC181523FB181A7810231A
:10CF5000FB1819781623FB181B78180000F046FE02
:10CF600003002370E4E11723FC181523FB181A783B
:10CF70001023FB1819781623FB181B78180000F0F3
:10CF8000B3FE03002370D3E11723FC181523FB180D
:10CF90001A781023FB1819781623FB181B78180031
:10CFA00000F008FF03002370C2E11723FC181523CB
:10CFB000FB181A781023FB1819781623FB181B7816
:10CFC000180000F06DFF03002370B1E11723FC1877
:10CFD0001623FB181B78180008F01CFE03002370B2
:10CFE000A6E11723FC181523FB181A781023FB1849
:10CFF00019781623FB181B78180000F0E7FF0300D0
:10D00000237095E11723FC181523FB181A781023B9
:10D01000FB1819781623FB181B78180001F03EF84E
:10D020000300237084E11723FC181523FB181A78DA
:10D030001023FB1819781623FB181B78180001F031
:10D04000F5F80300237073E11723FC181523FB1870
:10D050001A781023FB1819781623FB181B78180070
:10D0600001F00AF90300237062E1C046B80A00200B
:10D07000C80A00202C1B002024CA0208B2050000A8
:10D080001723FC181523FB181A781023FB1819789E
:10D090001623FB181B78180001F016F90300237003
:10D0A00046E11723FC181523FB181A781023FB18E8
:10D0B00019781623FB181B78180001F0D9F9030022
:10D0C000237035E11723FC181523FB181A78102359
:10D0D000FB1819781623FB181B78180001F052FA78
:10D0E0000300237024E11723FC181523FB181A787A
:10D0F0001023FB1819781623FB181B78180001F071
:10D1000065FA0300237013E11723FC181523FB189D
:10D110001A781023FB1819781623FB181B781800AF
:10D1200001F09EFA0300237002E11723FC18152377
:10D13000FB181A781023FB1819781623FB181B7894
:10D14000180001F02FFD03002370F1E01723FC18F5
:10D150001523FB181A781023FB1819781623FB18CF
:10D160001B78180001F0C4FD03002370E0E01723D2
:10D17000FC181523FB181A781023FB1819781623AE
:10D18000FB181B78180002F00DF803002370CFE0A5
:10D190001723FC181523FB181A781023FB1819788D
:10D1A0001623FB181B78180002F0AAF9030023705D
:10D1B000BEE01723FC181523FB181A781023FB1860
:10D1C00019781623FB181B78180002F04FFE030095
:10D1D0002370ADE01723FC181523FB181A781023D1
:10D1E000FB1819781623FB181B78180002F06AFE4A
:10D1F000030023709CE01723FC181523FB181A78F2
:10D200001023FB1819781623FB181B78180002F05E
:10D21000ADFE030023708BE01723FC181523FB18C9
:10D220001A781023FB1819781623FB181B7818009E
:10D2300002F002FF030023707AE01723FC18152385
:10D24000FB181A781023FB1819781623FB181B7883
:10D25000180002F015FF0300237069E01723FC1883
:10D260001523FB181A781023FB1819781623FB18BE
:10D270001B78180002F022FF0300237058E01723E8
:10D28000FC181523FB181A781023FB18197816239D
:10D29000FB181B78180002F02FFF0300237047E0F3
:10D2A0001723FC181523FB181A781023FB1819787C
:10D2B0001623FB181B78180003F0FEF903002370F7
:10D2C00036E01723FC181523FB181A781023FB18D7
:10D2D00019781623FB181B78180003F027FA0300AF
:10D2E000237025E01723FC181523FB181A78102348
:10D2F000FB1819781623FB181B78180003F050FA56
:10D300000300237014E01723FC181523FB181D7865
:10D310001223FB181A881023FB1819781623FB1800
:10D3200018782B0003F0AEFA0300237000E0C0462B
:10D3300017243B191B78012B0AD11623FB181B78E5
:10D34000002200211800FEF7E3F93B1900221A70B1
:10D3500010217B181B785A1E1300DB009B1ADB0080
:10D36000154A98180C007B181B78013B134AD35CB4
:10D370001A00002118F025F83B191B78013B0F4AD1
:10D380000021D1543B191B780D4AD35C022B10D0DD
:10D390003B191B780A4AD35C032B0AD03B191B7834
:10D3A000074AD35C042B04D03B191B78044A0021A4
:10D3B000D1540CF03DFD7FE4C80A0020B80A0020DB
:10D3C000C00A0020B0B584B000AF05000C0010000A
:10D3D0001900BB1D2A1C1A807B1D221C1A703B1DC4
:10D3E000021C1A70FB1C0A1C1A700F217B180122E8
:10D3F0001A707B181B781800BD4604B0B0BD000041
:10D4000090B585B000AF040008001100FB1D221C80
:10D410001A70BB1D021C1A707B1D0A1C1A700F2388
:10D42000FB1800221A70114B01221A70104B1B7846
:10D4300060221340DBB2602B06D00D4B1B786022BC
:10D440001340DBB2202B0AD10F23FC18FB1D1B78E5
:10D45000002202211800FEF75BF9030023700F235E
:10D46000FB181B781800BD4605B090BDB20A00201D
:10D470002C1B002090B587B002AF040008001100FB
:10D48000FB1D221C1A70BB1D021C1A707B1D0A1C7E
:10D490001A700F23FB1800221A70244B1B78002BE4
:10D4A0003AD1234B1B781900224A0B009B005B18D2
:10D4B0005B009B5C002B07D1FB1D1A781E491F4B9C
:10D4C000180017F0FFFE0EE0FB1D1C78FB1D1A78FC
:10D4D00013009B009B185B00164A9B1818491748BD
:10D4E000220017F0EFFE114B1C78144B1800F2F7D6
:10D4F00015FE03009AB2114901235B4200933223C7
:10D50000200008F0C7F9031E06D00F217B18FF2268
:10D510001A707B181B7805E00A4B00221A700F2343
:10D52000FB181B781800BD4605B090BDB00A00205E
:10D530000C1B002078190020ECCA0208B823002038
:10D5400000CB02082D1B0020B0B586B002AF04004E
:10D5500008001100FB1D221C1A70BB1D021C1A7052
:10D560007B1D0A1C1A700F257B1900221A70FB1DE7
:10D570001B789BB21B0299B2BB1D1B785A1E7B1DE8
:10D580001B78981C2F4C1300DB009B1ADB00E31860
:10D590001B5C1800BB1D1B785A1E0B1899B22A4B36
:10D5A0009200D152BB1D1B785A1E7B1D197825484D
:10D5B0001300DB009B1ADB00C3185B5C1B0299B2F3
:10D5C000BB1D1B785A1E7B1D1B78581C1D4C13005D
:10D5D000DB009B1ADB00E3181B5C1A00BB1D1B78E9
:10D5E000013B8A1891B2184A9B00D31802330A1CD7
:10D5F0001A80164B02221A70154B1B881B0A9BB20D
:10D60000DAB2144B1A70124B1B88DAB2114B5A70F3
:10D61000104BBA1D12789A7002200CF019F87C1980
:10D62000BB1D1878032300930B2300220021FEF773
:10D6300047F9030023707B191B781800BD4604B01E
:10D64000B0BDC046C80A002010160020B20A002053
:10D650007A000020E00B0020B0B584B000AF0400D9
:10D6600008001100FB1D221C1A70BB1D021C1A7041
:10D670007B1D0A1C1A700F257B1900221A70FB1DD6
:10D680001B789BB21B0299B2BB1D1B785A1E7B1DD7
:10D690001B78981C1F4C1300DB009B1ADB00E3185F
:10D6A0001B5C1800BB1D1B785A1E0B1899B21A4B35
:10D6B0009200D152BB1D1B785A1E7B1D197815484C
:10D6C0001300DB009B1ADB00C3185B5C1B0299B2E2
:10D6D000BB1D1B785A1E7B1D1B78581C0D4C13005C
:10D6E000DB009B1ADB00E3181B5C1A00BB1D1B78D8
:10D6F000013B8A1891B2084A9B00D31802330A1CD6
:10D700001A80064B00221A707B191B781800BD4640
:10D7100004B0B0BDC80A0020101600202D1B002048
:10D7200090B585B000AF040008001100FB1D221C5D
:10D730001A70BB1D021C1A707B1D0A1C1A700F2464
:10D740003B1900221A70BB1D1B785A1E7B1D1978CD
:10D75000EB481300DB009B1ADB00C3185A5CE94B53
:10D760001A70BB1D1B785A1E7B1D1B78591CE44880
:10D770001300DB009B1ADB00C3185A5CE14B5A70A4
:10D78000BB1D1B785A1E7B1D1B78991CDC4813009F
:10D79000DB009B1ADB00C3185A5CDA4B9A70BB1D86
:10D7A0001B785A1E7B1D1B78D91CD5481300DB0043
:10D7B0009B1ADB00C3185A5CD24BDA70BB1D1B7876
:10D7C0005A1E7B1D1B78191DCD481300DB009B1AC8
:10D7D000DB00C3185A5CCB4B1A71BB1D1B785A1E59
:10D7E0007B1D1B78591DC6481300DB009B1ADB000C
:10D7F000C3185A5CC34B5A71BB1D1B785A1E7B1D44
:10D800001B78991DBE481300DB009B1ADB00C31870
:10D810005A5CBC4B9A71BB1D1B785A1E7B1D1B7832
:10D82000D91DB7481300DB009B1ADB00C3185A5CF4
:10D83000B44BDA71BB1D1B785A1E7B1D1B78083355
:10D840001900AF481300DB009B1ADB00C3185A5CB9
:10D85000AC4B1A72BB1D1B785A1E7B1D1B780933FB
:10D860001900A7481300DB009B1ADB00C3185A5CA1
:10D87000A44B5A72BB1D1B785A1E7B1D1B780A33A2
:10D8800019009F481300DB009B1ADB00C3185A5C89
:10D890009C4B9A72BB1D1B785A1E7B1D1B780B3349
:10D8A000190097481300DB009B1ADB00C3185A5C71
:10D8B000944BDA72BB1D1B785A1E7B1D1B780C33F0
:10D8C00019008F481300DB009B1ADB00C3185A5C59
:10D8D0008C4B1A73BB1D1B785A1E7B1D1B780D3396
:10D8E000190087481300DB009B1ADB00C3185A5C41
:10D8F000844B5A73BB1D1B785A1E7B1D1B780E333D
:10D9000019007F481300DB009B1ADB00C3185A5C28
:10D910007C4B9A73BB1D1B785A1E7B1D1B780F33E3
:10D92000190077481300DB009B1ADB00C3185A5C10
:10D93000744BDA73BB1D1B785A1E7B1D1B7810338A
:10D9400019006F481300DB009B1ADB00C3185A5CF8
:10D950006C4B1A74BB1D1B785A1E7B1D1B78113330
:10D96000190067481300DB009B1ADB00C3185A5CE0
:10D97000644B5A74BB1D1B785A1E7B1D1B781233D7
:10D9800019005F481300DB009B1ADB00C3185A5CC8
:10D990005C4B9A74BB1D1B785A1E7B1D1B7813337E
:10D9A000190057481300DB009B1ADB00C3185A5CB0
:10D9B000544BDA74BB1D1B785A1E7B1D1B78143325
:10D9C00019004F481300DB009B1ADB00C3185A5C98
:10D9D0004C4B1A75BB1D1B785A1E7B1D1B781533CB
:10D9E000190047481300DB009B1ADB00C3185A5C80
:10D9F000444B5A75BB1D1B785A1E7B1D1B78163372
:10DA000019003F481300DB009B1ADB00C3185A5C67
:10DA10003C4B9A75BB1D1B785A1E7B1D1B78173318
:10DA2000190037481300DB009B1ADB00C3185A5C4F
:10DA3000344BDA75BB1D1B785A1E7B1D1B781833BF
:10DA400019002F481300DB009B1ADB00C3185A5C37
:10DA50002C4B1A76BB1D1B785A1E7B1D1B78193365
:10DA6000190027481300DB009B1ADB00C3185A5C1F
:10DA7000244B5A76BB1D1B785A1E7B1D1B781A330C
:10DA800019001F481300DB009B1ADB00C3185A5C07
:10DA90001C4B9A76BB1D1B785A1E7B1D1B781B33B3
:10DAA000190017481300DB009B1ADB00C3185A5CEF
:10DAB000144BDA76BB1D1B785A1E7B1D1B781C335A
:10DAC00019000F481300DB009B1ADB00C3185A5CD7
:10DAD0000C4B1A77BB1D1B785A1E7B1D1B781D3300
:10DAE000190007481300DB009B1ADB00C3185A5CBF
:10DAF000044B5A773B191B781800BD4605B090BD02
:10DB0000C80A0020002A0020B0B584B000AF04008D
:10DB100008001100FB1D221C1A70BB1D021C1A708C
:10DB20007B1D0A1C1A700D23FB1800221A700F238C
:10DB3000FB1800221A70BB1D1B781800F7F7BAFB00
:10DB4000274B02221A7032200BF082FD0E23FB18A5
:10DB500001221A702AE00E217B181B785A1E214BD5
:10DB60009200D35A002B1BD00F243B191B781E4A5E
:10DB70000D0079180978D1543B191B785A1C1A4B9F
:10DB8000D0187B191B78013B9A00164BD31804223E
:10DB9000190017F03EFD3B193A19127805321A7038
:10DBA0000E217B181A787B1801321A700E23FB188D
:10DBB0001B78052BCFD90F23FB181B789AB20D25A4
:10DBC0007C19FB1D1B780D211800FDF7A1FD03003A
:10DBD00023707B191B781800BD4604B0B0BDC04649
:10DBE000B20A002010160020E00B0020B0B584B06F
:10DBF00000AF040008001100FB1D221C1A70BB1DA1
:10DC0000021C1A707B1D0A1C1A700E23FB180022BE
:10DC10001A700D203B1800221A70BB1D1B78013BA7
:10DC20002D4AD15C0C257B197A1D12788A1A1A703C
:10DC30003C187B191B7805211800F2F78BFA0300BA
:10DC400023700F23FB1800221A7033E0BB1D1B78D2
:10DC50005A1E7B1D18780F257B1919780B009B0025
:10DC60005B18C1181D481300DB009B1ADB00C318AA
:10DC70005B5C013B9A001A4BD418BB1D1B785A1EE3
:10DC80007B1D1B78581C7B1919780B009B005B18B7
:10DC9000C1181300DB009B1ADB005A180F4BD31876
:10DCA00004221900200017F0B4FC7B191A787B19A4
:10DCB00001321A700F23FA180D23FB1812781B7803
:10DCC0009A42C3D3074B00221A700E23FB181B780D
:10DCD0001800BD4604B0B0BDB80A0020C80A002034
:10DCE000241600202D1B0020B0B584B000AF040026
:10DCF00008001100FB1D221C1A70BB1D021C1A70AB
:10DD00007B1D0A1C1A700E23FB1800221A700F23A9
:10DD1000FB1801221A7026E00F257A19BB1D127814
:10DD20001B789A4219D07B191B78180007F068FEFF
:10DD30000400BB1D1B785A1E7B1D19787B191B78AC
:10DD4000CB18591E1A481300DB009B1ADB00C318BE
:10DD50005B5C1900200007F07DFE0F217B181A780C
:10DD60007B1801321A700F23FB181B78052BD3D9AF
:10DD7000BB1D1B78180007F043FE0400BB1D1B7879
:10DD80005A1E7B1D1B780A33190009481300DB005B
:10DD90009B1ADB00C3185B5C1900200007F05AFED9
:10DDA0000E23FB181B781800BD4604B0B0BDC0465A
:10DDB000C80A002090B587B002AF04000800110027
:10DDC000FB1D221C1A70BB1D021C1A707B1D0A1C35
:10DDD0001A700F23FB1800221A70BB1D1B785A1EE5
:10DDE0007B1D19782B481300DB009B1ADB00C3183E
:10DDF0005B5C002B0FD1BB1D1B785A1E7B1D1B7853
:10DE0000591C24481300DB009B1ADB00C3185A5C22
:10DE1000214B1A7037E0BB1D1B785A1E7B1D1978E9
:10DE20001C481300DB009B1ADB00C3185B5C012B52
:10DE300029D11A4B00221A70BB1D1B785A1E7B1D5C
:10DE40001B78591C13481300DB009B1ADB00C31816
:10DE50005A5C124B5A70BB1D1B785A1E7B1D1B78D7
:10DE6000991C0C481300DB009B1ADB00C318585C9C
:10DE70000F23FC1803230093102300220021FDF739
:10DE80001FFD030023700F23FB181B781800BD46ED
:10DE900005B090BDC80A00200C1B0020E00B00203C
:10DEA00090B585B000AF040008001100FB1D221CD6
:10DEB0001A70BB1D021C1A707B1D0A1C1A700F23DE
:10DEC000FB1800221A70BB1D1B78013B374AD15C3E
:10DED0000E243B197A1D12788A1A1A70344B1B785B
:10DEE0007F229343DBB2002B1FD0324B1B881A00DA
:10DEF000314BD018BB1D1B785A1E7B1D197813009F
:10DF0000DB009B1ADB005A182C4BD1183B191B78ED
:10DF10001A0017F07EFB3B191B789AB2254B1B8821
:10DF2000D3189AB2234B1A8038E0224B1B881A0070
:10DF3000214BD018BB1D1B785A1E7B1D197813006E
:10DF4000DB009B1ADB005A181C4BD1180E243B191E
:10DF50001B781A0017F05DFB3B191B789AB2154B22
:10DF60001B88D3189AB2134B1A80124B1B881621A8
:10DF70001800F2F7EFF803009BB2DAB2104B1A70F8
:10DF80000C4B1B881A000C490E4B180017F041FB74
:10DF9000084B00221A800C4B02221A700F23FB1828
:10DFA0001B781800BD4605B090BDC046B80A0020D9
:10DFB0002C1B0020662B0020482A0020C80A0020C5
:10DFC0007C00002004170020B20A0020B0B584B005
:10DFD00000AF040008001100FB1D221C1A70BB1DBD
:10DFE000021C1A707B1D0A1C1A700E23FB180022DB
:10DFF0001A70BB1D1B78013B244AD15C0D23FB1812
:10E000007A1D12788A1A1A700F23FB1800221A70D0
:10E010002AE0FB1D1B785A1E1D4B5200D35A19B221
:10E02000BB1D1B785A1E7B1D18780F257B191B788A
:10E03000C018184C1300DB009B1ADB00E3181B5CB4
:10E04000013B802212021A4113001BB20B4319B28A
:10E05000FB1D1B785A1E89B20D4B5200D1527B1901
:10E060001A787B1901321A700F23FA180D23FB1846
:10E0700012781B789A42CCD3074B00221A700E23D9
:10E08000FB181B781800BD4604B0B0BDB80A0020CC
:10E09000D81A0020C80A00202D1B0020B0B586B079
:10E0A00000AF040008001100FB1D221C1A70BB1DEC
:10E0B000021C1A707B1D0A1C1A701523FB18002203
:10E0C0001A70BB1D1B78013B564AD15C1423FB1808
:10E0D0007A1D12788A1A1A7000233B610F23FB18ED
:10E0E00000221A70BB1D1B785A1E7B1D19784E48E2
:10E0F0001300DB009B1ADB00C3185B5C1906BB1D19
:10E100001B785A1E7B1D1B78581C474C1300DB00E4
:10E110009B1ADB00E3181B5C1B04C918BB1D1B7892
:10E120005A1E7B1D1B78981C3F4C1300DB009B1A6A
:10E13000DB00E3181B5C1B02C918BB1D1B785A1EB1
:10E140007B1D1B78D81C384C1300DB009B1ADB00AE
:10E15000E3181B5CCB183B61BB1D1B785A1E7B1D53
:10E160001B78191D30481300DB009B1ADB00C31815
:10E170005B5CFF2B18D11723FB1801221A700DE0EE
:10E180003A6917243B191B781100180007F018FC96
:10E1900021007B181A787B1801321A701723FB189C
:10E1A0001B78052BECD935E01623FB1800221A70DA
:10E1B00028E0BB1D1B785A1E7B1D1B78191D1623DA
:10E1C000FB181B78C8180F257919174C1300DB00B2
:10E1D0009B1ADB00E3181B5C0B707B191B78002B70
:10E1E0000AD07B191B78052B06D83A697B191B7856
:10E1F0001100180007F0E4FB16217B181A787B1831
:10E2000001321A701623FA181423FB1812781B789F
:10E210009A42CED31523FB181B781800BD4606B0D2
:10E22000B0BDC046B80A0020C80A0020B0B584B00E
:10E2300000AF040008001100FB1D221C1A70BB1D5A
:10E24000021C1A707B1D0A1C1A700F257B190022F4
:10E250001A7002F0A3FC7C19F5F796FF03002370F7
:10E26000044B01221A707B191B781800BD4604B0BC
:10E27000B0BDC046B20A0020B0B584B000AF040003
:10E2800008001100FB1D221C1A70BB1D021C1A7015
:10E290007B1D0A1C1A700F257B1900221A707C192D
:10E2A000F6F7DEF80300237002F052FE64200BF054
:10E2B000CFF9044B02221A707B191B781800BD4657
:10E2C00004B0B0BDB20A0020B0B588B000AF040001
:10E2D00008001100FB1D221C1A70BB1D021C1A70C5
:10E2E0007B1D0A1C1A701F23FB1800221A701C23A6
:10E2F000FB1800221A80BB1D1B78013B564AD15CDB
:10E300001B243B197A1D12788A1A1A70BB1D1B78C0
:10E310005A1E1A25791951481300DB009B1ADB009D
:10E320001B5C0B700BF00CFB03007B617B191B78F3
:10E33000FF2B14D1BB1D1B785A1E7B1D19781300AF
:10E34000DB009B1ADB005A18444BD1183B191B7891
:10E35000013B1A00424B180017F05BF931E01A2319
:10E36000FB181B78FE2B19D1BB1D1B785A1E7B1D79
:10E3700019781300DB009B1ADB005A18374BD118B1
:10E380001B23FB181A781323FB181B78D31A023BA4
:10E390001A00334B180017F03CF912E0BB1D1B7834
:10E3A0005A1E7B1D19781300DB009B1ADB005A18DC
:10E3B0002A4BD1181B23FB181A78294B180017F089
:10E3C00028F913243B19274A12781A70254BBA1DD5
:10E3D00012781A7099239A007969214B18000BF072
:10E3E00021FA0300FB601F4B3A1912781A701E4B7A
:10E3F0001B7860221340DBB2602B1DD17B691800B3
:10E40000F1F78CFE02007969184B180017F001F93A
:10E410007B691800F1F782FE030099B21F23FC18F4
:10E420007A69FB1D18780B001821FDF7C3F903006A
:10E4300023700A200BF00CF9FB68002BC1D1084BAC
:10E4400032220021180016F0BCFF1F23FB181B7896
:10E450001800BD4608B0B0BDB80A0020C80A0020A8
:10E46000682B0020B00A00202C1B0020E00B0020AD
:10E47000B0B586B000AF040008001100FB1D221CDF
:10E480001A70BB1D021C1A707B1D0A1C1A70172300
:10E49000FB1800221A7014243B1900221A80BB1D9D
:10E4A0001B78013B324AD15C13257B197A1D127807
:10E4B0008A1A1A700BF044FA0300FB60FB6818001C
:10E4C000F1F72CFE0200FB680021180016F079FF1E
:10E4D000284B1B787F229343DBB2002B1DD03B19C6
:10E4E0001B88FA68D018BB1D1B785A1E7B1D197833
:10E4F0001300DB009B1ADB005A181F4BD1187B1945
:10E500001B781A0017F085F87B191B7899B23B1914
:10E510003A1912888A181A8023E014243B191B88A0
:10E52000FA68D018BB1D1B785A1E7B1D1978130082
:10E53000DB009B1ADB005A180F4BD1181323FB1872
:10E540001B781A0017F065F83B1900221A800B4B54
:10E5500000221A700A4B18680023002200210DF0D7
:10E560002DFE1723FB181B781800BD4606B0B0BD62
:10E57000B80A00202C1B0020C80A00202D1B0020F8
:10E58000AC22002090B585B000AF04000800110057
:10E59000FB1D221C1A70BB1D021C1A707B1D0A1C5D
:10E5A0001A700F23FB1800221A70054B054A1A60D7
:10E5B000054B01221A700A200BF04AF8FDF77EFD88
:10E5C000F03F0220EFBEADDEB20A0020B0B586B04B
:10E5D00002AF040008001100FB1D221C1A70BB1DB5
:10E5E000021C1A707B1D0A1C1A700F257B19002251
:10E5F0001A70BB1D1B785A1E7B1D19781648130014
:10E60000DB009B1ADB00C318585C0023009319231E
:10E6100000220021FDF754F964200BF019F80F4B8C
:10E620001C78BB1D1B785A1E7B1D19780A481300E5
:10E63000DB009B1ADB00C318595CBB1D1A78FB1D5D
:10E6400018780B00210002F09FFC7B191B78180042
:10E65000BD4604B0B0BDC046C80A00200C1B002057
:10E66000F0B589B002AF040008001100FB1D221CA8
:10E670001A70BB1D021C1A707B1D0A1C1A7016230F
:10E68000FB1800221A70BB1D1B78013BB64AD15CF7
:10E6900015257B197A1D12788A1A1A70BB1D1B78F2
:10E6A0005A1E7B1D1B780B3318001726B919AF4C67
:10E6B0001300DB009B1ADB00E3181B5C0B707B195B
:10E6C0001B780F2B0FD1BB1D1B785A1E7B1D1B788F
:10E6D0000D331800B919A54C1300DB009B1ADB00A1
:10E6E000E3181B5C0B701523FB181B78112B10D142
:10E6F000BB1D1B785A1E7B1D1B780F331800172378
:10E70000F9189A4C1300DB009B1ADB00E3181B5C22
:10E710000B70BB1D1B785A1E7B1D19781300DB0084
:10E720009B1ADB005A18914BD1181023FB180522B5
:10E730001800F8F773FABB1D1B785A1E7B1D1B7857
:10E74000191D1300DB009B1ADB005A18874BD118E8
:10E750000C23FB1805221800F8F760FA1723FB18A2
:10E760001B78002B00D003E1BB1D1B785A1E7B1DBC
:10E770001B78093319007D481300DB009B1ADB006E
:10E78000C3185B5C002B43D0BB1D1B785A1E7B1D3E
:10E790001B780A33190075481300DB009B1ADB0055
:10E7A000C3185B5C002B33D0BB1D1B785A1E7B1D2E
:10E7B0001B78083319006D481300DB009B1ADB003F
:10E7C000C3185C5C3D69FE68BB1D1B785A1E7B1D2F
:10E7D0001B780933190065481300DB009B1ADB0026
:10E7E000C3185B5C9C46BB1D1B785A1E7B1D1B78A7
:10E7F0000A3319005D481300DB009B1ADB00C318C5
:10E800005B5C00936346320029002000FCF73AFC71
:10E81000BB1D1B785A1E7B1D1B780B3319005348F8
:10E820001300DB009B1ADB00C3185B5C002B43D09A
:10E83000BB1D1B785A1E7B1D1B780C3319004B48DF
:10E840001300DB009B1ADB00C3185B5C002B33D08A
:10E85000BB1D1B785A1E7B1D1B78083319004348CB
:10E860001300DB009B1ADB00C3185C5C3D69FE688B
:10E87000BB1D1B785A1E7B1D1B780B3319003B48B0
:10E880001300DB009B1ADB00C3185B5C9C46BB1DBE
:10E890001B785A1E7B1D1B780C331900334813005C
:10E8A000DB009B1ADB00C3185B5C009363463200FD
:10E8B00029002000FCF7E6FBBB1D1B785A1E7B1DC0
:10E8C0001B780D33190029481300DB009B1ADB006D
:10E8D000C3185B5C002B00D15BE1BB1D1B785A1E8B
:10E8E0007B1D1B780E33190020481300DB009B1A98
:10E8F000DB00C3185B5C002B00D14AE1BB1D1B7819
:10E900005A1E7B1D1B780833190018481300DB00C2
:10E910009B1ADB00C3185C5C3D69FE68BB1D1B785D
:10E920005A1E7B1D1B780D33190010481300DB00A5
:10E930009B1ADB00C3185B5C9C46BB1D1B785A1EF0
:10E940007B1D1B780E33190008481300DB009B1A4F
:10E95000DB00C3185B5C0093634632002900200093
:10E96000FCF790FB15E1C046B80A0020C80A002059
:10E97000BB1D1B785A1E7B1D1B7808331900884865
:10E980001300DB009B1ADB00C3185B5C1900E4205A
:10E9900004F0F6F9BB1D1B785A1E7B1D19788048C0
:10E9A0001300DB009B1ADB00C3185B5C1B0299B2EF
:10E9B000BB1D1B785A1E7B1D1B78581C784C1300FE
:10E9C000DB009B1ADB00E3181B5CCB189BB2190021
:10E9D000E52004F0D5F9BB1D1B785A1E7B1D1B7862
:10E9E000991C6F481300DB009B1ADB00C3185B5CAB
:10E9F0001B0299B2BB1D1B785A1E7B1D1B78D81CAD
:10EA0000674C1300DB009B1ADB00E3181B5CCB1880
:10EA10009BB21900E62004F0B3F9BB1D1B785A1E07
:10EA20007B1D1B78191D5E481300DB009B1ADB0061
:10EA3000C3185B5C1B0299B2BB1D1B785A1E7B1D61
:10EA40001B78581D564C1300DB009B1ADB00E318A3
:10EA50001B5CCB189BB21900E72004F091F9BB1D99
:10EA60001B785A1E7B1D1B78991D4D481300DB0037
:10EA70009B1ADB00C3185B5C1B0299B2BB1D1B78A1
:10EA80005A1E7B1D1B78D81D454C1300DB009B1ABA
:10EA9000DB00E3181B5CCB189BB21900E82004F0E4
:10EAA0006FF9BB1D1B785A1E7B1D1B78093319009B
:10EAB0003B481300DB009B1ADB00C3185B5C1B02A6
:10EAC00099B2BB1D1B785A1E7B1D1B780A33180098
:10EAD000334C1300DB009B1ADB00E3181B5CCB18E4
:10EAE0009BB21900E92004F04BF91523FB181B78A1
:10EAF000132B23D1BB1D1B785A1E7B1D1B780B3398
:10EB0000190027481300DB009B1ADB00C3185B5C6D
:10EB10001B0299B2BB1D1B785A1E7B1D1B780C3340
:10EB200018001F4C1300DB009B1ADB00E3181B5C72
:10EB3000CB189BB21900EA2004F022F91523FB1828
:10EB40001B78152B23D1BB1D1B785A1E7B1D1B78F0
:10EB50000D33190012481300DB009B1ADB00C318A9
:10EB60005B5C1B0299B2BB1D1B785A1E7B1D1B7878
:10EB70000E3318000A4C1300DB009B1ADB00E3186D
:10EB80001B5CCB189BB21900EB2004F0F9F8FDF7E1
:10EB900095FA1623FB181B781800BD4607B0F0BD88
:10EBA000C80A0020F0B5D6464F464646C0B58AB0E2
:10EBB00004AF040008001100FB1D221C1A70BB1DCD
:10EBC000021C1A707B1D0A1C1A701723FB180022E6
:10EBD0001A70BB1D1B785A1E7B1D19781300DB00B1
:10EBE0009B1ADB005A18404BD1181022BB18052283
:10EBF0001800F8F713F8BB1D1B785A1E7B1D1B78F5
:10EC0000191D1300DB009B1ADB005A18364BD11874
:10EC10000C22BB1805221800F8F700F8BB1D1B7862
:10EC20005A1E7B1D1B78190009312F481300DB0089
:10EC30009B1ADB00C3185A5C94462C4B1A789046FA
:10EC4000BB1D1B785A1E7B1D1B7819000B312648F3
:10EC50001300DB009B1ADB00C3185A5C9146BB1DF6
:10EC60001B785A1E7B1D1B7819000A311E481300A1
:10EC7000DB009B1ADB00C3185A5C9246BB1D1B7855
:10EC80005A1E7B1D1B781900083117481300DB0042
:10EC90009B1ADB00C318595C3869FC68BB1D1B78E4
:10ECA0005A1E7B1D1B781D000C350F4E1300DB0018
:10ECB0009B1ADB00F3185B5D5A1E9341DBB2039392
:10ECC00002940190009153464A4641466046FDF742
:10ECD0006BF81723FB181B781800BD4606B0E0BC84
:10ECE000BA46B146A846F0BDC80A00200C1B002059
:10ECF000B0B586B000AF040008001100FB1D221C57
:10ED00001A70BB1D021C1A707B1D0A1C1A70172377
:10ED1000FB1800221A70BB1D1B785A1E7B1D197828
:10ED2000EB481300DB009B1ADB00C3185B5C002B75
:10ED300000D0AFE0BB1D1B785A1E7B1D1B78991CB1
:10ED4000E3481300DB009B1ADB00C3185B5C190669
:10ED5000BB1D1B785A1E7B1D1B78D81CDC4C130076
:10ED6000DB009B1ADB00E3181B5C1B04C918BB1DEE
:10ED70001B785A1E7B1D1B78181DD54C1300DB0019
:10ED80009B1ADB00E3181B5C1B02C918BB1D1B7818
:10ED90005A1E7B1D1B78581DCD4C1300DB009B1A9F
:10EDA000DB00E3181B5CCB183B61BB1D1B785A1EB4
:10EDB0007B1D1B78591CC6481300DB009B1ADB0027
:10EDC000C3185B5C082B00D9DCE19A00C14BD31857
:10EDD0001B689F463B691A78BF4B1A70FB1D1B7856
:10EDE00001221F211800FCF793FCD0E13B691B783E
:10EDF0005BB2DAB2B84B1A70FB1D1B7801221F21DF
:10EE00001800FCF785FCC2E13B69B34903221800F6
:10EE1000F7F7C2FEFB1D1B7802221F211800FCF72A
:10EE200077FCB4E13B69AC4904221800F7F7B4FE63
:10EE3000FB1D1B7802221F211800FCF769FCA6E1CC
:10EE40003B69A54905221800F7F7A6FEFB1D1B78B4
:10EE500004221F211800FCF75BFC98E13B699E49E6
:10EE600006221800F7F798FEFB1D1B7804221F21CD
:10EE70001800FCF74DFC8AE13B699749072218000E
:10EE8000F7F78AFEFB1D1B7808221F211800FCF7EC
:10EE90003FFC7CE1BB1D1B785A1E7B1D19788C48FA
:10EEA0001300DB009B1ADB00C3185B5C022B00D055
:10EEB000B2E0BB1D1B785A1EBB1D1B78013B874966
:10EEC000CB5C591E82481300DB009B1ADB00C31881
:10EED00000225A54BB1D1B785A1E7B1D1B78591CDF
:10EEE0001300DB009B1ADB005A18794BD3180F254F
:10EEF0007C191800F5F76AFB030023707B191B7857
:10EF0000002B07D1FB1D1B7801221F211800FCF7E5
:10EF1000FFFB3CE10F203B181B785A1E7049130081
:10EF20005B009B189B005B583B613B181B785A1E8B
:10EF30006B4913005B009B189B00CB1804331A78B5
:10EF4000654B1A70644B1B78082B00D91CE19A00A2
:10EF5000644BD3181B689F463B691A785E4B5A7006
:10EF6000FB1D1B7802221F211800FCF7D1FB0EE1CC
:10EF70003B691B785BB2DAB2574B5A70FB1D1B78AA
:10EF800002221F211800FCF7C3FB00E13B69564930
:10EF900003221800F7F700FEFB1D1B7803221F2138
:10EFA0001800FCF7B5FBF2E03B694F49042218005A
:10EFB000F7F7F2FDFB1D1B7803221F211800FCF759
:10EFC000A7FBE4E03B69484905221800F7F7E4FD98
:10EFD000FB1D1B7805221F211800FCF799FBD6E0CA
:10EFE0003B69414906221800F7F7D6FDFB1D1B7847
:10EFF00005221F211800FCF78BFBC8E03B693A494A
:10F0000007221800F7F7C8FDFB1D1B7809221F21F6
:10F010001800FCF77DFBBAE0BB1D1B785A1E7B1D58
:10F0200019782B481300DB009B1ADB00C3185B5CCC
:10F03000022B00D8ABE0BB1D1B785A1E7B1D197834
:10F0400023481300DB009B1ADB00C3185B5C1A1F0C
:10F05000264B9200D358DBB20F221340DAB21E4B7C
:10F060001A701D4B1B78002B07D1FB1D1B7801224A
:10F070001F211800FCF74CFB89E0BB1D1B785A1EB2
:10F080007B1D197812481300DB009B1ADB00C318A4
:10F090005B5C1A1F154B9200D3581B0C144A944604
:10F0A00063443B610C4B1B78082B6FD89A00114BC3
:10F0B000D3181B689F463B691A78074B5A70FB1D93
:10F0C0001B7802221F211800FCF722FB5FE0C046DC
:10F0D000C80A00201CCB0208E00B0020B80A002060
:10F0E000C401002040CB0208E10B00206C16002078
:10F0F0000000012064CB02083B691B785BB2DAB2E6
:10F10000264B5A70FB1D1B7802221F211800FCF7AA
:10F11000FFFA3CE03B69224903221800F7F73CFD67
:10F12000FB1D1B7803221F211800FCF7F1FA2EE0CB
:10F130003B691B4904221800F7F72EFDFB1D1B78C5
:10F1400003221F211800FCF7E3FA20E03B69144971
:10F1500005221800F7F720FDFB1D1B7805221F2153
:10F160001800FCF7D5FA12E03B690D490722180098
:10F17000F7F712FDFB1D1B7809221F211800FCF771
:10F18000C7FA04E0C04602E0C04600E0C0461723CC
:10F19000FB181B781800BD4606B0B0BDE00B002080
:10F1A000E10B0020F0B58BB000AF060008001100A5
:10F1B0001F23FB18321C1A701E23FB18021C1A7026
:10F1C0001D23FB180A1C1A700F2318229B18DB1929
:10F1D00000221A70C34B1A685B68032A01D1002B06
:10F1E00008D0C04B1A685B68022A00D0C6E0002B2A
:10F1F00000D0C3E01E257B191B785A1E1D243B1925
:10F200001978B9481300DB009B1ADB00C3185A5C5D
:10F21000B64B1A707B191B785A1E3B191978B248E5
:10F220001300DB009B1ADB00C3185B5C082B00D9C2
:10F23000A2E09A00AE4BD3181B689F46AD4B10223C
:10F240001A709AE01E23FB181B785A1E1D23FB1808
:10F250001B78591CA4481300DB009B1ADB00C31861
:10F260005B5C3B6100237B619E4B39697A69196065
:10F270005A6082E01E23FB181B785A1E1D23FB18C0
:10F280001B78591C98481300DB009B1ADB00C3183D
:10F290005B5C5BB2BB60DB17FB60924BB968FA68E2
:10F2A00019605A6069E01E23FB181B785A1E1D2343
:10F2B000FB181B78591C1300DB009B1ADB005A1843
:10F2C000894BD118874B03221800F7F7A7FC54E0AD
:10F2D0001E23FB181B785A1E1D23FB181B78591C74
:10F2E0001300DB009B1ADB005A187F4BD1187D4BB3
:10F2F00004221800F7F792FC3FE01E23FB181B784E
:10F300005A1E1D23FB181B78591C1300DB009B1A87
:10F31000DB005A18744BD118724B05221800F7F70E
:10F320007DFC2AE01E23FB181B785A1E1D23FB18A8
:10F330001B78591C1300DB009B1ADB005A186A4B20
:10F34000D118684B06221800F7F768FC15E01E2359
:10F35000FB181B785A1E1D23FB181B78591C130021
:10F36000DB009B1ADB005A185F4BD1185D4B07225C
:10F370001800F7F753FC00E0C046A2E0594B1A68AA
:10F380005B681100194300D09BE05B4B1B78082B96
:10F3900000D995E09A00594BD3181B689F461E234D
:10F3A000FB181B785A1E1D23FB1819784E481300B2
:10F3B000DB009B1ADB00C3185B5C3B6000237B60B7
:10F3C000484B39687A6819605A607AE01E23FB1846
:10F3D0001B785A1E1D23FB18197843481300DB00C5
:10F3E0009B1ADB00C3185B5C5BB21C00DB171D00C3
:10F3F0003C4B1C605D6064E01E23FB181B785A1EAA
:10F400001D23FB1819781300DB009B1ADB005A1828
:10F41000354BD118334B03221800F7F7FFFB50E0B0
:10F420001E23FB181B785A1E1D23FB181978130086
:10F43000DB009B1ADB005A182B4BD118294B0422F6
:10F440001800F7F7EBFB3CE01E23FB181B785A1E55
:10F450001D23FB1819781300DB009B1ADB005A18D8
:10F46000214BD1181F4B05221800F7F7D7FB28E0D6
:10F470001E23FB181B785A1E1D23FB181978130036
:10F48000DB009B1ADB005A18174BD118154B0622CC
:10F490001800F7F7C3FB14E01E23FB181B785A1E55
:10F4A0001D23FB1819781300DB009B1ADB005A1888
:10F4B0000D4BD1180B4B07221800F7F7AFFB00E0FC
:10F4C000C0460C4B1B78102B02D00A4B00221A703E
:10F4D0000F2318229B18DB191B781800BD460BB0B0
:10F4E000F0BDC046F8160020C80A00207D000020AC
:10F4F00088CB02082D1B002000170020ACCB02088F
:10F50000F0B585B000AF060008001100FB1D321CED
:10F510001A70BB1D021C1A707B1D0A1C1A700B236B
:10F52000FB1800221A70DB4B00221A70BB1D1B78DF
:10F530005A1E7B1D1978D8481300DB009B1ADB008C
:10F54000C3185B5C002B00D13CE3BB1D1B785A1E2B
:10F550007B1D1978D0481300DB009B1ADB00C31811
:10F560005B5C1E2B00D91EE3BB1D1B785A1E7B1D46
:10F570001978C9481300DB009B1ADB00C3185B5CD9
:10F580005A1EC64B9200D3581B0CC54A944663447E
:10F59000FB60BB1D1B785A1E7B1D1B78591CBE4887
:10F5A0001300DB009B1ADB00C3185B5C082B00D93F
:10F5B00091E29A00BB4BD3181B689F46BB1D1B787A
:10F5C0005A1E7B1D1978B4481300DB009B1ADB0020
:10F5D000C3185B5C5A1EB14B9200D3580F221340E4
:10F5E00030D1012014F0FAFA0300FB60FB68002B15
:10F5F00025D0FB68E0221206944663441904BB1D23
:10F600001B785A1E7B1D1B78581CA34C1300DB0073
:10F610009B1ADB00E3181B5C1D00BB1D1B785A1EE8
:10F620007B1D18789C4C1300DB009B1ADB00E31851
:10F630001B5C5A1E4919994B9200D15002E0954B20
:10F6400012221A70934B1B78122B00D145E2BB1D7E
:10F650001B785A1E7B1D1B78981CF9688E4C130072
:10F66000DB009B1ADB00E3181B5C0B7035E2BB1D53
:10F670001B785A1E7B1D197887481300DB009B1AE4
:10F68000DB00C3185B5C5A1E844B9200D3580F22D8
:10F69000134030D1012014F0A1FA0300FB60FB6895
:10F6A000002B25D0FB68E02212069446634419041F
:10F6B000BB1D1B785A1E7B1D1B78581C764C1300F3
:10F6C000DB009B1ADB00E3181B5C1D00BB1D1B78D5
:10F6D0005A1E7B1D1878704C1300DB009B1ADB0050
:10F6E000E3181B5C5A1E49196C4B9200D15002E082
:10F6F000684B12221A70674B1B78122B00D1EEE177
:10F70000BB1D1B785A1E7B1D1B78991C6248130079
:10F71000DB009B1ADB00C3185A5CFB6852B21A70FC
:10F72000DDE1BB1D1B785A1E7B1D19785A4813005A
:10F73000DB009B1ADB00C3185B5C5A1E574B920020
:10F74000D3580F22134030D1022014F047FA03009F
:10F75000FB60FB68002B25D0FB68E0221206944674
:10F7600063441904BB1D1B785A1E7B1D1B78581C53
:10F77000494C1300DB009B1ADB00E3181B5C1D00E7
:10F78000BB1D1B785A1E7B1D1878434C1300DB00F1
:10F790009B1ADB00E3181B5C5A1E49193F4B920071
:10F7A000D15002E03B4B12221A703A4B1B78122BBD
:10F7B00000D196E1F868BB1D1B785A1E7B1D1B7893
:10F7C000991C1300DB009B1ADB005A18324BD3182C
:10F7D00003221900F7F722FA83E1BB1D1B785A1E9A
:10F7E0007B1D19782C481300DB009B1ADB00C31823
:10F7F0005B5C5A1E294B9200D3580F22134030D124
:10F80000022014F0EBF90300FB60FB68002B25D00D
:10F81000FB68E0221206944663441904BB1D1B7862
:10F820005A1E7B1D1B78581C1B4C1300DB009B1AB7
:10F83000DB00E3181B5C1D00BB1D1B785A1E7B1DE3
:10F840001878154C1300DB009B1ADB00E3181B5CD7
:10F850005A1E4919114B9200D15002E00D4B122251
:10F860001A700C4B1B78122B00D13CE1F868BB1DC1
:10F870001B785A1E7B1D1B78991C1300DB009B1AFA
:10F88000DB005A18044BD31804221900F7F7C6F905
:10F8900029E1C0462D1B0020C80A00206C1600205C
:10F8A00000000120D0CB0208BB1D1B785A1E7B1D17
:10F8B0001978BF481300DB009B1ADB00C3185B5CA0
:10F8C0005A1EBC4B9200D3580F22134030D1042053
:10F8D00014F084F90300FB60FB68002B25D0FB6863
:10F8E000E0221206944663441904BB1D1B785A1E7D
:10F8F0007B1D1B78581CAE4C1300DB009B1ADB00F1
:10F90000E3181B5C1D00BB1D1B785A1E7B1D18785D
:10F91000A74C1300DB009B1ADB00E3181B5C5A1E8C
:10F920004919A44B9200D15002E0A34B12221A7045
:10F93000A14B1B78122B00D1D7E0F868BB1D1B78B8
:10F940005A1E7B1D1B78991C1300DB009B1ADB00E1
:10F950005A18974BD31805221900F7F75FF9C4E03E
:10F96000BB1D1B785A1E7B1D197891481300DB00C4
:10F970009B1ADB00C3185B5C5A1E8E4B9200D35857
:10F980000F22134030D1042014F028F90300FB604B
:10F99000FB68002B25D0FB68E022120694466344E6
:10F9A0001904BB1D1B785A1E7B1D1B78581C804CEC
:10F9B0001300DB009B1ADB00E3181B5C1D00BB1D62
:10F9C0001B785A1E7B1D1878794C1300DB009B1A9C
:10F9D000DB00E3181B5C5A1E4919764B9200D1508C
:10F9E00002E0754B12221A70734B1B78122B00D158
:10F9F0007DE0F868BB1D1B785A1E7B1D1B78991C87
:10FA00001300DB009B1ADB005A18694BD31806223F
:10FA10001900F7F703F96AE0BB1D1B785A1E7B1D1E
:10FA2000197863481300DB009B1ADB00C3185B5C8A
:10FA30005A1E604B9200D3580F22134030D104203D
:10FA400014F0CCF80300FB60FB68002B25D0FB68AA
:10FA5000E0221206944663441904BB1D1B785A1E0B
:10FA60007B1D1B78581C524C1300DB009B1ADB00DB
:10FA7000E3181B5C1D00BB1D1B785A1E7B1D1878EC
:10FA80004B4C1300DB009B1ADB00E3181B5C5A1E77
:10FA90004919484B9200D15002E0474B12221A708C
:10FAA000454B1B78122B24D0BB1D1B785A1E7B1D87
:10FAB0001B78991C1300DB009B1ADB005A183C4B87
:10FAC000D1183E4B07221800F7F7A8F83B4AFB680D
:10FAD00012681A600DE0C0460CE0C0460AE0C0465D
:10FAE00008E0C04606E0C04604E0C04602E0C0466A
:10FAF00000E0C046BB1D1B785A1E7B1D19782C48A0
:10FB00001300DB009B1ADB00C3185B5C5A1E294BF9
:10FB10009200D3580F2213401900BB1D1B785A1EA8
:10FB20007B1D1B78581C224C1300DB009B1ADB004A
:10FB3000E3181B5C994200D169E1BB1D1B785A1E7A
:10FB40007B1D19781A481300DB009B1ADB00C318D1
:10FB50005B5C5A1E174B9200D158BB1D1B785A1E76
:10FB60007B1D1B78581C124C1300DB009B1ADB001A
:10FB7000E3181B5C124A944663441D00BB1D1B78AE
:10FB80005A1E7B1D18780A4C1300DB009B1ADB0001
:10FB9000E3181B5C5A1E2940064B9200D150064BBD
:10FBA00014221A7033E1044B13221A702FE1C0465D
:10FBB000C80A00206C1600202D1B0020F81600201B
:10FBC000F0FF0000BB1D1B785A1E7B1D1B78991C83
:10FBD0009F481300DB009B1ADB00C3185B5C19060F
:10FBE000BB1D1B785A1E7B1D1B78D81C984E13001A
:10FBF000DB009B1ADB00F3181B5C1B04C918BB1D40
:10FC00001B785A1E7B1D1B78181D914E1300DB00BC
:10FC10009B1ADB00F3181B5C1B02C918BB1D1B7869
:10FC20005A1E7B1D1B78581D894E1300DB009B1A42
:10FC3000DB00F3181B5CCB18FB60FA6880239B0584
:10FC40009A4200D2E0E0FB68824A934200D9DBE0AE
:10FC5000BB1D1B785A1E7B1D1B78591C7C4813004A
:10FC6000DB009B1ADB00C3185B5C082B00D9C9E0E2
:10FC70009A00794BD3181B689F46BB1D1B785A1EF0
:10FC80007B1D1B78981DF968714C1300DB009B1AD3
:10FC9000DB00E3181B5C0B70B5E0BB1D1B785A1E24
:10FCA0007B1D1B78991D6A481300DB009B1ADB0043
:10FCB000C3185A5CFB6852B21A70A4E0F868BB1D06
:10FCC0001B785A1E7B1D1B78991D1300DB009B1AA5
:10FCD000DB005A185E4BD31803221900F6F79EFF7B
:10FCE00091E0BB1D1B785A1E7B1D1B78991D58483F
:10FCF0001300DB009B1ADB00C3185B5C1C00BB1D00
:10FD00001B785A1E7B1D1B78D91D51481300DB0040
:10FD10009B1ADB00C3185B5C1B029BB2E3189AB210
:10FD2000FB6812B21A806EE0F868BB1D1B785A1E81
:10FD30007B1D1B78991D1300DB009B1ADB005A18F2
:10FD4000434BD31805221900F6F768FF5BE0F8680B
:10FD5000BB1D1B785A1E7B1D1B78991D1300DB00F1
:10FD60009B1ADB005A183A4BD31806221900F6F7F3
:10FD700055FF48E0BB1D1B785A1E7B1D1B78991D43
:10FD800033481300DB009B1ADB00C3185B5C1E00CA
:10FD9000BB1D1B785A1E7B1D1B78D91D2C481300D8
:10FDA000DB009B1ADB00C3185B5C1B02F118BB1D58
:10FDB0001B785A1E7B1D1B7808331800244E130035
:10FDC000DB009B1ADB00F3181B5C1B04C918BB1D6E
:10FDD0001B785A1E7B1D1B78093318001C4E13001C
:10FDE000DB009B1ADB00F3181B5C1B06CB181C0006
:10FDF00000231D00194B1C605D60184AFB681268E7
:10FE00001A6000E0C04602E0154B15221A70154B2F
:10FE10001B7860221340DBB2602B06D0114B1B789D
:10FE200060221340DBB2202B0AD10D4B1A780E4B07
:10FE30001A70FB1D1B78012221211800FBF768FCBA
:10FE40000B23FB181B781800BD4605B0F0BDC0465B
:10FE5000C80A0020FFFF0120F4CB0208F81600209A
:10FE60002D1B00202C1B0020E00B002090B585B03E
:10FE700000AF040008001100FB1D221C1A70BB1DFE
:10FE8000021C1A707B1D0A1C1A700F243B190022D9
:10FE90001A70BB1D1B785A1E7B1D1978074813006A
:10FEA000DB009B1ADB00C3185A5C054B1A703B1928
:10FEB0001B781800BD4605B090BDC046C80A00209A
:10FEC0002D1B0020B0B586B002AF04000800110061
:10FED000FB1D221C1A70BB1D021C1A707B1D0A1C04
:10FEE0001A700F243B1900221A70BB1D1B78013BAE
:10FEF0001C4AD15C0E257B197A1D12788A1A1A7059
:10FF0000BB1D1B785A1E7B1D197817481300DB0098
:10FF10009B1ADB00C318585CBB1D1B785A1E7B1D47
:10FF20001B78591C1300DB009B1ADB005A180E4B80
:10FF3000D1187B191B789BB2013B9AB20A2300931C
:10FF40000A2305F0A7FC031E05D03B19FF221A70F7
:10FF50003B191B7802E00F23FB181B781800BD46E5
:10FF600004B0B0BDB80A0020C80A002090B585B022
:10FF700000AF040008001100FB1D221C1A70BB1DFD
:10FF8000021C1A707B1D0A1C1A700F23FB1800221A
:10FF90001A70BB1D1B785A1E7B1D1978224813004E
:10FFA000DB009B1ADB00C3185B5C1A001F4B1A8036
:10FFB000BB1D1B785A1E7B1D1B78591C1A48130049
:10FFC000DB009B1ADB00C3185B5C1A00184B1A801D
:10FFD000174B1B88002B0ED1144B1B88DBB218006B
:10FFE00003F002FF114B1B88DBB2124A00211800FC
:10FFF00003F046FF11E00E4B1B88012B0DD10B4B7C
:020000040801F1
:100000001B88DBB2180003F0EFFE084B1B88DBB245
:10001000084A0121180003F033FF0F23FB181B7857
:100020001800BD4605B090BDC80A0020EC2900208C
:10003000EE290020F029002090B585B000AF040023
:1000400008001100FB1D221C1A70BB1D021C1A7037
:100050007B1D0A1C1A700F243B1900221A70064AD5
:10006000064B1100180003F0DBFF3B191B7818004A
:10007000BD4605B090BDC046FC290020F8290020EF
:1000800090B585B000AF040008001100FB1D221CD4
:100090001A70BB1D021C1A707B1D0A1C1A700F21DE
:1000A0007B1800221A70044B01221A707B181B78EF
:1000B0001800BD4605B090BD100A002090B585B06F
:1000C00000AF040008001100FB1D221C1A70BB1DAC
:1000D000021C1A707B1D0A1C1A700F217B1800224B
:1000E0001A70044B01221A707B181B781800BD4649
:1000F00005B090BD110A002090B585B000AF040096
:1001000008001100FB1D221C1A70BB1D021C1A7076
:100110007B1D0A1C1A700F23FB1800221A70D84B83
:1001200001221A70BB1D1B785A1E7B1D1B78D91C1F
:10013000D4481300DB009B1ADB00C3185B5C19B2C8
:10014000BB1D1B785A1E7B1D1B78181DCD4C130040
:10015000DB009B1ADB00E3181B5C1B021BB20B438A
:100160001AB20C23FB181A80BB1D1B785A1E7B1D6C
:100170001978C4481300DB009B1ADB00C3185B5CD2
:10018000082B00D986E29A00BF4BD3181B689F4604
:10019000BB1D1B785A1E7B1D1B78591CB9481300C8
:1001A000DB009B1ADB00C3185B5C002B07D10F231D
:1001B000FB1800221A70B54B10221A706BE20F2345
:1001C000FB18FF221A7066E2BB1D1B785A1E7B1DAE
:1001D0001B78591CAB481300DB009B1ADB00C318CB
:1001E0005B5C002B22D10F23FB1800221A70BB1D71
:1001F0001B785A1E7B1D1B78991CA2481300DB003C
:100200009B1ADB00C3185A5CA14B1A70BB1D1B78EC
:100210005A1E7B1D1B78591D9A481300DB009B1A40
:10022000DB00C3185A5C9B4B1A6034E20F23FB18A7
:10023000FF221A702FE2BB1D1B785A1E7B1D1B78F4
:10024000591C90481300DB009B1ADB00C3185B5C51
:10025000002B40D10F23FB1800221A70BB1D1B7806
:100260005A1E7B1D1B78991C86481300DB009B1AC5
:10027000DB00C3185A5C864B1A70BB1D1B785A1ED4
:100280007B1D1B78591D7F481300DB009B1ADB0088
:10029000C3185A5C7F4B1A60BB1D1B785A1E7B1D0E
:1002A0001B78991D77481300DB009B1ADB00C318ED
:1002B0005A5C794B1A60BB1D1B785A1E7B1D1B783C
:1002C000D91D70481300DB009B1ADB00C3185A5C71
:1002D000724B1A60DFE10F23FB18FF221A70DAE17C
:1002E000BB1D1B785A1E7B1D1B78591C65481300CB
:1002F000DB009B1ADB00C3185B5C002B22D10F23B1
:10030000FB1800221A70BB1D1B785A1E7B1D1B7820
:10031000991C5C481300DB009B1ADB00C3185A5C75
:100320005B4B1A70BB1D1B785A1E7B1D1B78591D19
:1003300054481300DB009B1ADB00C3185A5C554B72
:100340001A60A8E10F23FB18FF221A70A3E1BB1D5E
:100350001B785A1E7B1D1B78591C4A481300DB0072
:100360009B1ADB00C3185B5C002B4AD10F23FB18E0
:1003700000221A70BB1D1B785A1E7B1D1B78991C0E
:1003800040481300DB009B1ADB00C3185A5C404B4B
:100390001A70BB1D1B785A1E7B1D1B78591D13003C
:1003A000DB009B1ADB005A18364BD118394B03225D
:1003B0001800F6F733FCBB1D1B785A1E7B1D1B78FB
:1003C000D91D1300DB009B1ADB005A182D4BD118E6
:1003D000314B03221800F6F721FCBB1D1B785A1E77
:1003E0007B1D1B78093319001300DB009B1ADB000F
:1003F0005A18244BD118294B03221800F6F70EFC8B
:1004000049E10F23FB18FF221A7044E1BB1D1B7842
:100410005A1E7B1D1B78591C1A481300DB009B1ABF
:10042000DB00C3185B5C002B25D10F23FB180022D7
:100430001A70BB1D1B785A1E7B1D1B78991C114816
:100440001300DB009B1ADB00C3185A5C104B1A70B8
:10045000BB1D1B785A1E7B1D1B78591D1300DB002A
:100460009B1ADB005A18074BD1180A4B03221800BD
:10047000F6F7D4FB0FE10F23FB18FF221A700AE1F5
:1004800080230020C80A002018CC02082D1B002061
:100490008123002084230020882300208C23002037
:1004A000BB1D1B785A1E7B1D1B78591C7D481300F1
:1004B000DB009B1ADB00C3185B5C002B25D10F23EC
:1004C000FB1800221A70BB1D1B785A1E7B1D1B785F
:1004D000991C74481300DB009B1ADB00C3185A5C9C
:1004E000714B1A70BB1D1B785A1E7B1D1B78591D42
:1004F0001300DB009B1ADB005A186A4BD1186B4BB8
:1005000005221800F6F78AFBC5E00F23FB18FF222F
:100510001A70C0E0BB1D1B785A1E7B1D1B78591C2E
:1005200060481300DB009B1ADB00C3185B5C002BE8
:100530004BD10F23FB1800221A70BB1D1B785A1ECB
:100540007B1D1B78991C57481300DB009B1ADB00AE
:10055000C3185A5C544B1A70BB1D1B785A1E7B1D66
:100560001B78591D1300DB009B1ADB005A184D4BFA
:10057000D1184E4B05221800F6F750FBBB1D1B7817
:100580005A1E7B1D1B78093319001300DB009B1AD0
:10059000DB005A18434BD118454B05221800F6F7DB
:1005A0003DFBBB1D1B785A1E7B1D1B780D331900AC
:1005B0001300DB009B1ADB005A183A4BD1183D4B55
:1005C00005221800F6F72AFB65E00F23FB18FF222F
:1005D0001A7060E0BB1D1B785A1E7B1D1B78591CCE
:1005E00030481300DB009B1ADB00C3185B5C002B58
:1005F0004BD10F23FB1800221A70BB1D1B785A1E0B
:100600007B1D1B78991C27481300DB009B1ADB001D
:10061000C3185A5C244B1A70BB1D1B785A1E7B1DD5
:100620001B78591D1300DB009B1ADB005A181D4B69
:10063000D1181E4B05221800F6F7F0FABB1D1B78E7
:100640005A1E7B1D1B78093319001300DB009B1A0F
:10065000DB005A18134BD118154B05221800F6F77A
:10066000DDFABB1D1B785A1E7B1D1B780D3319004C
:100670001300DB009B1ADB005A180A4BD1180D4BF4
:1006800005221800F6F7CAFA05E00F23FB18FF222F
:100690001A7000E0C0460F23FB181B781800BD46F7
:1006A00005B090BDC80A00208123002084230020CB
:1006B000882300208C23002090B585B000AF040073
:1006C00008001100FB1D221C1A70BB1D021C1A70B1
:1006D0007B1D0A1C1A700F243B1900221A70BB1DC7
:1006E0001B785A1E7B1D19780E481300DB009B1ADD
:1006F000DB00C3185A5C0C4B1A700B4B1B781800AC
:1007000000F070F903001A003B191B78934202D0E5
:100710003B19FF221A700F23FB181B781800BD46E7
:1007200005B090BDC80A0020EA29002090B585B028
:1007300000AF040008001100FB1D221C1A70BB1D35
:10074000021C1A707B1D0A1C1A700F243B19002210
:100750001A70BB1D1B785A1E7B1D19780E4813009A
:10076000DB009B1ADB00C3185A5C0C4B1A700B4B56
:100770001B78180000F092F903001A003B191B784F
:10078000934202D03B19FF221A700F23FB181B78EB
:100790001800BD4605B090BDC80A0020EB29002016
:1007A00090B585B000AF040008001100FB1D221CAD
:1007B0001A70BB1D021C1A707B1D0A1C1A700F23B5
:1007C000FB1800221A70BB1D1B78013B264AD15C26
:1007D0000E243B197A1D12788A1A1A70234B1B8833
:1007E0001A00234BD018BB1D1B785A1E7B1D19788D
:1007F0001300DB009B1ADB005A181E4BD1183B1963
:100800001B781A0014F005FF3B191B789AB2174B9E
:100810001B88D3189AB2154B1A80174B1B787F226E
:100820009343DBB2002B18D1BB1D1B78013B5A024E
:10083000124BD0180D4B1B881A000D4B190014F0E9
:10084000E8FE0B4B64220021180014F0BAFD074BA0
:1008500000221A800A4B02221A700F23FB181B7801
:100860001800BD4605B090BDB80A00209A2B0020A4
:100870009C2B0020C80A00202C1B0020100C0020FC
:10088000B20A0020F0B587B002AF05000C001000DE
:100890001900FB1D2A1C1A70BB1D221C1A703B1D5F
:1008A000021C1A80FB1C0A1C1A700F203B18002225
:1008B0001A70BB1D1B785A1E1C491300DB009B1AC3
:1008C000DB005A5C0C217B181A807B181B88DDB278
:1008D00006003C18FB1D1A78BB1D19783B1D1888B3
:1008E000FB1C1B7800932B00FCF76CFD03002370AE
:1008F000BB191B78012B12D10C217B181B88DDB290
:10090000BC19FB1D1A78BB1D19783B1D1888FB1CF0
:100910001B7800932B0000F0CDFC030023700F2305
:10092000FB181B781800BD4605B0F0BDC80A0020B2
:1009300090B595B000AF14243B1918003C231A0061
:10094000002114F03EFD3B1D180010231A00002169
:1009500014F037FD80239B0018000EF091FE3B1928
:1009600003221A603B19802252025A603B198022EE
:100970005200DA6021007B1800221A617B184022A5
:100980005A617B1802221A627B1803225A627B1872
:1009900000229A627B181022DA627B18802292026F
:1009A0001A637B18802292045A637B188022920576
:1009B0009A637B1818000EF0AFFE3B1D07221A60E9
:1009C0003B1D02225A603B1D00229A603B1D002203
:1009D000DA603B1D022118000FF0FEF9C046BD464B
:1009E00015B090BD80B586B000AF0200FB1D1A7037
:1009F000FB1D1B78180005F003F803007B617B6981
:100A00001B68234A934209D07B691B68214A9342A1
:100A100004D07B691B68204A934234D1C0467B696D
:100A20001B68DA6980235B021A4080235B029A42CA
:100A3000F5D0C0467B691B68DA698023DB031A4066
:100A40008023DB039A42F5D10C217B18802292038C
:100A50001A607B18786919685A6812F0D7FD7B69AB
:100A60001B689A687B691B688021C9030A439A60E6
:100A70007B69180012F032FE8023DB01012118008F
:100A80000EF09EFD00E0FF231800BD4606B080BDBD
:100A900000380140004400400048004080B582B06A
:100AA00000AF0200FB1D1A70124B134A9A61FB1D26
:100AB0001B78042B15D89A00104BD3181B689F463F
:100AC00001200EF049FD0CE008200EF045FD08E085
:100AD00020200EF041FD04E002200EF03DFD00E07C
:100AE000C0460EF0BFFD0EF0A3FD00231800BD466A
:100AF00002B080BD007000403F000100ECCC020855
:100B000080B582B000AF0200FB1D1A70204B1A693D
:100B100080235B001A4080235B009A4232D11C4B39
:100B20001C4A9A61FB1D1B78042B15D89A001A4B9E
:100B3000D3181B689F4601200EF02EFD0CE0082004
:100B40000EF02AFD08E020200EF026FD04E0022031
:100B50000EF022FD00E0C04680235900A023DB05F3
:100B6000012218000EF0BFFCFA239B0018000CF0C5
:100B7000B7F880235900A023DB05002218000EF0EF
:100B8000B2FC00E000231800BD4602B080BDC046A4
:100B9000007000400001010000CD0208F0B585B0F2
:100BA00000AF0B26BB1900221A700E23FB18082277
:100BB0001A800823FB1800221A800EF0A7F976236A
:100BC000FF331A0080231B02110018000EF0D6FA22
:100BD000BE19FA239B0018000EF0DEF903003370F3
:100BE0000B26BB191B78002B03D0554B5B68DBB27F
:100BF000A2E0544B5A69534B02218A435A61524B2B
:100C00001B78002B00D195E0504B1B781B029AB249
:100C10004D4B1B78190008203B1852181A803B18BE
:100C20001B889BB23B6000237B6049493A687B6824
:100C300001200EF01DF90B23FE18FA239B0018006B
:100C40000EF0AAF9030033700B23FB181B78002B5E
:100C500003D03B4B5B68DBB26EE03A4B5A69394BD1
:100C600001218A435A610D23FB1801221A705AE0B0
:100C70000C23FB1800221A704AE00D203B181B7849
:100C80005A1E344B16214A43D35A002B3AD00E2316
:100C9000FB181B882E4A9E183B181B785A1E0C23E3
:100CA000FB1818782B4913009B009B185B009B18BE
:100CB0001B185B005B5A1C0000231D0022002B0048
:100CC000310001200EF0D4F80B23FE18FA239B000C
:100CD00018000EF061F9030033700B23FB181B782A
:100CE000002B03D0164B5B68DBB225E0154B5A692D
:100CF000144B01218A435A610E22BB18BA1812887C
:100D000008321A800C217B181A787B1801321A706D
:100D10000C23FB181B780A2BAFD90D217B181A78EE
:100D20007B1801321A70094B1B780D22BA18127801
:100D30009A429DD90EF00EF91800BD4605B0F0BDDF
:100D4000A49D0120002002400C1B00207C000020FC
:100D500000A8070804170020B0B588B000AF182419
:100D60003B1900221A703B0000221A600433112242
:100D70000021180014F025FB0EF0C8F8BB235A0020
:100D800080231B02110018000EF0F8F925003C1911
:100D9000FA239B0018000EF0FFF8030023707B1964
:100DA0001B78002B03D0654B5B68DBB2C1E0644B62
:100DB0005A69634B02218A435A61624BFB611B23D0
:100DC000FB1800221A70AAE01B203B181A785E4913
:100DD00013009B009B189B005B5C002B00D198E0EC
:100DE0003B00FE221A703B181A7813009B009B18D8
:100DF0009B00554A99183B0001331422180014F047
:100E000008FC1A23FB1800221A702BE0F9691A2338
:100E1000FB181B78DB003A00D3181A685B680120C6
:100E20000EF026F818257C19FA239B0018000EF006
:100E3000B3F8030023707B191B78002B03D03F4BC2
:100E40005B68DBB275E03E4B5A693D4B01218A433A
:100E50005A61FB690833FB611A217B181A787B18E9
:100E600001321A701A23FB181B78042BCED91923D0
:100E7000FB1800221A7036E0F8691B23FB181A7859
:100E8000314913009B009B189B00CB180C331B6847
:100E90001922BA18127892009B181A685B68010030
:100EA00001200DF0E5FF18257C19FA239B0018009E
:100EB0000EF072F8030023707B191B78002B03D00F
:100EC0001E4B5B68DBB234E01D4B5A691C4B0121A1
:100ED0008A435A61FB690833FB6119217B181A7830
:100EE0007B1801321A701923FB181C781B23FB187E
:100EF0001A78154913009B009B189B00CB180C33E4
:100F00001B681800EFF70AF9030001339B089C42A5
:100F1000B2D31B217B181A787B1801321A700B4B45
:100F20001B781B22BA1812789A4200D24CE70EF0B6
:100F300011F81800BD4608B0B0BDC046A49D012000
:100F40000020024000B00708C01B0020B50A0020A6
:100F500080B500AF8F239A00084B0021180014F0D1
:100F600030FA074B01221A70064B00221A70FFF765
:100F700015FE03001800BD4680BDC04604170020C2
:100F80007C0000200C1B0020F0B589B004AF0500E8
:100F90000C0010001900FB1D2A1C1A70BB1D221C1E
:100FA0001A707B1D021C1A703B1D0A1C1A700F253B
:100FB0007B1900221A700E26BB1900221A704A4BA8
:100FC0001A787C19BB1D1B7819001000F4F792FBEE
:100FD000030023703B1D1B78002B0ED0424B1B7867
:100FE000BA1D12789A4208D17B193A1D12781A70EC
:100FF000BB193D4A12781A701BE03B1D1B78002B71
:1010000017D1BB1D1B78013B384AD35C012B05D19E
:101010000E23FB18344A12781A700AE0BB1D1B78A5
:10102000013B324AD35C5A1E0E23FB1830498A5CBE
:101030001A702D4B1B78FA1D12789A422FD108F0A6
:101040007FFC0300BB603B1D1B78002B08D1294BA4
:101050001968BB1D1A78BB68180014F033F908E052
:10106000254B1968BB1D1A783B1D1B78B86814F016
:1010700029F9224B1A68BB681100180014F0A9F96D
:10108000BB681800EFF74AF803009AB2B9687B1DF5
:101090001878322304F054FC64200BF021FE7B1DF1
:1010A0001B78180000F02CF80F257B191B7818000E
:1010B00000F026F80C4B19780B4B1C787B191A782A
:1010C0007B1D18780023039301235B4202930123C5
:1010D0005B420193022300932300FAF765FEC046AA
:1010E000BD4605B0F0BDC0460C1B002040190020D5
:1010F000942300206C000020740000207000002069
:1011000080B584B000AF0200FB1D1A70FB1D1B7878
:10111000180004F075FC0300FB60FB68180010F079
:10112000B7FBFB688022D2001A61FB688022520163
:101130009A60FB68180010F055FBFB681B681A6882
:10114000FB681B6820210A431A60C046BD4604B0F4
:1011500080BD000080B586B002AF464B5A6B454B50
:1011600002210A435A63434B5B6B02221340BB606C
:10117000BB68404B5A6B3F4B01210A435A633D4BBE
:101180005B6B012213407B607B6803F0DBFF04F0A4
:1011900017F804F053F804F08FF804F0BDF803F0EA
:1011A000A9FE01F08BF90123FB6051E0FB68DBB283
:1011B000180004F025FC02002F4B9A4206D1FB6870
:1011C0005A1E2E4B92002E49D1503EE0FB68DBB2F6
:1011D000180004F015FC02002A4B9A4206D1FB6865
:1011E0005A1E264B92002849D1502EE0FB68DBB2F4
:1011F000180004F005FC0200244B9A4206D1FB685B
:101200005A1E1E4B92002249D1501EE0FB68DBB2F1
:10121000180004F0F5FB02001E4B9A4206D1FB6851
:101220005A1E164B92001C49D1500EE0FB68DBB2EF
:10123000180004F0E5FB0200184B9A4205D1FB6848
:101240005A1E0E4B92001649D150FB680133FB60C9
:10125000FB68052BAADD134A13491448144B01936C
:1012600006230093002309F034FDC046BD4604B0B8
:1012700080BDC04600100240502C0020E416002023
:101280000C000240E42C002020000240782D0020B9
:10129000340002400C2E002048000240A02E002006
:1012A0005C000240C409000014CD0208D9130108F3
:1012B000842F0020B0B586B000AF05000C001000F0
:1012C0001900BB1D2A1C1A807B1D221C1A703B1D95
:1012D000021C1A70FB1C0A1C1A7017217B180022B2
:1012E0001A701623FB1800221A701423FB18002210
:1012F0001A801323FB1800221A701023FB180022F7
:101300001A800F23FB1800221A70BB1D1B880A4A83
:10131000934206D0094A934205D07B1804221A70E2
:1013200002E0C04600E0C0461723FB181B781800F7
:10133000BD4606B0B0BDC0466D0800006E08000096
:1013400080B582B000AF78607B681B68124A934218
:1013500001D101231CE07B681B68104A934201D134
:10136000022315E07B681B680D4A934201D10323D9
:101370000EE07B681B680B4A934201D1042307E00F
:101380007B681B68084A934201D1052300E00023D3
:101390001800BD4602B080BD004800400038014042
:1013A000004C0040004400400050004080B584B034
:1013B00000AF02003960FB1D1A700F217B1800225C
:1013C0001A707B181B781800BD4604B080BD80B52C
:1013D00000AFC046BD4680BD80B582B000AF78602A
:1013E00001235B42190001200AF0A6FE00F06AFE0C
:1013F000F6E7000080B500AF80239B00064801227D
:1014000019000EF070F8054A97239B000021D15473
:10141000C046BD4680BDC04600040050882F002055
:1014200080B582B000AF7860034B5A787B681A7041
:10143000C046BD4602B080BD882F002080B500AFF9
:10144000024B00225A70C046BD4680BD882F002046
:1014500080B500AF024B01225A70C046BD4680BD28
:10146000882F0020F0B585B000AF78600F257C197B
:1014700080235B00214A190010000EF017F80300CA
:1014800023700E26BC191D4B802118000EF00EF89B
:10149000030023707B191B78002B07D1BB191B7825
:1014A000002B03D17B6800221A701EE00F23FB186B
:1014B0001B78002B08D10E23FB181B78012B03D1BE
:1014C0007B6801221A7010E00F23FB181B78012B98
:1014D00008D10E23FB181B78002B03D17B68022256
:1014E0001A7002E07B6803221A707B681978044B3B
:1014F000044A9954C046BD4605B0F0BD00040050F2
:10150000882F00205D020000B0B58CB000AF794B91
:101510005B6AFB62774B5B6BBB62764B9B6B7B6260
:10152000744B9B6C3B62734BDB6CFB61386AF1F76D
:101530005BFF714A714BF1F743F802000B00140096
:101540001D00F869F1F750FF6D4A6E4BF1F738F85E
:1015500002000B0020002900F1F7FAFA02000B004C
:1015600014001D00F86AF1F73FFF674A674BF1F777
:1015700027F802000B0020002900F0F779F802009C
:101580000B0014001D00B86AF1F72EFF604A614B92
:10159000F1F716F802000B0020002900F0F768F8B8
:1015A00002000B0014001D00786AF1F71DFF564A77
:1015B000564BF1F705F802000B0020002900F0F768
:1015C00057F802000B0010001900F1F755FF031C3B
:1015D000BB61BB6A7B62FB6ABB623B6AFB61BB6946
:1015E0003B62444BBA6A5A63424B7A6A9A63414BF4
:1015F0003A6A9A643F4BFA69DA64BB697B613D4B96
:10160000DB6B3B613B4B1B6CFB603A4B1B6DBB6068
:10161000384B5B6D7B60B868F1F7E6FE364A374BB6
:10162000F0F7CEFF02000B0014001D007868F1F700
:10163000DBFE334A334BF0F7C3FF02000B00200000
:101640002900F1F785FA02000B0014001D007869EB
:10165000F1F7CAFE2C4A2D4BF0F7B2FF02000B0047
:1016600020002900F0F704F802000B0014001D0010
:101670003869F1F7B9FE264A264BF0F7A1FF0200C0
:101680000B0020002900EFF7F3FF02000B0014000D
:101690001D00F868F1F7A8FE1B4A1C4BF0F790FFFD
:1016A00002000B0020002900EFF7E2FF02000B0010
:1016B00010001900F1F7E0FE031C3B603B69FB6082
:1016C0007B693B61BB687B603B68BB60094B3A69E7
:1016D000DA63084BFA681A64064BBA681A65054B58
:1016E0007A685A65034B3A689A62C046BD460CB0A8
:1016F000B0BDC046882F00209B559FABADD8E3BF3F
:10170000DAACFA5C6DC5CE3F4B598638D6C5DD3FA5
:1017100069006F8104C5ED3FB0B586B000AF3F4BA7
:101720005B6A7B613D4B5B6B3B613C4B9B6BFB6046
:101730003A4B9B6CBB60394BDB6C7B60B868F1F754
:1017400053FE002280231B06F0F73AFF02000B0035
:1017500014001D007868F1F747FE314A314BF0F76D
:101760002FFF02000B0020002900F1F7F1F9020021
:101770000B0014001D007869F1F736FE2A4A2B4B46
:10178000F0F71EFF02000B0020002900EFF770FFAA
:1017900002000B0014001D003869F1F725FE224AF3
:1017A000234BF0F70DFF02000B0020002900EFF79C
:1017B0005FFF02000B0014001D00F868F1F714FE33
:1017C000194A1A4BF0F7FCFE02000B00200029001A
:1017D000EFF74EFF02000B0010001900F1F74CFE6E
:1017E000031C3B603B69FB607B693B61BB687B60C2
:1017F0003B68BB60094B3A695A63084BFA689A63C5
:10180000064BBA689A64054B7A68DA64034B3A6807
:101810009A62C046BD4606B0B0BDC046882F0020C3
:10182000492EFF21FDF6C53FC9E53FA4DFBED23FEB
:10183000DFBEE23FB0B586B000AF3E4B5B6A7B6176
:101840003C4B5B6B3B613B4B9B6BFB60394B9B6C3D
:10185000BB60384BDB6C7B60B868F1F7C5FD364A7E
:10186000364BF0F7ADFE02000B0014001D00786847
:10187000F1F7BAFD324A334BF0F7A2FE02000B003B
:1018800020002900F1F764F902000B0014001D008C
:101890007869F1F7A9FD2C4A2C4BF0F791FE020074
:1018A0000B0020002900EFF7E3FE02000B001400FC
:1018B0001D003869F1F798FD254A264BF0F780FEA8
:1018C00002000B0020002900EFF7D2FE02000B00FF
:1018D00014001D00F868F1F787FD1B4A1B4BF0F759
:1018E0006FFE02000B0020002900EFF7C1FE02008E
:1018F0000B0010001900F1F7BFFD031C3B603B69B2
:10190000FB607B693B61BB687B603B68BB60094BEC
:101910003A695A63074BFA689A63064BBA689A6445
:10192000044B7A68DA64034B3A689A62C046BD4653
:1019300006B0B0BD882F0020D9CEF753E3A5D7BF9E
:1019400039454772F90FC93FEC2FBB270F0BD93F21
:10195000CE88D2DEE00BE93FB0B58CB000AF794B5A
:101960005B6AFB62774B5B6BBB62764B9B6B7B620C
:10197000744B9B6C3B62734BDB6CFB61386AF1F719
:1019800033FD714A714BF0F71BFE02000B0014008F
:101990001D00F869F1F728FD6D4A6E4BF0F710FE57
:1019A00002000B0020002900F1F7D2F802000B0022
:1019B00014001D00F86AF1F717FD674A674BF0F74E
:1019C000FFFD02000B0020002900EFF751FE02008E
:1019D0000B0014001D00B86AF1F706FD604A614B68
:1019E000F0F7EEFD02000B0020002900EFF740FEAB
:1019F00002000B0014001D00786AF1F7F5FC564A4E
:101A0000564BF0F7DDFD02000B0020002900EFF738
:101A10002FFE02000B0010001900F1F72DFD031C32
:101A2000BB61BB6A7B62FB6ABB623B6AFB61BB69F1
:101A30003B62444BBA6A5A63424B7A6A9A63414B9F
:101A40003A6A9A643F4BFA69DA64BB697B613D4B41
:101A5000DB6B3B613B4B1B6CFB603A4B1B6DBB6014
:101A6000384B5B6D7B60B868F1F7BEFC3E4A3F4B7C
:101A7000F0F7A6FD02000B0014001D007868F1F7D6
:101A8000B3FC3B4A3B4BF0F79BFD02000B002000F0
:101A90002900F1F75DF802000B0014001D007869C1
:101AA000F1F7A2FC344A354BF0F78AFD02000B0037
:101AB00020002900EFF7DCFD02000B0014001D00E0
:101AC0003869F1F791FC2C4A2D4BF0F779FD0200B3
:101AD0000B0020002900F1F73BF802000B00140076
:101AE0001D00F868F1F780FC234A244BF0F768FDED
:101AF00002000B0020002900EFF7BAFD02000B00E6
:101B000010001900F1F7B8FC031C3B603B69FB6057
:101B10007B693B61BB687B603B68BB60094B3A6992
:101B2000DA63084BFA681A64064BBA681A65054B03
:101B30007A685A65034B3A689A62C046BD460CB053
:101B4000B0BDC046882F0020D9CEF753E3A5D7BF3C
:101B500039454772F90FC93FEC2FBB270F0BD93F0F
:101B6000CE88D2DEE00BE93F5C8FC2F5285CFA3FFD
:101B7000598638D6C56DE63F44696FF085C9EA3F9E
:101B800085C9FA3FB0B584B000AF254B9B6AFB60B6
:101B9000234B5B6CBB60224B9B6D7B607868F1F7DD
:101BA00023FC204A204BF0F70BFD02000B00140031
:101BB0001D00F868F1F718FC1C4A1D4BF0F700FDFA
:101BC00002000B0020002900EFF752FD02000B007D
:101BD00014001D00B868F1F707FC144A144BF0F725
:101BE000EFFC02000B0020002900F0F7B1FF02001B
:101BF0000B0010001900F1F73FFC031C3B60FB6871
:101C0000BB603B687B60064BBA685A64044B7A68D9
:101C10009A65034B3A68DA65C046BD4604B0B0BD6C
:101C2000882F00203C4ED1915CFEE53FADFA5C6D03
:101C3000C5FEEA3FB0B586B000AF674BDB6DBB6059
:101C400000233B61FA218905B868EEF767FC031EA3
:101C500000D1B2E0604B9B78002B00D0ADE05E4B32
:101C600001229A700BF032F8030099B25A4B1B6AAA
:101C70009AB2BB1D8A1A1A80BB1D1B881800EFF789
:101C8000B5FC031C191C5548EEF77CFF031C7B6157
:101C900053497869EEF742FC031E00D172E05149C6
:101CA0007869EEF727FC031E6CD07869F1F79CFB8E
:101CB00004000D00484B9B891800F1F743FB4A4A8A
:101CC0004A4BF0F77DFC02000B0020002900EEF7E4
:101CD000EBFB031E63D07869F1F786FB04000D006F
:101CE0003D4B9B891800F1F72DFB414A414BF0F722
:101CF00067FC02000B0020002900EEF7C1FB031E69
:101D000000D14CE0344BDB785A1CD1B2324AD1704E
:101D10001A00314B923292007969D1502E4BDB7808
:101D2000052B3CD12C4B0022DA700F23FB1800222C
:101D30001A7011E00F243B191A78274B9232920047
:101D4000D358191C3869EEF793FD031C3B613B190E
:101D50001A783B1901321A700F23FB181B78042BD9
:101D6000E8D925493869EEF70DFF031C181C18F057
:101D70008DF9031C181CEEF729FC0300DAB2164B90
:101D80001A700CE000237B617869EEF71FFC0300FA
:101D9000DAB2114B1A70104B0022DA7000E0C04624
:101DA0007869EEF713FC03009AB20B4B9A810AF0A4
:101DB0008DFF0200084B1A620AE0FA218905B86813
:101DC000EEF78EFB031E00D102E0034B00229A7057
:101DD000C046BD4606B0B0BD882F002000606A47EF
:101DE000000020420000F0429A9999999999E93FA0
:101DF000333333333333F33F0000A04080B582B038
:101E000000AF0B4B9B6A3B603B687B6000213868EE
:101E1000EEF766FB031E04D03B6880221206534097
:101E20007B60034B7A681A63C046BD4602B080BD32
:101E3000882F002090B587B000AF254B1B6B3B610E
:101E400017243B19224A12791A703B191A78204B31
:101E50001A329200D358FB601D4B1B6EBB60F968B1
:101E6000B868EFF7B3F9031CBB603969B868EEF7DF
:101E7000FFFC031CBB603B191A78154B1A32920009
:101E80003969D1503B191A783B1901321A703B1944
:101E90001B78782B02D13B1900221A700D49B868C3
:101EA000EEF770FE031C0C49181CEFF751F8031CE9
:101EB0007B60074BBA681A66054B7A68DA62044B96
:101EC0001722BA1812781A71C046BD4607B090BDE5
:101ED000882F00200000F0420000204080B584B030
:101EE00000AF204BDB6AFB601E4B5B6EBB60B968CA
:101EF000F868EEF713FB031E0CD01A4B9B79002BEE
:101F000008D10AF0E3FE0200164B5A61154B01227C
:101F10009A7122E0B968F868EEF7E2FA031E00D180
:101F20001BE0104B9B79012B17D10AF0CFFE030069
:101F300099B20C4B5B699AB2BB1D8A1A1A80BB1D01
:101F40001B88322B06D9074BBA1D1288DA81054B44
:101F500001225A71034B00229A71C046BD4604B05B
:101F600080BDC046882F002080B582B000AF4B4BAB
:101F70009B6A7B607868F1F737FA494A494BEEF77C
:101F800093FA031E07D0454B9B7A002B03D1434B9A
:101F900001229A727DE07868F1F726FA424A434BB3
:101FA000EEF764FA031E2CD03C4B9B7A012B28D110
:101FB0003A4B00229A720AF089FE03009AB2374B1C
:101FC0001A82364B01221A72344B5B7A012B60D194
:101FD000324B1B8A1A00314B5B8AD21AFA235B0000
:101FE0009A420ADA2D4B324A022199542B4B002295
:101FF0005A722A4B00221A724BE0284B00225A7266
:1020000047E07868F1F7F0F92A4A2B4BEEF738FAF7
:10201000031E07D0214BDB7A002B03D11F4B01227B
:10202000DA7236E07868F1F7DFF9244A244BEEF7EC
:1020300031FA031E00D12CE0184BDB7A012B28D19A
:10204000164B0022DA720AF041FE03009AB2134BDB
:102050005A82124B01225A72104B1B7A012B18D153
:102060000E4B5B8A1A000D4B1B8AD21AFA235B00B7
:102070009A420ADA094B0E4A01219954074B002271
:102080005A72064B00221A7203E0044B00221A72A5
:10209000FFE7C046BD4602B080BDC046882F002085
:1020A000EC51B81E85EBFD3F713D0AD7A370FD3F93
:1020B0005F02000052B81E85EB51F83FCDCCCCCC6E
:1020C000CCCCF83F80B582B000AFFB1D00221A7067
:1020D0007B1D1800FFF7C6F9384B9B691800EFF716
:1020E00085FA031C3649181CEEF74CFD031C181C1E
:1020F000F1F77AF9334A344BF0F762FA02000B0039
:1021000010001900F1F7B8F9021C2C4B5A62BB1DE4
:102110002A4A2E49525C1A70BB1D1B78032B25D00E
:1021200034DC022B1FD031DC002B02D0012B0ED06F
:102130002CE0FFF7E9F9FFF725FD204BDB69591C7F
:102140001E4AD1611E2B25D9FFF774FD22E0FFF74F
:10215000E3FA1A4BDB69591C184AD1611E2B1BD9B3
:10216000FFF702FF18E0FFF765FB18E0FFF7F4FB4D
:10217000124BDB69591C114AD1611E2B0ED9FFF796
:102180003DFEFFF757FEFFF7A9FE07E0FB1D032208
:102190001A7004E0C04602E0C04600E0C0460C4BA6
:1021A0001B78002B04D00B4B1B78180000F0E2F8D2
:1021B000FB1D1B781800BD4602B080BD882F002093
:1021C00000F07F456666666666660A405E0200004D
:1021D000023200200332002080B584B000AF786066
:1021E0007B681A688023DB059A4229D10AF06EFDCC
:1021F0000200154B1A600023FB60134B1A68134B47
:102200001B68D31A1800EFF7F1F9021C104B1A6083
:10221000FFF71EF90F4B1B680C22BA1811001800AB
:102220000AF0EEF8FB68002B03D00B4B802252051E
:102230001A600AF04BFD0200044B1A60FFF742FFE0
:10224000C046BD4604B080BD2C3200203032002094
:1022500034320020842F002004ED00E080B584B0EB
:1022600000AF0200FB1D1A700F23FB1800221A702A
:10227000FFF7C0F8FB1D1B78032B26D034DC022BA4
:1022800019D031DC002B02D0012B0AD02CE08023A6
:10229000DB05234ADA62234BFA1D234912785A548C
:1022A00027E08023DB05214ADA621E4BFA1D1E4916
:1022B00012785A541DE08023DB051C4ADA62194B60
:1022C000FA1D194912785A5413E08023DB05FA22CB
:1022D000D200DA62134BFA1D134912785A54114B8B
:1022E000FA2292055A6604E00F23FB1803221A70A3
:1022F000C046FA23DB0018000AF0F2FC0C4B180071
:102300000EF04EFE0B490C4B012218000BF054F955
:102310000F23FB181B781800BD4604B080BDC046D3
:102320008D200000882F00205E0200001027000092
:10233000342F0020A02F00209032002080B584B0E0
:1023400000AF0200FB1D1A700F217B1800221A70CB
:10235000064BFA1D12781A70054B01221A707B1871
:102360001B781800BD4604B080BDC0460332002073
:1023700002320020F0B5A3B006AF020017243B19CB
:102380001A705F2310215B18DB1900221A700C23CE
:102390005B18DB1900221A6004334C22002118005C
:1023A00013F00FF83B191B78002B01D1032378E0C1
:1023B0003E4B3F4A9B5C032B2DD13C4B5B6A181C68
:1023C000F1F712F8B860F960384B9B6A181CF1F706
:1023D0000BF804000D00354B1B6B181CF1F704F8CB
:1023E00038607960314BDB6A181CF0F7FDFF0200A2
:1023F0000B0030490C2610203018C01904920593A8
:102400003A687B680292039300940195BA68FB686E
:1024100012F058FF20E00C2610203318DB19502250
:102420000021180012F0CDFF204B5B6A181CF0F75A
:10243000DBFF04000D001D4B9B6A181CF0F7D4FF56
:1024400002000B001C4910203018C01900920193A3
:1024500022002B0012F036FF5E2410256319DB19D1
:102460001800FEF7DDFF6319DB191B78012B13D170
:10247000FEF7E4FF0C246319DB191800EDF74EFE9C
:1024800003009AB26319D9191723FB18187814237B
:102490000093322303F0FEF95F2310229B18DB190F
:1024A0001B781800BD461DB0F0BDC046882F002027
:1024B0005E020000B0CD0208CCCD020880B584B029
:1024C00000AF3B1D18000C231A00002112F079FF09
:1024D0002A4B2B4A1A60294B8022D2055A60274B7F
:1024E00000229A60254B0022DA60244B00221A61F8
:1024F000224B04225A61214B00221A761F4B0022E4
:102500005A761E4B00229A761C4B0122DA611B4B35
:10251000202200219954194B9022D2005A62174B65
:102520008022D2009A62154B2C2201219954134B20
:1025300000221A63114B00225A63104B00229A6347
:102540000E4B3C22002199540C4B0022DA640B4BB9
:1025500018000AF06BFD3B1D0A4A1A603B1D002261
:102560005A603B1D00229A603A1D044B110018006E
:102570000BF0D4F8C046BD4604B080BD90320020B8
:10258000002401401000001090B58BB000AF7860BF
:1025900014243B19180014231A00002112F011FF13
:1025A0007B681B682B4A934250D12B4B1A6C2A4BE9
:1025B000802149030A431A64274B1A6C80235B036A
:1025C00013403B613B69244B5A6B234B01210A4367
:1025D0005A63214B5B6B01221340FB60FB683B1984
:1025E000802252011A603B1903225A603B190022D3
:1025F0009A603B19194A190010000CF0EBFD184BBA
:10260000184A1A60164B05225A60154B00229A6030
:10261000134B0022DA60124B80221A61104B802289
:1026200052005A610E4B8022D2009A610C4B20223C
:10263000DA610B4B00221A62094B18000CF0A6F865
:102640007B68074A1A65064B7A689A62C046BD469F
:102650000BB090BD00240140001002400004005067
:10266000F43200200804024080B582B000AF1A4B5B
:102670009A6B194B01210A439A63174B9B6B0122FA
:1026800013407B607B68144B9A6B134B02210A4307
:102690009A63114B9B6B022213403B603B68002204
:1026A000002109200BF006FE09200BF018FE002285
:1026B00000210A200BF0FEFD0A200BF010FE002284
:1026C00000210B200BF0F6FD0B200BF008FEC0469E
:1026D000BD4602B080BDC0460010024080B582B049
:1026E00000AFFB1D00221A70324B5B78002B0ED11D
:1026F000314B1A68314B1100180000F069F8031EC5
:1027000005D0FB1DFF221A70FB1D1B784DE0294BE5
:102710009B78002B0ED1284B5A68294B11001800CA
:1027200000F056F8031E05D0FB1DFF221A70FB1D9A
:102730001B783AE01F4BDB78002B0ED11E4B9A68BA
:10274000204B1100180000F043F8031E05D0FB1DBC
:10275000FF221A70FB1D1B7827E0164B1B79002BFC
:102760000ED1154BDA68184B1100180000F030F844
:10277000031E05D0FB1DFF221A70FB1D1B7814E001
:102780000C4B5B79002B0ED10B4B1A690F4B1100D0
:10279000180000F01DF8031E05D0FB1DFF221A7063
:1027A000FB1D1B7801E0FB1D1B781800BD4602B025
:1027B00080BDC046C00A0020A4330020782D002030
:1027C000502C00200C2E0020E42C0020A02E0020F5
:1027D00090B585B000AF786039600F243B190022B6
:1027E0001A707B681800FEF7ABFD03005A1E130039
:1027F0005B009B189B010F4A99187B68C022180048
:1028000011F08AF8031E05D03B19FF221A703B19FC
:102810001B780AE03B681B681A683B681B68042148
:102820008A431A600F23FB181B781800BD4605B0B9
:1028300090BDC046301E0020F0B587B000AFF860F4
:10284000B960BB1D1A8017257B1900221A70162645
:10285000BC19FB681800FEF773FD030023701523F5
:10286000FC18BB681800FEF76BFD03002370BB1952
:102870001B785A1E314B9200D3583B611523FB182D
:102880001B78002B37D1FB681800FEF759FD0300B9
:10289000013B2B4A0021D154FB681800FEF750FD84
:1028A0000300013B5A02274BD318802292000021DB
:1028B000180012F086FDFB681800FEF741FD0300CA
:1028C000013B5A021F4BD118BB1D1A88FB68180028
:1028D00011F022F8031E05D07B19FF221A707B1914
:1028E0001B7826E03B691B681A683B691B6804215A
:1028F0008A431A601AE0BB681B6828331900BB1DA5
:102900001A88FB68180011F007F8031E06D017217B
:102910007B18FF221A707B181B780AE03B691B6842
:102920001A683B691B6804218A431A601723FB1845
:102930001B781800BD4607B0F0BDC046A433002088
:10294000D4290020100C002090B587B000AF020001
:10295000FB1D1A7017243B1900221A70FB1D1B78EF
:10296000180003F04DF803003B61FB1D1B785A1E55
:10297000174B9200D358FB603B6918000FF01CF90D
:10298000031E05D03B19FF221A703B191B781AE071
:10299000FB681B6800225A60FB1D1B780D4AD35C44
:1029A000022B0DD1FB1D1B785A1E0B4B92000021F0
:1029B000D150FB1D1B785A1E084B92000021D150AC
:1029C0001723FB181B781800BD4607B090BDC04602
:1029D000A4330020C00A0020042200201822002076
:1029E00090B585B000AF0200FB1D1A700F243B1993
:1029F00000221A70FB1D1B781800FFF7A5FF031EAD
:102A000005D03B19FF221A703B191B780DE0FB1D06
:102A10001B78180002F0F4FF0300BB60BB681800CD
:102A200002F0AAFC0F23FB181B781800BD4605B066
:102A300090BD000090B585B000AF0200FB1D1A707C
:102A40000F243B1900221A70FB1D1B781800FFF79A
:102A50007BFF031E05D03B19FF221A703B191B7820
:102A600040E0FB1D1B78180002F0CAFF0300BB60AA
:102A7000BB68180002F080FCFB1D1B785A1E1B4B24
:102A80009200D3589B6A1800FEF75AFC03001A0004
:102A9000174B00219954FB1D1B785A1E154B9200B1
:102AA0000021D150FB1D1B78013B134A0021D1545A
:102AB000FB1D1B78180002F0A3FFFB1D1B785A1E9C
:102AC0000A4B9200D3581900FFF782FE031E06D06E
:102AD0000F217B18FF221A707B181B7802E00F234E
:102AE000FB181B781800BD4605B090BDA43300202C
:102AF000C00A0020F0210020D429002080B500AFBA
:102B00000D4B0E4A1A600C4B1022DA600A4B002261
:102B10005A71094B00221A71074B00225A61064B69
:102B200000229A61044B03221A62034B18000BF037
:102B3000F3FBC046BD4680BDB833002000300240E4
:102B400080B584B000AF7860084B9A6B074B80214A
:102B500049010A439A63054B9A6B80235B0113403A
:102B6000FB60FB68C046BD4604B080BD001002405B
:102B700080B586B000AF78600A00BB1C1A800823BD
:102B8000FB1800221A607B68002B00D192E0BB1C6E
:102B90001B88002B00D18DE0BB1C1B88032B33D876
:102BA0001623FB1800221A7000233B611BE016223B
:102BB000BB181B78BA18591C11701A007B689B1837
:102BC00019780823FA183B69D3180A1C1A70BB1C21
:102BD000BA1C1288013A1A80BB1C1B88002B06D035
:102BE0003B6901333B613B69032BE0DD00E0C046FC
:102BF0000823F918324B012218000BF03AFC0200AE
:102C00001723FB181A7051E0BB1C1B889B089BB252
:102C10001A0079682A4B18000BF02BFC02001723CE
:102C2000FB181A70BB1C1B88032213409BB2002B9D
:102C30003CD0BB1C1B88DAB21623FB1803218A4345
:102C40001A70BB1CBA1C128803210A401A80002388
:102C5000FB601BE01622BB181B78BA18591C1170B8
:102C60001A007B689B1819780823FA18FB68D31898
:102C70000A1C1A70BB1CBA1C1288013A1A80BB1CB1
:102C80001B88002B06D0FB680133FB60FB68032B1D
:102C9000E0DD00E0C0460823F918094B01221800C6
:102CA0000BF0A0FB02001723FB181A701723FB1868
:102CB0001B7800E000231800BD4606B080BDC0466A
:102CC000B833002080B500AFBFF34F8FC046044B30
:102CD000044ADA60BFF34F8FC046C046FDE7C046E6
:102CE00000ED00E00400FA0590B583B000AFFB1DD5
:102CF00000221A703B1D00221A800CF007F93C1DBF
:102D0000002003F0C1F8030023803B1D1B88022B29
:102D100007D03B1D1B880A2B03D03B1D1B880C2BA7
:102D200005D100F066F80CF015F9FFF7CBFF0CF0B9
:102D300011F9FB1D1B781800BD4603B090BD90B57E
:102D400085B000AF02003960BB1D1A800F243B190B
:102D500000221A703A68BB1D1B881100180004F08D
:102D600021FE031E05D03B190A221A703B191B785D
:102D700002E00F23FB181B781800BD4605B090BD7C
:102D8000B0B584B000AF0200BB1D1A803B1D0A1C09
:102D90001A800F23FB1800221A700C257B190022C1
:102DA0001A800CF0B3F87C193B1D1A88BB1D1B88D8
:102DB0001100180004F026FE030023807B191A88F6
:102DC00080235B009A4202D104F040FE08E00C230D
:102DD000FB181B88002B03D00CF0BCF80A2304E07E
:102DE0000CF0B8F80F23FB181B781800BD4604B090
:102DF000B0BD80B582B000AFFB1D00221A700CF090
:102E000085F8002004F07AFC031E07D00CF0A2F82D
:102E1000FB1D0A221A70FB1D1B7803E00CF09AF8C8
:102E2000FB1D1B781800BD4602B080BD80B500AF09
:102E3000074B1B68074A934206D0FFF7DAFF031ED1
:102E400002D1034B034A1A60C046BD4680BDC0464E
:102E5000F07F0020ADDEEFBE80B586B000AF214B25
:102E60005A6B204B04210A435A631E4B5B6B0422AE
:102E700013407B617B691B4B5A6B1A4B01210A4340
:102E80005A63184B5B6B012213403B613B69154B46
:102E90005A6B144B08210A435A63124B5B6B08228E
:102EA0001340FB60FB680F4B5A6B0E4B02210A4329
:102EB0005A630C4B5B6B02221340BB60BB68094B2F
:102EC0005A6B084B20210A435A63064B5B6B202246
:102ED00013407B607B6800F007F8C046BD4606B033
:102EE00080BDC0460010024080B586B000AF3B1DDB
:102EF000802252001A603B1D01225A603B1D0022B5
:102F00009A603B1D0222DA603A1DA023DB05110006
:102F100018000CF05FF9C046BD4606B080BD000049
:102F2000F0B593B002AF534B5A6B524B01210A4399
:102F30005A63504B5B6B012213403B613B694D4B25
:102F40005A6B4C4B02210A435A634A4B5B6B022279
:102F50001340FB60FB68474B5A6B464B04210A4306
:102F60005A63444B5B6B04221340BB60BB68414B0C
:102F70005A6B404B08210A435A633E4B5B6B082255
:102F800013407B607B682423F8181A257A192823BC
:102F9000F9181823FB1800930300012000F06EF8C5
:102FA0001C23F8181623FA182023F9181426BB1925
:102FB00000930300052000F061F82C217B1801220A
:102FC0005A607B1800229A607B191B881A007B18B4
:102FD0001A60BB6A1A000C007B18190010000CF074
:102FE000F9F821007B1800225A607B1802229A60AF
:102FF000BB191B881A007B181A60FB691A007B1822
:10300000190010000CF0E6F8BB6A18007B191B8849
:10301000002219000CF067FA052002F06FF8FB6936
:103020001A00BB191B88190010000CF03FFA031E90
:1030300017D1BB6A18007B191B88012219000CF0FC
:1030400052FA052002F05AF8FB691A00BB191B88D6
:10305000190010000CF02AFA0300012B01D1012302
:1030600004E0054B012252421A6000231800BD46BD
:1030700011B0F0BD00100240F07F002080B586B096
:1030800000AFB9607A603B600F217B18021C1A7098
:103090001723FB1800221A707B181B78180002F007
:1030A000AFFC03003B613A69344B9A4210D1BB68D4
:1030B000A022D2051A607B68802292001A803B68A9
:1030C000A022D2051A603B6A8022D2001A804DE00D
:1030D0003A692B4B9A420ED1BB68A022D2051A60E6
:1030E0007B6804221A803B68A022D2051A603B6AE2
:1030F00008221A803AE03A69224B9A420ED1BB6804
:10310000214A1A607B688022D2001A803B681E4ADE
:103110001A603B6A802212011A8027E03A691B4B31
:103120009A420ED1BB68A022D2051A607B680122A8
:103130001A803B68A022D2051A603B6A02221A80DC
:1031400014E03A69124B9A420CD1BB680E4A1A60DD
:103150007B6801221A803B680B4A1A603B6A022294
:103160001A8003E01723FB18FF221A701723FB189D
:103170001B781800BD4606B080BDC046502C00200C
:10318000E42C0020782D0020000400500C2E00209C
:10319000A02E002080B500AF1D4B1E4A1A601C4BAC
:1031A000802212065A601A4B00229A60184B0022A5
:1031B000DA60174B802212061A61154B04225A61FD
:1031C000134B00221A76124B00225A76104B012222
:1031D0009A760F4B2022002199540D4B00225A62FF
:1031E0000B4B00229A620A4B2C2200219954084B67
:1031F00000221A63064B180009F018FF031E01D0C5
:1032000000F00CF8044B01221A70C046BD4680BD88
:103210009C340020002401407E34002080B500AFA3
:10322000642009F05DFDC046BD4680BD80B582B01A
:1032300000AF78600A00FB1C1A707B681B68174A95
:10324000934205D1FB1C1B78002B01D1144B20E0CD
:103250007B681B68114A934205D1FB1C1B78012B2C
:1032600001D1104B15E07B681B680F4A934205D1D2
:10327000FB1C1B78002B01D101230AE07B681B6833
:10328000094A934205D1FB1C1B78012B01D1074B46
:10329000FFE71800BD4602B080BDC04600440040B4
:1032A000040000080800000C004C0040020000046C
:1032B00080B582B000AF0200FB1D1A70BB1D0A1C56
:1032C0001A70FB1D1B78012B07D1BB1D1B78002B2F
:1032D00003D1164B00221A7022E0FB1D1B78012B34
:1032E00007D1BB1D1B78012B03D1104B01221A7093
:1032F00016E0FB1D1B78022B07D1BB1D1B78002B92
:1033000003D10A4B02221A700AE0FB1D1B78022B24
:1033100006D1BB1D1B78012B02D1044B03221A706E
:10332000024B1B781800BD4602B080BD7F340020E0
:1033300090B587B002AF0F23FB1800221A700E233E
:10334000FB1800221A700D23FB1801221A705AE292
:103350000D203B181A78C04913005B009B18CB184E
:1033600001331B78002B00D147E2BC4B1B780122B4
:103370005340DBB2002B07D03B181A78B649130034
:103380005B009B1800225A543C1DBA1C0823F918F4
:103390000D23FB1818783B0000932300FFF76EFE07
:1033A000BB681800BB1C1B88002219000CF09BF89E
:1033B0000A2001F07FFE7B681A003B001B88190081
:1033C00010000CF073F8031E16D1BB681800BB1C6C
:1033D0001B88012219000CF086F80A2001F06AFE11
:1033E0007B681A003B001B880F217C181900100015
:1033F0000CF05CF803002370BB681800BB1C1B8832
:10340000002219000CF06FF80D23FB181A7892496E
:1034100013005B009B18CB1801331B78012B02D0E3
:10342000022B14D02AE00F23FB181B78012B04D1A8
:103430000E23FB1804221A701DE00F23FB181B78C3
:10344000002B18D10E23FB1803221A7013E00F2350
:10345000FB181B78012B04D10E23FB1804221A70D1
:103460000BE00F23FB181B78002B06D10E23FB1853
:1034700003221A7001E0C04600E0C0460E22BB18CD
:103480001B78042B03D0BB181B78022B19D10D21FC
:103490007B181A78724B9200D358724A934209D81B
:1034A0007B181B786E4A99008A58511C6C4A9B0005
:1034B000995006E00D23FB181A78694B9200002101
:1034C000D1500E22BB181B78032B03D0BB181B78DE
:1034D000012B40D10D217B181A78634B9200D358F1
:1034E000604A934209D87B181B785F4A99008A5832
:1034F000511C5D4A9B00995006E00D23FB181A7879
:10350000594B92000021D150584B1B78022B11D1FE
:103510000D217B181B78564AD25C564B5B799A4238
:1035200008D87B181B78524AD25C0132D1B2504A7B
:10353000D15410E00D217B181B784D4AD25C4D4BC5
:103540005B799A4207D9494B00221A707B181B7885
:10355000474A0021D1540D217B181A78404B920024
:10356000D358444A1288934200D286E07B181A78D6
:103570003B4B9200D3583F4A1288934208D17B18A4
:103580001B78374A99008A58511C354A9B0099503C
:103590000D217B181A78344B9200D358354A128883
:1035A000934205D97B181A782F4B92000021D150F5
:1035B0000D217B181A782A4B9200D3582D4A528835
:1035C00093422ED97B181A78254B9200D258FA23B1
:1035D0005B009A4225D2254B1B78002B03D1234B4D
:1035E00001221A7048E0214B1B78022B44D10D2197
:1035F0007B181B781E4AD25C1E4B1B799A423BD922
:103600007B181B781A4AD25C1A4B5B799A4233D2E8
:10361000164B03221A707B181B78154A0021D154CF
:103620002AE00D217B181A780D4B9200D258FA230C
:103630005B009A4221D37B181A78094B9200D35829
:10364000084A934219D8094B1B78002B15D0074B19
:1036500000221A7011E0C046683400202C3400208B
:1036600038340020FEFF0000503400200C350020CC
:1036700030340020101B0020C0460D217B181A7822
:10368000664B9200D358664A128893425DD37B18EA
:103690001A78624B9200D358614A1288934211D132
:1036A00008007B181A785F4913005B009B180722FB
:1036B0005A543B181B78594A99008A58511C574A4A
:1036C0009B0099500D217B181A78574B9200D358C4
:1036D000534A1288934205D97B181A78524B9200AC
:1036E0000021D1500D217B181A784C4B9200D358F1
:1036F0004B4A5288934228D97B181A78474B92003C
:10370000D258FA235B009A421FD2484B1B78012BF8
:103710000BD17B181A78434913005B009B180522D4
:103720005A54424B02221A700FE0404B1B78032B75
:103730000BD10D23FB181A783A4913005B009B1834
:1037400006225A54394B00221A700D23FB181A789E
:10375000344913005B009B185B5C072B05D047DCEA
:10376000052B09D0062B25D042E00D23FB181B7832
:10377000180000F079FD40E02D4B1B7801225340EA
:10378000DBB2002B36D00D203B181A7825491300E8
:103790005B009B18CB1802331B781A0001231340DF
:1037A00028D0234B01221A703B181B78180000F018
:1037B00065FD1FE01E4B1B7801225340DBB2002B3E
:1037C0001AD00D203B181A78164913005B009B187D
:1037D000CB1802331B781A00022313400CD0144B71
:1037E00001221A703B181B78180000F051FD03E00D
:1037F000C04602E0C04600E0C0460D217B181A78A2
:103800007B1801321A700D23FB181B78052B00D88A
:103810009EE5C046C046BD4605B090BD5034002070
:10382000101B002068340020383400200C350020A4
:103830002C340020F0B58FB002AF0200FB1D1A70CF
:10384000BB1D0A1C1A702F23FB1800221A702E238E
:10385000FB1800221A708C4B1B78002B0FD0BB1D5D
:103860001A788A4B9200D358180005F075FFBB1DDB
:103870001A78874B9200D358180005F06DFFBB1DD6
:103880001B78844A0421D1547F4B1B78002B08D02D
:10389000BB1D1B78180002F0B3F8030018000DF0F0
:1038A000F7FF1023FC180E257A191423F918BB1DF5
:1038B00018780C26BB1900932300FFF7DFFB7B1958
:1038C0001B881A0018243B191A603B1901225A6000
:1038D0003B1900229A603B190022DA607B691A00CA
:1038E0003B19190010000BF075FCBB191B881A005E
:1038F0003B191A603B1900225A603B1902229A6058
:103900003B691A003B19190010000BF063FCBB1D4A
:103910001A78614913005B009B18CB180133FA1D1C
:1039200012781A70BB1D1B783A339BB29B009BB276
:103930000A243A1911001800FFF701FA03001A00CF
:103940002C217B181A807B181B88002B57D13B1920
:103950001B881B0A9AB22E217B181A707B181B78C1
:103960001B09DBB2BA1D12789A4209D17B181B7869
:103970000F221A40FB1D1B789A4201D100237FE0E1
:10398000BB1D1B781B031AB2FB1D1B781B021BB24D
:1039900013431BB29AB20A217B181A80BB1D1B78F5
:1039A0003A339BB29B009AB27B181B881900100017
:1039B000FFF7E6F9BB1D1B783A339BB29B009BB225
:1039C00001339BB200211800FFF7DAF9BB1D1B7809
:1039D0003A339BB29B009BB202339BB2002118008A
:1039E000FFF7CEF9BB1D1B783A339BB29B009BB20D
:1039F00003339BB200211800FFF7C2F93DE0BB1D65
:103A00001B781B031AB2FB1D1B781B021BB213434E
:103A10001BB29AB20A217B181A80BB1D1B783A335D
:103A20009BB29B009AB27B181B8819001000FFF70D
:103A3000A7F9BB1D1B783A339BB29B009BB20133A5
:103A40009BB200211800FFF79BF9BB1D1B783A338E
:103A50009BB29B009BB202339BB200211800FFF780
:103A60008FF9BB1D1B783A339BB29B009BB203338B
:103A70009BB200211800FFF783F92F23FB181B7856
:103A80001800BD460DB0F0BDB30A0020B0220020E2
:103A9000CC220020C00A00206834002080B586B007
:103AA00000AF0200FB1D1A701723FB1800221A70CA
:103AB000FB1D1A78554913005B009B18CB18013386
:103AC00000221A70FB1D1A78504913005B009B18E6
:103AD00000225A54FB1D1A784C4913005B009B18B6
:103AE000CB18023300221A70FB1D1B783A339BB2AD
:103AF0009B009BB20E22BA1811001800FFF71FF9A5
:103B000003001A0014217B181A807B181B88002BD5
:103B10002DD1FB1D1B783A339BB29B009BB2002139
:103B20001800FFF72DF9FB1D1B783A339BB29B0061
:103B30009BB201339BB200211800FFF721F9FB1D56
:103B40001B783A339BB29B009BB202339BB200219D
:103B50001800FFF715F9FB1D1B783A339BB29B0049
:103B60009BB203339BB200211800FFF709F9FB1D3C
:103B70001B78180001F044FF03003B613B691B68A0
:103B8000234A934202D101F0DDFA28E03B691B6829
:103B9000204A934202D101F013FB20E03B691B68ED
:103BA0001D4A934202D101F049FB18E03B691B68B2
:103BB0001A4A934202D101F07FFB10E03B691B6877
:103BC000174A934202D101F0A7FB08E03B691B684A
:103BD000144A934203D01723FB18FF221A70FB1DCF
:103BE0001B78114A0021D154FB1D1B785A1E0F4B24
:103BF0009200D2583B6911001800FEF7E9FD172327
:103C0000FB181B781800BD4606B080BD6834002044
:103C1000003801400044004000480040004C004093
:103C200000500040003C0140C00A0020A4330020A6
:103C3000B0B584B000AF040008001100FB1D221CC9
:103C40001A70BB1D021C1A707B1D0A1C1A700F23F0
:103C5000FB1800221A70FB1D1A78624913005B00E2
:103C60009B18CB1801331B78002B01D10B23B4E038
:103C70007B1D1B78012B07D07B1D1B78002B19D1D6
:103C8000BB1D1B78052B15D1FB1D1A785549130058
:103C90005B009B18CB1802331B78FA1D12780121A8
:103CA0000B43D8B24F4913005B009B18CB1802336B
:103CB000021C1A707B1D1B78012B07D07B1D1B7803
:103CC000002B19D1BB1D1B78062B15D1FB1D1A78B3
:103CD000444913005B009B18CB1802331B78FA1D74
:103CE000127802210B43D8B23E4913005B009B18A7
:103CF000CB180233021C1A707B1D1B78012B07D0D6
:103D00007B1D1B78002B19D1BB1D1B78072B15D1F0
:103D1000FB1D1A78334913005B009B18CB18023344
:103D20001B78FA1D127803210B43D8B22D491300DA
:103D30005B009B18CB180233021C1A70FB1D1B780A
:103D40003A339BB29B009BB208243A191100180029
:103D5000FEF7F5FF03001A000C217B181A807B1870
:103D60001B88002B34D13B191B881B0A9AB20B25E8
:103D70007B191A703B191B88D9B2FB1D1A78194898
:103D800013005B009B18C31802331B78994221D0A3
:103D90007B191B781B0219B2FB1D1A7811481300FE
:103DA0005B009B18C31802331B781BB20B431BB27A
:103DB0009AB23B191A80FB1D1B783A339BB29B00C9
:103DC0009AB23B191B8819001000FEF7D9FF01E0D9
:103DD0000B2302E00F23FB181B781800BD4604B02C
:103DE000B0BDC0466834002080B584B000AF02008A
:103DF000FB1D1A700F23FB1800221A70FB1D1B7885
:103E0000022B03D0FB1D1B78012B22D1FB1D1B783D
:103E1000022B03D1164B01221A7002E0144B01222F
:103E20005A70FB1D1B78180001F0EAFD0300180012
:103E30000DF02EFDFB1D1B780E4A0621D1540E4BB2
:103E40001B78002B0CD1FFF7A5F90C4B00221A7040
:103E500006E00F217B1819221A707B181B7802E0EC
:103E60000F23FB181B781800BD4604B080BDC04668
:103E70007C340020C00A00207E34002098340020CA
:103E800080B586B000AF3A60FB1D021C1A70BB1DE6
:103E90000A1C1A700F23FB1800221A701723FB1834
:103EA00000221A7000233B61FB1D1B78022B04D0FB
:103EB000FB1D1B78012B00D09CE0514B1B78012B84
:103EC00000D07FE0FB1D1B78180001F099FD020077
:103ED000BB1D1B7819001000FFF7A8F903009AB268
:103EE000484B1A80BB1D1A78FB1D1B781100180067
:103EF000FFF7DEF903001A00434B1A70414B1B8891
:103F00001A00424B1A60414B01225A603F4B062275
:103F10009A603E4A3E4B1100180009F0FFFB3C4BF3
:103F200018000AF01FF828E0394B180009F026FAAB
:103F3000374B6421180009F0ABFA354B180009F033
:103F4000C9FB0100304B1B781A0089B2314B52007B
:103F5000D1522F4B180009F05FFA2B4B1B781A0037
:103F60002C4B5200D35A1A003B699B183B61172116
:103F70007B181A787B1801321A701722BB181B782D
:103F8000092BD1D9BB181B7819003869ECF7E2F876
:103F9000030019001C4B1B781A0089B21D4B5200FC
:103FA000D152184B1B881A00184B1A60174B02226B
:103FB0005A60164B06229A60144A154B11001800DD
:103FC00009F0ACFB104B1B781A00124B5200D35A6D
:103FD0001A00114B534311491800ECF745F903003F
:103FE0001800EDF7B7FA021C3B681A600F23FB18A4
:103FF0001B7800E019231800BD4606B080BDC046FE
:104000007E340020803400207F34002000350020E2
:104010009C34002084340020E40C0000FF0F0000DA
:10402000B0B582B000AF78603960634B1B78002B6D
:1040300004D1FFF7AFF8614B00221A70604B614A60
:104040001A605F4B01225A605D4B02229A605C4A03
:104050005D4B1100180009F061FB5B4B180009F083
:104060008DF9594B6421180009F012FA564B1800CB
:1040700009F030FB03009AB2544B1A80534B1B8853
:104080001800EFF75FF9524A524BEEF799FA020027
:104090000B001000190000224F4BEDF74DFE0200FF
:1040A0000B00100019004D4A4D4BEEF751FD020078
:1040B0000B00100019004B4A4B4BEDF73DFE020080
:1040C0000B00100019000022484BEDF7D1FA020056
:1040D0000B0010001900EFF7CFF9021C7B681A6083
:1040E000394B180009F098F9354B364A1A60344BB1
:1040F00002225A60324B02229A60314A324B11003E
:10410000180009F00BFB2E4B394A1A602C4B012288
:104110005A602B4B06229A60294A2B4B110018003B
:1041200009F0FCFA284B180009F028F9264B642105
:10413000180009F0ADF9244B180009F0CBFA030080
:104140009AB22C4B1A802C4B1B881800EFF7FAF808
:104150001F4A204BEEF734FA02000B0014001D003A
:10416000244B1B881800EFF7EDF802000B0020002D
:104170002900EDF7E1FD02000B0010001900EFF738
:104180007BF9021C3B681A600F4B180009F044F9D8
:104190000B4B174A1A600A4B02225A60084B022244
:1041A0009A60074A084B1100180009F0B7FAC04698
:1041B000BD4602B0B0BDC0467E3400209834002019
:1041C00000350020001000B09C3400208C3400200A
:1041D0006666666666660A4000FEAF408FC2F528D6
:1041E0005C8FF63F333333333333114000003940B3
:1041F000002000B48E340020AA75FF1F90B585B052
:1042000000AF3A60FB1D021C1A70BB1D0A1C1A701D
:104210000F243B1900221A700023BB600823FA18F0
:10422000BB1D1978FB1D1B781800FFF729FE031E24
:1042300010D1BB680A49181CECF78AFE031C094917
:10424000181CECF79FFC031C1A1C3B681A603B19F6
:104250001B7800E019231800BD4605B090BDC0468C
:104260000000C84200404E4580B582B000AF020059
:10427000FB1D1A70C046BD4602B080BD80B582B03D
:1042800000AF0200FB1D1A70C046BD4602B080BDE3
:1042900080B582B000AF0200FB1D1A70C046BD465B
:1042A00002B080BD80B500AFBFF34F8FC046044B56
:1042B000044ADA60BFF34F8FC046C046FDE7C046F0
:1042C00000ED00E00400FA0580B500AF08F0ECFC5A
:1042D00005F074FAC046BD4680BD000080B584B0CC
:1042E00002AF0B4B7B600B4B18787968FF23009370
:1042F000FF23112201F0CEFA064B1878064B1968FD
:10430000FF230093FF230F2201F0C4FAFFF7CAFF37
:1043100004CE0208B00A00204002002080B584B01C
:1043200000AF78600A00BB1C1A80144BBA1C1288BC
:104330001A80134B1B780133DAB2114B1A707B6869
:104340001800FCF7FDFF03001A000E4B9B5C022BCC
:1043500010D00023FB600C4B1B680C22BA18110014
:10436000180008F04DF8FB68002B03D0074B8022A3
:1043700052051A60C046BD4604B080BD60350020BD
:1043800062350020C00A0020A822002004ED00E0D1
:1043900080B500AF034B18000CF064FEC046BD466C
:1043A00080BDC046342F002080B58AB000AF002306
:1043B0007B62264B18000DF093FC244B1B681B6896
:1043C00080221340802B36D1204B88229B58202BF3
:1043D00031D1EFF310837B607B683B620123BB60CC
:1043E000BB6883F31088C046184B1B681A68174BCC
:1043F0001B6880218A431A603B6AFB60FB6883F379
:104400001088C046EFF310833B613B69FB610123D9
:104410007B617B6983F31088C0460C4B1B681A686C
:104420000A4B1B6840210A431A60FB69BB61BB69E8
:1044300083F31088C0467B6A002B03D0044B802294
:1044400052051A60C046BD460AB080BD502C0020FF
:1044500004ED00E080B58AB000AF00237B62264BFC
:1044600018000DF03DFC244B1B681B688022134094
:10447000802B36D1204B88229B58202B31D1EFF353
:1044800010837B607B683B620123BB60BB6883F366
:104490001088C046184B1B681A68174B1B68802190
:1044A0008A431A603B6AFB60FB6883F31088C0464E
:1044B000EFF310833B613B69FB6101237B617B6907
:1044C00083F31088C0460C4B1B681A680A4B1B68A4
:1044D00040210A431A60FB69BB61BB6983F3108802
:1044E000C0467B6A002B03D0044B802252051A6021
:1044F000C046BD460AB080BDE42C002004ED00E0BB
:1045000080B59AB000AF00237B66684B18000DF0B1
:10451000E7FB664B1B681B6880221340802B36D15B
:10452000624B88229B58202B31D1EFF310837B63A1
:104530007B6B3B660123BB63BB6B83F31088C04678
:104540005A4B1B681A68594B1B6880218A431A60B2
:104550003B6EFB63FB6B83F31088C046EFF3108365
:104560003B643B6CFB6501237B647B6C83F31088AD
:10457000C0464E4B1B681A684C4B1B6840210A43CF
:104580001A60FB6DBB64BB6C83F31088C046484B5C
:1045900018000DF0A5FB464B1B681B6880221340DA
:1045A000802B36D1424B88229B58202B31D1EFF300
:1045B0001083FB61FB69BB6501233B623B6A83F3AC
:1045C0001088C0463A4B1B681A68394B1B6880211B
:1045D0008A431A60BB6D7B627B6A83F31088C04696
:1045E000EFF31083BB62BB6A7B650123FB62FB6A4E
:1045F00083F31088C0462E4B1B681A682C4B1B682F
:1046000040210A431A607B6D3B633B6B83F3108848
:10461000C046284B18000DF063FB264B1B681B6837
:1046200080221340802B36D1224B88229B58202B8E
:1046300031D1EFF310837B607B683B650123BB6066
:10464000BB6883F31088C0461A4B1B681A68194B65
:104650001B6880218A431A603B6DFB60FB6883F313
:104660001088C046EFF310833B613B69FB64012374
:104670007B617B6983F31088C0460E4B1B681A6808
:104680000C4B1B6840210A431A60FB6CBB61BB6981
:1046900083F31088C0467B6E002B03D0064B80222C
:1046A00052051A60C046BD461AB080BD782D002064
:1046B0000C2E0020A02E002004ED00E080B500AFFD
:1046C000054B1800FCF73CFE03001800F6F732FA21
:1046D000C046BD4680BDC046502C002080B500AF0E
:1046E000104B1B6810221340102B07D10E4B1800E3
:1046F000FCF726FE03001800F6F71CFA094B1A68AF
:1047000080235B001A4080235B009A4207D1074B4D
:104710001800FCF715FE03001800F6F70BFAC04668
:10472000BD4680BD00000240E42C0020782D002012
:1047300080B500AF174B1A6880235B011A408023B5
:104740005B019A4207D1144B1800FCF7F9FD0300F6
:104750001800F6F7EFF90F4B1A6880235B021A4036
:1047600080235B029A4207D10C4B1800FCF7E8FD4E
:1047700003001800F6F7DEF9094B1B68012213400D
:10478000012B03D1074B18000AF0FAF9C046BD46C9
:1047900080BDC046000002400C2E0020A02E00204C
:1047A00000040240F432002080B584B000AF78608D
:1047B0000023FB600C4B1B78002B02D10A4B01221B
:1047C0001A707B681800FCF7BBFD03001A00074B4A
:1047D0009200D3580C22BA181100180005F0FFFE01
:1047E000C046BD4604B080BDC0010020CC220020E0
:1047F000B0B584B000AF78607B68882220219950E2
:104800000F257C197B681800FCF79AFD03002370C4
:1048100029007B181B78254AD35C022B13D17B1807
:104820001B785A1E224B9200D3581B68283319005C
:104830007B6880229B581B685B689AB27B68180073
:104840000FF06AF82EE00F243B191B78013B194A40
:104850000021D1543B191B78013B174A0021D15448
:104860003B191B785A1E13005B009B189B01134ACF
:104870009B18C0220021180010F0A3FD3B191B78E3
:104880005A1E13005B009B189B010C4A99187B6809
:10489000C02218000FF040F83B191B78013B084A72
:1048A0000121D154C046BD4604B0B0BDC00A0020AD
:1048B000F0210020DC290020D4290020301E002017
:1048C0002C22002080B582B000AF7860C046BD4683
:1048D00002B080BD80B582B000AF7860104B01227D
:1048E0001A707B681B680F4A934203D17B681800DB
:1048F0000EF025FF7B681B680B4A934203D17B684F
:1049000018000EF01CFF7B681B68084A934203D115
:104910007B6818000EF013FFC046BD4602B080BD94
:10492000842200200038014000440040004800403C
:1049300080B586B002AF786039600B4BFB600B4BE3
:104940001878F968FF230093FF23102200F0A2FFDC
:10495000064B1878064B1968FF230093FF230F229C
:1049600000F098FFFFF79EFC18CE0208B00A002066
:104970004002002080B584B002AF0B4B7B600B4B34
:1049800018787968FF230093FF23142200F082FF38
:10499000064B1878064B1968FF230093FF230F225C
:1049A00000F078FFFFF77EFC2CCE0208B00A002052
:1049B0004002002080B500AF2F4B304A1A602E4BCA
:1049C00000229A602C4B7F22DA602B4BFF221A6167
:1049D000294B00225A61284B00229A61264B002263
:1049E000DA61254B8022D2051A62234B00225A62DB
:1049F000214B882212025A601F4B180000F01EFA49
:104A00001D4B002118000CF0FDF90300012B02D111
:104A1000194B40229A60184B18000BF0C3FD031E7F
:104A200001D0FF2325E0144B012118000CF0EAF916
:104A30000300134A934202D000F028F811E0114B12
:104A40001A6E80231B05134002D00F4B00221A70F0
:104A50000C4B1A6E8023DB04134002D00A4B012258
:104A60001A70084B1A6E074B802109040A431A6614
:104A700000231800BD4680BDB83500200028004046
:104A8000F232000000100240B4350020B0B58EB004
:104A900000AF0C257B195A4A13CA13C33B00594A6D
:104AA00003CA03C312781A707B19093318000FF078
:104AB00088F802003523FB181A707B1900229A71BE
:104AC0007B19043318000FF07CF802003423FB1824
:104AD0001A707B190022DA703623FB1800221A7034
:104AE00019E036243B191A78474B9200D2580C2310
:104AF000FB1811001800EBF707FB031E05D1372345
:104B0000FB183A19127801321A7036217B181A787C
:104B10007B1801321A703623FB181B780B2BE0D957
:104B20003B00063318000FF04CF802003323FB184B
:104B30001A700C243B1900225A713B0003331800F1
:104B40000FF03FF802003223FB181A703B190022C5
:104B50009A703B0018000FF034F802003123FB1864
:104B60001A702C217B183522BA181278DA707B184B
:104B70003722BA1812785A707B183422BA18127871
:104B80009A707B1801221A707918204B00221800A5
:104B90000BF04AFF031E01D0FF232CE018217B18E5
:104BA0003122BA1812781A707B183222BA18127889
:104BB0005A707B183322BA1812789A707B18002228
:104BC000DA70134B18225A737B180022DA607B18B4
:104BD00000221A6179180D4B002218000BF020FEFC
:104BE000031E01D0FF2306E00A4A084B01211800EA
:104BF0000CF0EBF800231800BD460EB0B0BDC04667
:104C00004CCE020858CE02081C000020B835002007
:104C1000101B0020F2320000B0B588B000AF0500D4
:104C20000C0010001900FB1D2A1C1A70BB1D221C51
:104C30001A703B1D021C1A80FB1C0A1C1A703B1DBB
:104C40001B88DBB23033DAB21C217B18DA707B1898
:104C5000FA1D12785A707B18BA1D12789A707B1858
:104C6000FA1C12781A7008243B1938217A18127825
:104C70001A703B193422BA1812785A703A19302334
:104C8000FB181B7893703B1900221A613C23FB1818
:104C90001B78012B1BD17B181B780C2B17D8404B92
:104CA0000122002118000CF090F83B190022DA7064
:104CB0003C4B0C225A733A4B18000BF015FD384B45
:104CC00040229A60364B18000BF06CFC36E03C2317
:104CD000FB181B78022B1DD13823FB181B780C2BDB
:104CE00018D82F4B0122002118000CF06EF8082371
:104CF000FB180122DA702B4B0C225A73284B180038
:104D00000BF0F2FC264B40229A60254B18000BF06A
:104D100049FC13E0224B0022002118000CF055F84A
:104D2000204B18225A731E4B18000BF0DDFC1C4B55
:104D300000229A601A4B18000BF034FC0823F91873
:104D4000174B002218000BF06BFD031E01D0FF2350
:104D500021E01C23F918124B002218000BF064FE0E
:104D6000031E01D0FF2316E00E4B5B7B1B021AB221
:104D70000C4B1B791BB213431BB29AB28D235B0001
:104D800011001800FDF7FCFF074A054B0121180030
:104D90000CF01BF800231800BD4608B0B0BDC0469B
:104DA000B8350020101B0020F232000090B587B00B
:104DB00000AF39001F4B002218000BF0D9FD14245E
:104DC00039191C4B002218000BF0C0FE3B00DB78A9
:104DD000DB09DBB20133DAB2174BDA743B005B68F4
:104DE0005B089AB2144BDA813B009A78124B1A7422
:104DF0003B005A78104B5A743B001A780E4B9A7449
:104E00003B199A780C4B5A753B195A780A4B9A758C
:104E10003B191A78084B1A753B19DB78FA22D20035
:104E2000944663449AB2044B1A83C046BD4607B009
:104E300090BDC046B8350020101B002090B597B03B
:104E400000AF78600C243B1918004C231A00002195
:104E500010F0B7FA7B681B68134A934220D13B19C4
:104E6000802292021A603B19802292001A643B1938
:104E700018000BF05BF90D4BDA6D0C4B8021090229
:104E80000A43DA65094BDA6B084B8021C9000A43F3
:104E9000DA63064BDA6B8023DB001340BB60BB6830
:104EA000C046BD4617B090BD00280040001002402B
:104EB00080B582B000AF78607B681B68094A934276
:104EC0000BD1094BDA6D084B08490A40DA65064BED
:104ED000DA6B054B06490A40DA63C046BD4602B0AC
:104EE00080BDC0460028004000100240FF7FFFFF49
:104EF000FFFBFFFF90B589B000AF10243B191800ED
:104F000010231A00002110F05CFA3B1D18000C233E
:104F10001A00002110F055FA184B8022D2051A60B1
:104F2000164B3F225A60154B00229A60134BFA220F
:104F3000D200DA60114B00221A61104B80229A6174
:104F40000E4B18000BF079FF3B19802252011A60BA
:104F50003A190A4B110018000CF08CF93B1D202265
:104F60001A603B1D00229A603A1D044B1100180084
:104F70000CF0AAFBC046BD4609B090BD342F0020FE
:104F800080B584B000AF174B1A6C164B8021890294
:104F90000A431A64134B1A6C80239B0213403B6034
:104FA0003B68114B114A1A600F4B2F225A600E4B6F
:104FB00000229A600C4B0E4ADA600B4B00221A61F9
:104FC000094B00225A61084B00229A61064B1800D7
:104FD0000BF033FF044B18000BF088FFC046BD46B2
:104FE00004B080BD0010024034360020004401406F
:104FF000FFFF000080B584B000AF174B1A6C164B52
:105000008021C9020A431A64134B1A6C8023DB0205
:1050100013403B603B68114B114A1A600F4B114A19
:105020005A600E4B00229A600C4B0F4ADA600B4B11
:1050300000221A61094B00225A61084B00229A6132
:10504000064B18000BF0F9FE044B18000BF04EFF56
:10505000C046BD4604B080BD00100240803600202E
:10506000004801407FBB0000FFFF000080B584B016
:1050700000AF78607B681A688023DB059A4213D101
:105080000B4BDA6B0A4B01210A43DA63084BDB6BEB
:1050900001221340FB60FB68002201210F2009F070
:1050A00009F90F2009F01BF9C046BD4604B080BDC8
:1050B0000010024080B584B000AF0200BB1D1A8012
:1050C0000023FB6004F0C4FEBB1D1B88002B0DD029
:1050D000094B1B685B6AFB60C046074B1B685A6A3A
:1050E000FB68D21ABB1D1B889A42F6D904F0C2FE97
:1050F000C046BD4604B080BD3436002080B584B0C3
:1051000000AF0200BB1D1A800023FB6004F0A0FE6C
:10511000BB1D1B88002B0DD0094B1B685B6AFB6015
:10512000C046074B1B685A6AFB68D21ABB1D1B8816
:105130009A42F6D904F09EFEC046BD4604B080BD3A
:105140008036002080B500AF1B4B1C4A1A601A4BFA
:10515000E12212035A60184B00229A60164B00227B
:10516000DA60154B00221A61134B0C225A61124B64
:1051700000229A61104B0022DA610F4B00221A6262
:105180000D4B00225A620C4B00229A620A4B180007
:105190000CF028FB084B002118000EF03BFB064BDF
:1051A000002118000EF076FB034B18000EF0F8FA01
:1051B000C046BD4680BDC046502C0020003801408E
:1051C00080B500AF1B4B1C4A1A601A4BE122120338
:1051D0005A60184B00229A60164B0022DA60154B79
:1051E00000221A61134B0C225A61124B00229A6161
:1051F000104B0022DA610F4B00221A620D4B002285
:105200005A620C4B00229A620A4B18000CF0EAFA20
:10521000084B002118000EF0FDFA064B0021180083
:105220000EF038FB034B18000EF0BAFAC046BD462C
:1052300080BDC046E42C00200044004080B500AF93
:105240001B4B1C4A1A601A4BE12212035A60184B7E
:1052500000229A60164B0022DA60154B00221A6178
:10526000134B0C225A61124B00229A61104B002200
:10527000DA610F4B00221A620D4B00225A620C4B6E
:1052800000229A620A4B18000CF0ACFA084B00217D
:1052900018000EF0BFFA064B002118000EF0FAFAC3
:1052A000034B18000EF07CFAC046BD4680BDC046D8
:1052B000782D00200048004080B500AF144B154AFF
:1052C0001A60134BE12212035A60114B00229A60BC
:1052D0000F4B0022DA600E4B00221A610C4B0C229D
:1052E0005A610B4B00229A61094B0022DA61084B8C
:1052F00000221A62064B00225A62054B00229A6273
:10530000034B18000CF06EFAC046BD4680BDC04687
:105310000C2E0020004C004080B500AF144B154A05
:105320001A60134BE12212035A60114B00229A605B
:105330000F4B0022DA600E4B00221A610C4B0C223C
:105340005A610B4B00229A61094B0022DA61084B2B
:1053500000221A62064B00225A62054B00229A6212
:10536000034B18000CF03EFAC046BD4680BDC04657
:10537000A02E002000500040B0B5A4B000AF78606F
:105380007C243B19180014231A00002110F019F88E
:1053900030257B1918004C231A00002110F011F859
:1053A0007B681B68ED4A934274D17B1901221A6015
:1053B0007B1902225A607B1918000AF0B7FEE84BED
:1053C0001A6CE74B8021C9010A431A64E44B1A6C3A
:1053D0008023DB011340FB62FB6AE14B5A6BE04B1D
:1053E00001210A435A63DE4B5B6B01221340BB620F
:1053F000BB6A3B19C022D2001A6021007B1802222E
:105400005A607B1800229A607B180022DA607B18B1
:1054100001221A617A18A023DB051100180009F097
:10542000D9FED04BD04A1A60CE4B32225A60CD4BB7
:1054300000229A60CB4B0022DA60CA4B80221A61AC
:10544000C84B00225A61C74B00229A61C54B2022EB
:10545000DA61C44B00221A627B681800FBF770FF08
:1054600003005A1EC14B9200BE49D150BD4B1800DB
:1054700009F08CF97B688021BA4A5A50B94B7A6896
:105480009A62002200211B2008F014FF1B2008F064
:1054900026FFEEE17B681B68B54A934274D1302148
:1054A0007B1802221A607B1808229A607B18180069
:1054B0000AF03CFEAA4BDA6BA94B802189020A4311
:1054C000DA63A74BDA6B80239B0213407B627B6A13
:1054D000A34B5A6BA24B01210A435A63A04B5B6B4F
:1054E000012213403B623B6A7C217B180C221A602C
:1054F0007B1802225A607B1800229A607B180022D7
:10550000DA607B1801221A617A18A023DB051100EA
:10551000180009F05FFE974B974A1A60954B3422AA
:105520005A60944B00229A60924B0022DA60914BB1
:1055300080221A618F4B00225A618E4B00229A61A1
:105540008C4B2022DA618B4B00221A627B68180098
:10555000FBF7F6FE03005A1E844B92008549D1509A
:10556000844B180009F012F97B688021814A5A5057
:10557000804B7A689A62002200211C2008F09AFE73
:105580001C2008F0ACFE74E17B681B687B4A9342E8
:1055900074D130217B1804221A607B182022DA6033
:1055A0007B1818000AF0C2FD6D4BDA6B6C4B802142
:1055B000C9020A43DA636A4BDA6B8023DB021340C9
:1055C000FB61FB69664B5A6B654B02210A435A63C8
:1055D000634B5B6B02221340BB61BB697C217B1870
:1055E000C02212011A607B1802225A607B18002226
:1055F0009A607B180022DA607B1804221A617B18FB
:105600005F4A1900100009F0E5FD5E4B5E4A1A6022
:105610005C4B36225A605B4B00229A60594B002249
:10562000DA60584B80221A61564B00225A61554B62
:1056300000229A61534B2022DA61524B00221A62F7
:105640007B681800FBF77CFE03005A1E474B920054
:105650004C49D1504B4B180009F098F87B688021D9
:10566000484A5A50474B7A689A62002200211D200E
:1056700008F020FE1D2008F032FEFAE07B681B686F
:10568000424A934200D087E0354BDA6B344B80219D
:1056900009030A43DA63324BDA6B80231B0313409E
:1056A0007B617B692E4B5A6B2D4B01210A435A6358
:1056B0002B4B5B6B012213403B613B697C217B18C8
:1056C00003221A607B1802225A607B1800229A601B
:1056D0007B180022DA607B1804221A617A18A02352
:1056E000DB051100180009F075FD294B294A1A60E5
:1056F000274B38225A60264B00229A60244B002206
:10570000DA60234B80221A61214B00225A61204B20
:1057100000229A611E4B2022DA611D4B00221A6280
:105720007B681800FBF70CFE03005A1E0F4B92001B
:105730001749D150164B180009F028F87B688021D2
:10574000134A5A50124B7A689A62002200211D2097
:1057500008F0B0FD1D2008F0C2FD8AE000380140CD
:10576000001002402C37002008000240A433002023
:10577000004400408C3700201C00024000480040DC
:1057800000040050EC37002030000240004C004084
:105790004C380020440002407B681B68374A934223
:1057A00067D1374BDA6B364B802149000A43DA6305
:1057B000334BDA6B80235B001340FB60FB68304B9C
:1057C0005A6B2F4B08210A435A632D4B5B6B0822FF
:1057D0001340BB60BB687C217B1803221A607B18D6
:1057E00002225A607B1800229A607B180022DA603D
:1057F0007B1808221A617B18224A1900100009F050
:10580000E9FC214B214A1A601F4B4A225A601E4B69
:1058100000229A601C4B0022DA601B4B80221A6126
:10582000194B00225A61184B00229A61164B202214
:10583000DA61154B00221A627B681800FBF780FDC5
:1058400003005A1E124B92000F49D1500E4B180004
:1058500008F09CFF7B6880210B4A5A500A4B7A68FB
:105860009A62002200211D2008F024FD1D2008F06E
:1058700036FDC046BD4624B0B0BDC0460050004015
:105880000010024000040050AC38002058000240D4
:10589000A4330020B0B586B000AFB96011007B60C2
:1058A0000F243B19021C1A700C23FB180A1C1A80C7
:1058B0001723FB1801221A703B191B78180000F0FF
:1058C0009FF8031E32D03B191A781C4B9200D35814
:1058D0007A681100180003F0F5FE031E26D113E0CC
:1058E0000F23FB181B78180000F08AF80500172317
:1058F000FC18B86A0C23FB181A88B9680300280042
:105900000CF00EF8030023701722BB181B78002B35
:1059100003D0BB181B78032BE2D10F23FB181A7896
:10592000064B9200D358180003F016FF1723FB18FC
:105930001B781800BD4606B0B0BDC046CC22002082
:10594000F0B587B000AFB96011007B600F243B1940
:10595000021C1A700C257B190A1C1A801726BB1909
:1059600001221A703B191B78180000F049F8031E39
:1059700019D03B191A78114B9200D3587A6811004C
:10598000180003F09FFE031E0DD13B191B78180071
:1059900000F036F8BC197B191A88BB6819000CF0A6
:1059A00063F803002370052007F09AF91723FB180A
:1059B0001B781800BD4607B0F0BDC046CC220020C1
:1059C00090B585B000AF02003960FB1D1A700F243E
:1059D0003B1900221A70FB1D1B78180000F010F80C
:1059E0000300BB60BB683A685A60BB6818000BF0E4
:1059F000F9FE3B191B781800BD4605B090BD0000AC
:105A000080B582B000AF0200FB1D1A70FB1D1B7831
:105A1000052B0ED89A00094BD3181B689F46084BDC
:105A200008E0084B06E0084B04E0084B02E0084B96
:105A300000E000231800BD4602B080BD6CCE020815
:105A4000782D0020502C00200C2E0020E42C00206B
:105A5000A02E002080B582B000AF78600A00FB1C49
:105A60001A707B68002B76D0FB1C1B78012B37D17A
:105A70007B681800FBF764FC0300013B80221202E4
:105A80001A411100364B1B785A1E364B5200D35A1E
:105A90001AB20BB2134319B2314B1B785A1E89B29A
:105AA000304B5200D1527B6808229A627B68802278
:105AB00012029A637B6818000BF094FE7B68180052
:105AC000FBF73EFC03005A1E13005B009B189B0172
:105AD000254A99187B68C02218000DF01DFF3AE096
:105AE000FB1C1B78002B36D17B681800FBF728FCC9
:105AF0000300013B802212021A411300D943184BC4
:105B00001B785A1E174B5200D35A1BB20AB21340CD
:105B100019B2134B1B785A1E89B2124B5200D15244
:105B20007B6808229A627B6800229A637B6818006F
:105B30000BF058FE7B681800FBF702FC03005A1EAE
:105B400013005B009B189B01074A99187B68C022D1
:105B500018000DF0E1FEC046BD4602B080BDC04653
:105B60000C1B0020D81A0020301E002080B582B007
:105B700000AFFB1D00221A70BB1D01221A7035E018
:105B8000204B1B78BA1D12789A4211D0BB1D1B788E
:105B9000002213211800F5F7BBFD3220FFF7AEFA03
:105BA000194B1B78002B1CD0FB1D02221A7018E029
:105BB0007B1D01221A7010E0124B1B78591E114BED
:105BC0001B785A1E114B4900C95A104B5200D15232
:105BD0007B1D1A787B1D01321A707B1D1B78052BEB
:105BE000EAD9BB1D1A78BB1D01321A70084B1B780D
:105BF000BA1D12789A42C3D9FB1D1B781800BD4606
:105C000002B080BD0C1B00202D1B0020D81A0020E4
:105C10007C00002080B586B000AF0200FB1D1A702A
:105C20000F23FB1800221A701623FB1800221A807B
:105C300001233B6118E03B69DBB21800FFF7E0FE8F
:105C400003009A6B80231B029A420AD11622BB18CA
:105C50001B88BA18591C11801A003B69D9B20C4B29
:105C600099543B6901333B613B69052BE3DD162306
:105C7000FB181A88FB1D1B7814211800F5F748FD46
:105C80000F23FB181B781800BD4606B080BDC04628
:105C9000E00B002080B582B000AFBB1D00221A705F
:105CA000FB1D01221A7029E0194B1B785A1E194B53
:105CB0005200D35A1900FB1D1B78013B80221202AF
:105CC0001A4113000B400AD1FB1D1B781800FFF787
:105CD00097FE030000211800FFF7BCFE09E0FB1D42
:105CE0001B781800FFF78CFE030001211800FFF756
:105CF000B1FEFB1D1A78FB1D01321A70FB1D1B78CB
:105D0000052BD1D9BB1D1B781800BD4602B080BD44
:105D10000C1B0020D81A00201748854600F045F8D3
:105D200016481749174A002302E0D458C4500433D8
:105D3000C4188C42F9D3144A144C002301E01360B8
:105D40000432A242FBD312481249026800608A4220
:105D500005D000F02AF80FF021FC0DF0C7FE0E4828
:105D60000E4901600E480D4901600E4801688D46DC
:105D700040680047FEE700000040022000000020CD
:105D80009C09002024D60208A0090020D0A00120F0
:105D9000F03F0220EFBEADDE4010024001000000E7
:105DA000000001400000FF1FFEE780B500AFC046C5
:105DB000BD4680BD80B582B000AF78607B689B68CF
:105DC00001221A437B689A60C046BD4602B080BD7E
:105DD00080B582B000AF786039607B689B6818221C
:105DE00093431A003B681A437B689A60C046BD46DD
:105DF00002B080BD80B582B000AF786039607B684A
:105E00003A685A61C046BD4602B080BD80B582B0D6
:105E100000AF786039607B683A681A60C046BD465A
:105E200002B080BD80B584B000AF78600A00BB1CB2
:105E30001A807B68FB60FB68BA1C12881A80C04617
:105E4000BD4604B080BD80B582B000AF78607B688D
:105E50001B689BB21800BD4602B080BD80B584B0FF
:105E600000AF7860074B996B064B7A680A439A63D8
:105E7000044B9B6B7A681340FB60FB68C046BD46D1
:105E800004B080BD00100240B0B590B000AF020079
:105E9000FB1D1A701A23FB1805221A700023FB63DE
:105EA0000023BB6300237B6300233B630023FB626F
:105EB0000023BB6200237B6200233B620023FB6163
:105EC000002200233A617B611B23FB1800221A7019
:105ED0000E23FB1800221A8003F098FB031E02D049
:105EE0000E2301F0FDFB03F063FAC44B01221A708C
:105EF000C34B1A68C0239B0413400ED0C04B1A68D2
:105F0000C0239B041A4080235B049A420BD1BD4BF3
:105F10001A6880239B03134005D1BB4B1B689B026F
:105F2000BA4A134005E0B84B1B689B025B08B84AAD
:105F30001340F722D20219001000EAF791F90B0082
:105F4000DB0AFB636BE0FB6B8022520294466344E6
:105F5000DC02AB4B1A68C0239B0413400ED0A84B45
:105F60001A68C0239B041A4080235B049A420BD119
:105F7000A44B1A6880239B03134005D1A24B1B68D6
:105F80009B02A24A134005E09F4B1B689B025B08E3
:105F90009F4A13401900F723D802EAF7DBF8030001
:105FA0001900974B1A68C0239B0413400ED0944BE2
:105FB0001A68C0239B041A4080235B049A420BD1C9
:105FC000904B1A6880239B03134005D18E4B1B68AE
:105FD0009B028E4A134005E08B4B1B689B025B08BB
:105FE0008B4A13404B43E318BB6300237B630EE0F3
:105FF000BA6B7B6BD218874B1A60BA6B7B6BD3186A
:106000001A685B683A617B617B6B08337B637A6BF0
:1060100080231B019A42EBD3FB6B0133FB63784B6C
:106020001A68C0239B0413400ED0754B1A68C02316
:106030009B041A4080235B049A420BD1714B1A686F
:1060400080239B03134005D16F4B1B689B026F4A53
:10605000134005E06C4B1B689B025B086C4A1340C5
:10606000F722D20219001000EAF7FAF80B00DB0A57
:106070000833FA6B9A4200D265E7604B00221A702F
:106080005F4B1A68C0239B0413400ED05C4B1A6808
:10609000C0239B041A4080235B049A420BD1594BC6
:1060A0001A6880239B03134005D1574B1B689B0242
:1060B000564A134005E0544B1B689B025B08544A48
:1060C0001340F722D20219001000EAF7C9F80B00BA
:1060D000DB0AFB6377E0FB6B802252029446634449
:1060E000DC02474B1A68C0239B0413400ED0444B7C
:1060F0001A68C0239B041A4080235B049A420BD188
:10610000404B1A6880239B03134005D13E4B1B680C
:106110009B023E4A134005E03B4B1B689B025B0819
:106120003B4A13401900F723D802EAF713F803009B
:106130001900334B1A68C0239B0413400ED0304B18
:106140001A68C0239B041A4080235B049A420BD137
:106150002C4B1A6880239B03134005D12A4B1B68E4
:106160009B022A4A134005E0274B1B689B025B08F1
:10617000274A13404B43E318BB631A257C19BB6BBA
:10618000180003F0C5F8030023707B191B78022B5D
:1061900003D07B191B78012B03D1FB6A0133FB620F
:1061A0000EE01A23FB181B78032B09D1BB6A002BC6
:1061B00001D1FB6B3B62FB6B7B62BB6A0133BB6251
:1061C000FB6B0133FB630E4B1A68C0239B04134027
:1061D0000ED00B4B1A68C0239B041A4080235B042B
:1061E0009A4219D1074B1A6880239B03134013D19D
:1061F000054B1B689B02054A134013E074390020CD
:106200000075FF1F20200240E075FF1F00FC0F00FB
:1062100000FE070070390020BE4B1B689B025B0824
:10622000BD4A1340F722D20219001000EAF718F80D
:106230000B00DB0A0833FA6B9A4200D24BE7FB6A89
:10624000002B00D01AE1BB6A002B00D110E1B34B48
:106250001A68C0239B0413400ED0B04B1A68C023A9
:106260009B041A4080235B049A420BD1AC4B1A6802
:1062700080239B03134005D1A64B1B689B02A94AB0
:10628000134005E0A34B1B689B025B08A24A134026
:10629000F722D20219001000E9F7E2FF0B00DB0A37
:1062A0003A6AD31A0733072213401C009B4B1A6823
:1062B000C0239B0413400ED0984B1A68C0239B0444
:1062C0001A4080235B049A420BD1954B1A688023B5
:1062D0009B03134005D18F4B1B689B02914A1340CF
:1062E00005E08C4B1B689B025B088B4A1340F7222E
:1062F000D20219001000E9F7B3FF0B00DB0AE31824
:106300008022520294466344DC02844B1A68C02304
:106310009B0413400ED0814B1A68C0239B041A4083
:1063200080235B049A420BD17D4B1A6880239B0328
:10633000134005D1774B1B689B027A4A134005E056
:10634000744B1B689B025B08734A13401900F723C8
:10635000D802E9F7FFFE03001900704B1A68C0234A
:106360009B0413400ED06D4B1A68C0239B041A4047
:1063700080235B049A420BD1694B1A6880239B03EC
:10638000134005D1634B1B689B02664A134005E02E
:10639000604B1B689B025B085F4A13404B43E3184A
:1063A000180002F0B5FF0300042B67D15B4B1A689D
:1063B000C0239B0413400ED0584B1A68C0239B0483
:1063C0001A4080235B049A420BD1554B1A688023F4
:1063D0009B03134005D14F4B1B689B02514A13404E
:1063E00005E04C4B1B689B025B084B4A1340F722AD
:1063F000D20219001000E9F733FF0B00DB0A7A6ABA
:10640000D31A0133072213401C00444B1A68C023DF
:106410009B0413400ED0414B1A68C0239B041A40C2
:1064200080235B049A420BD13D4B1A6880239B0367
:10643000134005D1374B1B689B023A4A134005E0D5
:10644000344B1B689B025B08334A1340F722D2028D
:1064500019001000E9F704FF0B00DB0AE318012123
:10646000180002F0A3FD031E08D0022301F038F942
:10647000002001F043F9030001F032F9274B1A68BC
:10648000C0239B0413400ED0244B1A68C0239B04E6
:106490001A4080235B049A420BD1214B1A68802357
:1064A0009B03134005D11B4B1B689B021D4A1340E5
:1064B00005E0184B1B689B025B08174A1340F72244
:1064C000D20219001000E9F7CBFE0B00DB0AFB63D8
:1064D0005AE2FB6B8022520294466344DC020F4B6B
:1064E0001A68C0239B0413400ED00C4B1A68C023BB
:1064F0009B041A4080235B049A4215D1084B1A680A
:1065000080239B0313400FD1024B1B689B02054A5B
:1065100013400FE0E075FF1F00FE07000075FF1F2E
:106520002020024000FC0F00CD4B1B689B025B0843
:10653000CC4A13401900F723D802E9F70BFE0300F9
:106540001900C94B1A68C0239B0413400ED0C64BD8
:106550001A68C0239B041A4080235B049A420BD123
:10656000C24B1A6880239B03134005D1BC4B1B68A8
:106570009B02BF4A134005E0B94B1B689B025B08B6
:10658000B84A13404B43E318BB631A257C19BB6B15
:10659000180002F0BDFE030023707B191B78012B4D
:1065A00000D0EEE1B04B1A68C0239B0413400ED01C
:1065B000AD4B1A68C0239B041A4080235B049A42A7
:1065C0000BD1AA4B1A6880239B03134005D1A44B1F
:1065D0001B689B02A64A134005E0A14B1B689B0267
:1065E0005B08A04A1340F722D20219001000E9F715
:1065F00037FE0B00DB0AFA6B9A4200D1E6E09A4BB9
:106600001A68C0239B0413400ED0974B1A68C0230E
:106610009B041A4080235B049A420BD1934B1A6867
:1066200080239B03134005D18D4B1B689B02904A2E
:10663000134005E08A4B1B689B025B08894A1340A4
:10664000F722D20219001000E9F70AFE0B00DB0A5C
:106650000433FA6B9A4200D1B8E0834B1A68C02326
:106660009B0413400ED0804B1A68C0239B041A4031
:1066700080235B049A420BD17C4B1A6880239B03D6
:10668000134005D1764B1B689B02794A134005E005
:10669000734B1B689B025B08724A1340F722D202BD
:1066A00019001000E9F7DCFD0B00DB0AFA6BD31AC6
:1066B0000733072213401C006B4B1A68C0239B044E
:1066C00013400ED0684B1A68C0239B041A408023E5
:1066D0005B049A420BD1654B1A6880239B031340DD
:1066E00005D15F4B1B689B02614A134005E05C4B80
:1066F0001B689B025B085B4A1340F722D202190019
:106700001000E9F7ADFD0B00DB0AE318802252020E
:1067100094466344DC02544B1A68C0239B04134024
:106720000ED0514B1A68C0239B041A4080235B048F
:106730009A420BD14D4B1A6880239B03134005D11D
:10674000474B1B689B024A4A134005E0444B1B68B9
:106750009B025B08434A13401900F723D802E9F76C
:10676000F9FC03001900404B1A68C0239B04134036
:106770000ED03D4B1A68C0239B041A4080235B0453
:106780009A420BD1394B1A6880239B03134005D1E1
:10679000334B1B689B02364A134005E0304B1B68A5
:1067A0009B025B082F4A13404B43E318180002F08A
:1067B000AFFD0300032B04D11B23FB1800221A702A
:1067C000C5E01B23FB1801221A70C0E0264B1A6893
:1067D000C0239B0413400ED0234B1A68C0239B0494
:1067E0001A4080235B049A420BD1204B1A68802305
:1067F0009B03134005D11A4B1B689B021C4A134094
:1068000005E0174B1B689B025B08164A1340F722F2
:10681000D20219001000E9F723FD0B00DB0AFA6B26
:10682000D31A0133072213401C000F4B1A68C023F0
:106830009B0413400ED00C4B1A68C0239B041A40D3
:1068400080235B049A4215D1084B1A6880239B036E
:1068500013400FD1024B1B689B02054A13400FE007
:10686000E075FF1F00FE07000075FF1F202002409B
:1068700000FC0F00C54B1B689B025B08C44A134019
:10688000F722D20219001000E9F7EAFC0B00DB0A3C
:10689000E3188022520294466344DC02BD4B1A681E
:1068A000C0239B0413400ED0BA4B1A68C0239B042C
:1068B0001A4080235B049A420BD1B74B1A6880239D
:1068C0009B03134005D1B14B1B689B02B34A134095
:1068D00005E0AE4B1B689B025B08AD4A13401900F4
:1068E000F723D802E9F736FC03001900A94B1A6810
:1068F000C0239B0413400ED0A64B1A68C0239B04F0
:106900001A4080235B049A420BD1A34B1A68802360
:106910009B03134005D19D4B1B689B029F4A13406C
:1069200005E09A4B1B689B025B08994A13404B4356
:10693000E318180002F0ECFC031E04D11B23FB1823
:1069400000221A7003E01B23FB1801221A701B237C
:10695000FB181B78002B14D1FB6BDAB2904B1A702A
:1069600001220021002001F0D5FD03001A00802340
:106970005B009A4202D00C2300F0B2FE0123FB61BF
:1069800030E0FB6B0133FB63824B1A68C0239B042E
:1069900013400ED07F4B1A68C0239B041A408023FB
:1069A0005B049A420BD17C4B1A6880239B031340F3
:1069B00005D1764B1B689B02784A134005E0734B68
:1069C0001B689B025B08724A1340F722D20219002F
:1069D0001000E9F745FC0B00DB0A0833FA6B9A421A
:1069E00000D276E500233B636A4B1A68C0239B0400
:1069F00013400ED0674B1A68C0239B041A408023B3
:106A00005B049A420BD1644B1A6880239B031340AA
:106A100005D15E4B1B689B02604A134005E05B4B4F
:106A20001B689B025B085A4A1340F722D2021900E6
:106A30001000E9F715FC0B00DB0AFB635EE2FB6B61
:106A40008022520294466344DC02524B1A68C023EF
:106A50009B0413400ED04F4B1A68C0239B041A406E
:106A600080235B049A420BD14B4B1A6880239B0313
:106A7000134005D1454B1B689B02484A134005E073
:106A8000424B1B689B025B08414A13401900F723E5
:106A9000D802E9F75FFB030019003E4B1A68C023D8
:106AA0009B0413400ED03B4B1A68C0239B041A4032
:106AB00080235B049A420BD1374B1A6880239B03D7
:106AC000134005D1314B1B689B02344A134005E04B
:106AD0002E4B1B689B025B082D4A13404B43E31867
:106AE000BB631A257C19BB6B180002F011FC030074
:106AF00023707B191B78022B00D0F5E1254B1A6817
:106B0000C0239B0413400ED0224B1A68C0239B0461
:106B10001A4080235B049A420BD11F4B1A688023D2
:106B20009B03134005D1194B1B689B021B4A134062
:106B300005E0164B1B689B025B08154A1340F722C1
:106B4000D20219001000E9F78BFB0B00DB0AFA6B8D
:106B50009A4200D1F2E00F4B1A68C0239B04134005
:106B60000ED00C4B1A68C0239B041A4080235B0490
:106B70009A4217D1084B1A6880239B03134011D106
:106B8000024B1B689B02054A134011E0E075FF1F92
:106B900000FE07000075FF1F2020024000FC0F00D0
:106BA0006E390020CA4B1B689B025B08C94A134020
:106BB000F722D20219001000E9F752FB0B00DB0AA2
:106BC0000433FA6B9A4200D1B8E0C34B1A68C02371
:106BD0009B0413400ED0C04B1A68C0239B041A407C
:106BE00080235B049A420BD1BC4B1A6880239B0321
:106BF000134005D1B64B1B689B02B94A134005E010
:106C0000B34B1B689B025B08B24A1340F722D202C7
:106C100019001000E9F724FB0B00DB0AFA6BD31A0A
:106C20000733072213401C00AB4B1A68C0239B0498
:106C300013400ED0A84B1A68C0239B041A4080232F
:106C40005B049A420BD1A54B1A6880239B03134027
:106C500005D19F4B1B689B02A14A134005E09C4B4A
:106C60001B689B025B089B4A1340F722D202190063
:106C70001000E9F7F5FA0B00DB0AE3188022520254
:106C800094466344DC02944B1A68C0239B0413406F
:106C90000ED0914B1A68C0239B041A4080235B04DA
:106CA0009A420BD18D4B1A6880239B03134005D168
:106CB000874B1B689B028A4A134005E0844B1B6884
:106CC0009B025B08834A13401900F723D802E9F7B7
:106CD00041FA03001900804B1A68C0239B0413403B
:106CE0000ED07D4B1A68C0239B041A4080235B049E
:106CF0009A420BD1794B1A6880239B03134005D12C
:106D0000734B1B689B02764A134005E0704B1B686F
:106D10009B025B086F4A13404B43E318180002F0D4
:106D2000F7FA0300032B04D11B23FB1800221A706F
:106D3000BBE01B23FB1801221A70B6E0664B1A68F1
:106D4000C0239B0413400ED0634B1A68C0239B04DE
:106D50001A4080235B049A420BD1604B1A6880234F
:106D60009B03134005D15A4B1B689B025C4A13409E
:106D700005E0574B1B689B025B08564A1340F722FD
:106D8000D20219001000E9F76BFA0B00DB0AFA6B6C
:106D9000D31A0133072213401C004F4B1A68C0233B
:106DA0009B0413400ED04C4B1A68C0239B041A401E
:106DB00080235B049A420BD1484B1A6880239B03C3
:106DC000134005D1424B1B689B02454A134005E026
:106DD0003F4B1B689B025B083E4A1340F722D202DE
:106DE00019001000E9F73CFA0B00DB0AE3188022D7
:106DF000520294466344DC02374B1A68C0239B045A
:106E000013400ED0344B1A68C0239B041A408023D1
:106E10005B049A420BD1314B1A6880239B031340C9
:106E200005D12B4B1B689B022D4A134005E0284BD4
:106E30001B689B025B08274A13401900F723D802FE
:106E4000E9F788F903001900234B1A68C0239B0453
:106E500013400ED0204B1A68C0239B041A40802395
:106E60005B049A420BD11D4B1A6880239B0313408D
:106E700005D1174B1B689B02194A134005E0144BC0
:106E80001B689B025B08134A13404B43E31818002E
:106E900002F03EFA031E04D11B23FB1800221A70D5
:106EA00003E01B23FB1801221A701B23FB181B781D
:106EB000002B20D13B6B002B07D1FB6BDAB2094BC7
:106EC0001A703B6B01333B6315E00A2300F008FCAA
:106ED000E075FF1F00FE07000075FF1F2020024025
:106EE00000FC0F006E3900201A23FB181B78032BBF
:106EF00001D1FB6B7B62FB6B0133FB63CD4B1A68EB
:106F0000C0239B0413400ED0CA4B1A68C0239B04B5
:106F10001A4080235B049A420BD1C74B1A68802326
:106F20009B03134005D1C54B1B689B02C44A134009
:106F300005E0C24B1B689B025B08C24A1340F72264
:106F4000D20219001000E9F78BF90B00DB0A0833B5
:106F5000FA6B9A4200D272E53B6B002B00D06BE0DB
:106F60007B6ADCB2B34B1A68C0239B0413400ED07B
:106F7000B04B1A68C0239B041A4080235B049A42DA
:106F80000BD1AD4B1A6880239B03134005D1AB4B4B
:106F90001B689B02AA4A134005E0A84B1B689B0292
:106FA0005B08A84A1340F722D20219001000E9F743
:106FB00057F90B00DB0ADBB2E31ADBB20133DBB2B9
:106FC00007221340DCB29B4B1A68C0239B0413407A
:106FD0000ED0984B1A68C0239B041A4080235B0490
:106FE0009A420BD1944B1A6880239B03134005D11E
:106FF000924B1B689B02924A134005E08F4B1B6823
:107000009B025B088F4A1340F722D202190010003E
:10701000E9F726F90B00DB0ADBB2E318DAB28A4B98
:107020001A70894B1B780221180001F0BFFF031E64
:1070300002D0022300F054FB844B00221A80844BC0
:1070400020221A6020237B636DE07F4B1B78802217
:10705000520294466344DC02764B1A68C0239B04B8
:1070600013400ED0734B1A68C0239B041A40802330
:107070005B049A420BD1704B1A6880239B03134028
:1070800005D16E4B1B689B026D4A134005E06B4BAC
:107090001B689B025B086B4A13401900F723D80258
:1070A000E9F758F803001900624B1A68C0239B04E3
:1070B00013400ED05F4B1A68C0239B041A408023F4
:1070C0005B049A420BD15C4B1A6880239B031340EC
:1070D00005D15A4B1B689B02594A134005E0574B98
:1070E0001B689B025B08574A13404B43E2187B6BBB
:1070F000D3181A685B683A617B613B69013303D13D
:107100007B69013300D113E0504B1B8801339AB2E5
:107110004E4B1A804E4B1B6808331A004C4B1A60BA
:107120007B6B08337B637A6B80231B019A428CD381
:10713000454B1B78FB63444B1B783B62D0E03D4BD7
:107140001A68C0239B0413400ED03A4B1A68C02320
:107150009B041A4080235B049A420BD1364B1A6879
:1071600080239B03134005D1344B1B689B02344A98
:10717000134005E0314B1B689B025B08314A13400A
:10718000F722D20219001000E9F76AF80B00DB0AB7
:10719000FA6BD31A0733072213401C00254B1A68D9
:1071A000C0239B0413400ED0224B1A68C0239B04BB
:1071B0001A4080235B049A420BD11F4B1A6880232C
:1071C0009B03134005D11D4B1B689B021C4A1340B7
:1071D00005E01A4B1B689B025B081A4A1340F72212
:1071E000D20219001000E9F73BF80B00DB0AE318A4
:1071F000FB63FB6B8022520294466344DC020D4B1E
:107200001A68C0239B0413400ED00A4B1A68C0238F
:107210009B041A4080235B049A421BD1064B1A68D8
:1072200080239B03134015D1044B1B689B02044A27
:10723000134015E00075FF1F20200240E075FF1F7E
:1072400000FC0F0000FE07006E3900206C390020A2
:1072500048020020C44B1B689B025B08C34A1340D2
:107260001900F723D802E8F775FF03001900C04B97
:107270001A68C0239B0413400ED0BD4B1A68C0236C
:107280009B041A4080235B049A420BD1B94B1A68C5
:1072900080239B03134005D1B34B1B689B02B64A66
:1072A000134005E0B04B1B689B025B08AF4A1340DC
:1072B0004B43E3181A257C19180002F029F8030043
:1072C00023707B191B78032B08D1AC4B1B88FC3334
:1072D0009AB2AA4B1A80FB6B3B6201E00A23FFE1E2
:1072E000A34B1A68C0239B0413400ED0A04B1A680E
:1072F000C0239B041A4080235B049A420BD19D4B10
:107300001A6880239B03134005D1974B1B689B028F
:10731000994A134005E0944B1B689B025B08934A13
:107320001340F722D20219001000E8F799FF0B0072
:10733000DB0AFA6B9A422DD08D4B1A68C0239B044E
:1073400013400ED08A4B1A68C0239B041A40802336
:107350005B049A420BD1874B1A6880239B0313402E
:1073600005D1814B1B689B02834A134005E07E4B8D
:107370001B689B025B087D4A1340F722D20219006A
:107380001000E8F76DFF0B00DB0A0433FA6B9A423A
:1073900000D0D4E67A4B1B781C00754B1A68C023CA
:1073A0009B0413400ED0724B1A68C0239B041A40F2
:1073B00080235B049A420BD16E4B1A6880239B0397
:1073C000134005D1684B1B689B026B4A134005E0D4
:1073D000654B1B689B025B08644A1340F722D2028C
:1073E00019001000E8F73CFF0B00DB0AE31A013339
:1073F000072213401C005E4B1A68C0239B041340F5
:107400000ED05B4B1A68C0239B041A4080235B0498
:107410009A420BD1574B1A6880239B03134005D126
:10742000514B1B689B02544A134005E04E4B1B68AE
:107430009B025B084D4A1340F722D202190010004C
:10744000E8F70EFF0B00DB0AE318FB63FB6B8022FF
:10745000520294466344DC02454B1A68C0239B04E5
:1074600013400ED0424B1A68C0239B041A4080235D
:107470005B049A420BD13F4B1A6880239B03134055
:1074800005D1394B1B689B023B4A134005E0364B44
:107490001B689B025B08354A13401900F723D8028A
:1074A000E8F758FE03001900314B1A68C0239B040B
:1074B00013400ED02E4B1A68C0239B041A40802321
:1074C0005B049A420BD12B4B1A6880239B03134019
:1074D00005D1254B1B689B02274A134005E0224B30
:1074E0001B689B025B08214A13404B43E318BB63B4
:1074F000D9E0FB1D1B78002B08D1FB6B0121180084
:1075000001F0A6FF031E14D00123E9E080231A0135
:10751000BB6B1100180000F0B4FD0300102B08D164
:10752000FB6B0121180001F093FF031E01D0012322
:10753000D6E00F4B1A68C0239B0413400ED00C4BAF
:107540001A68C0239B041A4080235B049A4219D115
:10755000084B1A6880239B03134013D1024B1B680E
:107560009B02054A134013E0E075FF1F00FE070071
:107570000075FF1F2020024000FC0F006C39002026
:107580006E390020584B1B689B025B08574A13401A
:10759000F722D20219001000E8F762FE0B00DB0AA6
:1075A000FA6BD31A0133072213401C00504B1A68A0
:1075B000C0239B0413400ED04D4B1A68C0239B047C
:1075C0001A4080235B049A420BD14A4B1A688023ED
:1075D0009B03134005D1444B1B689B02464A134052
:1075E00005E0414B1B689B025B08404A1340F722B1
:1075F000D20219001000E8F733FE0B00DB0AE31893
:10760000FB63FB6B8022520294466344DC02384BDE
:107610001A68C0239B0413400ED0354B1A68C02350
:107620009B041A4080235B049A420BD1314B1A68A9
:1076300080239B03134005D12B4B1B689B022E4AD2
:10764000134005E0284B1B689B025B08274A134048
:107650001900F723D802E8F77DFD03001900244B39
:107660001A68C0239B0413400ED0214B1A68C02314
:107670009B041A4080235B049A420BD11D4B1A686D
:1076800080239B03134005D1174B1B689B021A4AAA
:10769000134005E0144B1B689B025B08134A134020
:1076A0004B43E318BB63FA6B3B6A9A4200D020E776
:1076B00001F05EFFFB69002B11D10E257C19002122
:1076C000002001F09DFB030023807B191B88002B09
:1076D00005D07B191B88122B01D0022300E0002368
:1076E0001800BD4610B0B0BDE075FF1F00FE0700DA
:1076F0000075FF1F2020024000FC0F0090B585B0F0
:1077000000AF0200FB1D1A700023FB6001F07EFF3A
:10771000031E01D00E2331E19A4B1A68C0239B044B
:1077200013400ED0974B1A68C0239B041A40802345
:107730005B049A420BD1944B1A6880239B0313403D
:1077400005D1924B1B689B02914A134005E08F4B79
:107750001B689B025B088F4A1340F722D202190074
:107760001000E8F77DFD0B00DB0AFB6072E0FB1DFB
:107770001B78002B08D1FB680121180001F068FE7E
:10778000031E64D00123F9E0FB6880225202944674
:107790006344DC027B4B1A68C0239B0413400ED069
:1077A000784B1A68C0239B041A4080235B049A42DA
:1077B0000BD1754B1A6880239B03134005D1734B83
:1077C0001B689B02724A134005E0704B1B689B02CA
:1077D0005B08704A13401900F723D802E8F7BAFC97
:1077E00003001900674B1A68C0239B0413400ED096
:1077F000644B1A68C0239B041A4080235B049A429E
:107800000BD1614B1A6880239B03134005D15F4B5A
:107810001B689B025E4A134005E05C4B1B689B02A1
:107820005B085C4A13404B43E318802212011100AD
:10783000180000F026FC0300102B08D1FB68012182
:10784000180001F005FE031E01D0012396E0FB683D
:107850000133FB604B4B1A68C0239B0413400ED0CE
:10786000484B1A68C0239B041A4080235B049A4249
:107870000BD1454B1A6880239B03134005D1434B22
:107880001B689B02424A134005E0404B1B689B0269
:107890005B08404A1340F722D20219001000E8F7B3
:1078A000DFFC0B00DB0A0833FA689A4200D25EE77D
:1078B00001F05EFE334B1A68C0239B0413400ED0C8
:1078C000304B1A68C0239B041A4080235B049A4201
:1078D0000BD12D4B1A6880239B03134005D12B4BF2
:1078E0001B689B022A4A134005E0284B1B689B0239
:1078F0005B08284A1340F722D20219001000E8F76B
:10790000AFFC0B00DB0A0221180001F04FFB031E45
:1079100001D0022332E0204B00221A80194B1A6852
:10792000C0239B0413400ED0164B1A68C0239B043F
:107930001A4080235B049A420BD1134B1A688023B0
:107940009B03134005D1114B1B689B02104A134047
:1079500005E00E4B1B689B025B080E4A1340F722A2
:10796000D20219001000E8F77BFC0B00DB0ADAB248
:107970000A4B1A700A4B20221A6000231800BD46D9
:1079800005B090BD0075FF1F20200240E075FF1F6D
:1079900000FC0F0000FE07006C3900206E3900204B
:1079A00048020020B0B584B000AF02003960BB1DB2
:1079B0001A80BB1D1B88002B1CD0BB1D1B88104AC6
:1079C000934217D00023BB600E257B1900221A803A
:1079D0007C190823FA18BB1D1B881100180000F041
:1079E00087F903002380BB689AB23B681A807B1931
:1079F0001B8800E008231800BD4604B0B0BDC04697
:107A0000FFFF000080B582B000AF0200BB1D1A80EE
:107A10003B1D0A1C1A80BB1D1B88002B0ED0BB1DF2
:107A20001B88094A934209D03B1D1A88BB1D1B883D
:107A30001100180000F0FCFA030000E00823180011
:107A4000BD4602B080BDC046FFFF000090B587B0C4
:107A500000AF00237B6100233B610023FB60002318
:107A6000BB60FB1D05221A70BB1D05221A709B4BC3
:107A70001A68C0239B0413400ED0984B1A68C02389
:107A80009B041A4080235B049A420BD1944B1A68E2
:107A900080239B03134005D1924B1B689B02924AA3
:107AA000134005E08F4B1B689B025B088F4A134015
:107AB000F722D20219001000E8F7D2FB0B00DB0A14
:107AC0007B61D8E07B698022520294466344DC02E9
:107AD000824B1A68C0239B0413400ED07F4B1A6858
:107AE000C0239B041A4080235B049A420BD17C4B39
:107AF0001A6880239B03134005D17A4B1B689B02B5
:107B0000794A134005E0774B1B689B025B08774A74
:107B100013401900F723D802E8F71CFB03001900F3
:107B20006E4B1A68C0239B0413400ED06B4B1A682F
:107B3000C0239B041A4080235B049A420BD1684BFC
:107B40001A6880239B03134005D1664B1B689B0278
:107B5000654A134005E0634B1B689B025B08634A60
:107B600013404B43E318FB60FC1DFB68180001F059
:107B7000CFFB03002370FB1D1B78042B00D077E0A4
:107B80007B6901333B6161E03B698022520294468C
:107B90006344DC02514B1A68C0239B0413400ED08F
:107BA0004E4B1A68C0239B041A4080235B049A4200
:107BB0000BD14B4B1A6880239B03134005D1494BD3
:107BC0001B689B02484A134005E0464B1B689B021A
:107BD0005B08464A13401900F723D802E8F7BAFABF
:107BE000030019003D4B1A68C0239B0413400ED0BC
:107BF0003A4B1A68C0239B041A4080235B049A42C4
:107C00000BD1374B1A6880239B03134005D1354BAA
:107C10001B689B02344A134005E0324B1B689B02F1
:107C20005B08324A13404B43E318BB60BC1DBB6882
:107C3000180001F06DFB03002370BB1D1B78042BA3
:107C400001D0052346E03B6901333B617B69043386
:107C50003A699A4298D37B690421180001F0F8FB35
:107C6000031E01D0012335E001F082FC002331E046
:107C70007B6904337B61194B1A68C0239B04134052
:107C80000ED0164B1A68C0239B041A4080235B0455
:107C90009A420BD1124B1A6880239B03134005D1E3
:107CA000104B1B689B02104A134005E00D4B1B68EC
:107CB0009B025B080D4A1340F722D2021900100004
:107CC000E8F7CEFA0B00DB0A08337A699A4200D251
:107CD000F8E605231800BD4607B090BD0075FF1FEC
:107CE00020200240E075FF1F00FC0F0000FE07008F
:107CF000F0B58FB000AF020039611623FB181A806F
:107D0000002200233A627B6200237B6300233B63F3
:107D10000023FB620023FB611B2310229B18DB194D
:107D200005221A70002000F0D3F903007B637B6BFF
:107D3000013301D103236CE17B6B80225202944614
:107D40006344DE02B54B1A68C0239B0413400ED077
:107D5000B24B1A68C0239B041A4080235B049A42EA
:107D60000BD1AF4B1A6880239B03134005D1AD4B59
:107D70001B689B02AC4A134005E0AA4B1B689B02A0
:107D80005B08AA4A13401900F723D802E8F7E2F982
:107D900003001900A14B1A68C0239B0413400ED0A6
:107DA0009E4B1A68C0239B041A4080235B049A42AE
:107DB0000BD19B4B1A6880239B03134005D1994B31
:107DC0001B689B02984A134005E0964B1B689B0278
:107DD0005B08964A13404B43F3183B631B23102266
:107DE0009B18DE193B6B180001F092FA0300337008
:107DF000FAE0FF23DB00FB623DE03A6BFB6AD3183D
:107E00001A685B683A627B623B6A013302D17B6A23
:107E100001332DD03A6A7B6A131C9BB21622BA1822
:107E200012889A4224D17B6A1B00BB600023FB604E
:107E3000B8683A6A7B6A131C9BB2190001F0D2FA47
:107E40000300FB617B6A1B043A6A140C1C437B6AC7
:107E50001D0CA3B21A00FB69934209D17B6A1B0077
:107E60003B6000237B603A683B691A600023D0E0E6
:107E7000FB6A083BFB62FB6A1F2BBED8674B1A6884
:107E8000C0239B0413400ED0644B1A68C0239B048C
:107E90001A4080235B049A420BD1614B1A688023FD
:107EA0009B03134005D15F4B1B689B025E4A134046
:107EB00005E05C4B1B689B025B085C4A1340F722A1
:107EC000D20219001000E8F7CBF90B00DB0A7A6B3D
:107ED000D31A0733072213401E00504B1A68C023E1
:107EE0009B0413400ED04D4B1A68C0239B041A40CC
:107EF00080235B049A420BD1494B1A6880239B0371
:107F0000134005D1474B1B689B02474A134005E0CD
:107F1000444B1B689B025B08444A1340F722D20281
:107F200019001000E8F79CF90B00DB0AF3187B63DB
:107F30007B6B8022520294466344DE02374B1A6800
:107F4000C0239B0413400ED0344B1A68C0239B04FB
:107F50001A4080235B049A420BD1314B1A6880236C
:107F60009B03134005D12F4B1B689B022E4A1340E5
:107F700005E02C4B1B689B025B082C4A1340190040
:107F8000F723D802E8F7E6F803001900234B1A6834
:107F9000C0239B0413400ED0204B1A68C0239B04BF
:107FA0001A4080235B049A420BD11D4B1A68802330
:107FB0009B03134005D11B4B1B689B021A4A1340BD
:107FC00005E0184B1B689B025B08184A13404B43A3
:107FD000F3183B631B2310229B18DE193B6B180020
:107FE00001F096F9030033701B2210215318DB199E
:107FF0001B78022B00D1FCE65318DB191B78032BEE
:1080000000D1F6E65318DB191B78042B00D1F0E6FB
:1080100007231800BD460FB0F0BDC0460075FF1F16
:1080200020200240E075FF1F00FC0F0000FE07004B
:10803000B0B584B000AF02003960BB1D1A800E25B8
:108040007B1900221A807C193A68BB1D1B8811001D
:10805000180000F0D5FE030023807B191B88122B2B
:1080600008D13968BB1D1B880022180000F052FAA5
:10807000030002E00E23FB181B881800BD4604B065
:10808000B0BD80B584B000AF786039600E23FB18B6
:1080900011221A800023BB600FE07A68BB68D318F6
:1080A0001A685B68511C01D1013303D00E23FB1801
:1080B00010221A80BB680833BB60BA683B689A42DA
:1080C000EBD30E23FB181B881800BD4604B080BDFF
:1080D00090B587B000AF0200FB1D1A701723FB1884
:1080E00005221A701623FB1805221A7000233B6123
:1080F0000023FB600023BB60CB4B1B783B613B69DB
:108100008022520294466344DC02C84B1A68C023A2
:108110009B0413400ED0C54B1A68C0239B041A4021
:1081200080235B049A420BD1C14B1A6880239B03C6
:10813000134005D1BF4B1B689B02BF4A134005E0AB
:10814000BC4B1B689B025B08BC4A13401900F72319
:10815000D802E7F7FFFF03001900B44B1A68C023E9
:108160009B0413400ED0B14B1A68C0239B041A40E5
:1081700080235B049A420BD1AD4B1A6880239B038A
:10818000134005D1AB4B1B689B02AB4A134005E083
:10819000A84B1B689B025B08A84A13404B43E3189B
:1081A0001722BC18180001F0B3F8030023709F4B8E
:1081B0001A68C0239B0413400ED09C4B1A68C0233E
:1081C0009B041A4080235B049A420BD1984B1A6897
:1081D00080239B03134005D1964B1B689B02964A54
:1081E000134005E0934B1B689B025B08934A1340C6
:1081F000F722D20219001000E8F732F80B00DB0A70
:108200003A69D31A0133072213401C00874B1A68BE
:10821000C0239B0413400ED0844B1A68C0239B04D8
:108220001A4080235B049A420BD1814B1A68802349
:108230009B03134005D17F4B1B689B027E4A134072
:1082400005E07C4B1B689B025B087C4A1340F722CD
:10825000D20219001000E8F703F80B00DB0AE3185C
:10826000FB60FB688022520294466344DC026F4B41
:108270001A68C0239B0413400ED06C4B1A68C023AD
:108280009B041A4080235B049A420BD1684B1A6806
:1082900080239B03134005D1664B1B689B02664AF3
:1082A000134005E0634B1B689B025B08634A134065
:1082B0001900F723D802E7F74DFF030019005B4BC5
:1082C0001A68C0239B0413400ED0584B1A68C02371
:1082D0009B041A4080235B049A420BD1544B1A68CA
:1082E00080239B03134005D1524B1B689B02524ACB
:1082F000134005E04F4B1B689B025B084F4A13403D
:108300004B43E3181622BC18180001F001F80300D3
:108310002370464B1A68C0239B0413400ED0434B76
:108320001A68C0239B041A4080235B049A420BD135
:108330003F4B1A6880239B03134005D13D4B1B68BC
:108340009B023D4A134005E03A4B1B689B025B08C9
:108350003A4A1340F722D20219001000E7F780FFD3
:108360000B00DB0A3A69D31A0733072213401C00BB
:108370002E4B1A68C0239B0413400ED02B4B1A6857
:10838000C0239B041A4080235B049A420BD1284BE4
:108390001A6880239B03134005D1264B1B689B0260
:1083A000254A134005E0234B1B689B025B08234AC8
:1083B0001340F722D20219001000E7F751FF0B001B
:1083C000DB0AE318BB60FB1D1B78022B00D18EE09B
:1083D00000DD96E0002B00D178E0012B00D090E08A
:1083E0001723FB181B78022B3BD1154B1A688023EF
:1083F0001B019A4201D23B6985E01623FB181B78CA
:10840000042B06D1FFF722FB031E02D001235B429F
:1084100079E03B690321180000F0C8FD031E11D06C
:1084200001235B426FE0C0466E3900200075FF1FDC
:1084300020200240E075FF1F00FC0F0000FE070037
:1084400048020020FB680221180000F0AFFD031E67
:1084500002D001235B4256E02D4B20221A60FB68BC
:1084600051E01723FB181B78012B2CD1284B1A68DD
:1084700080231B019A4201D23B6944E01623FB187A
:108480001B78042B06D1FFF7E1FA031E02D001236B
:108490005B4238E03B690321180000F087FD031EB2
:1084A00002D001235B422EE0FB680121180000F09E
:1084B0007DFD031E02D001235B4224E0144B2022E9
:1084C0001A60FB681FE001235B421CE01723FB18C6
:1084D0001B78022B01D13B6915E01723FB181B7891
:1084E000012B01D1BB680EE001235B420BE0162398
:1084F000FB181B78002B01D1FB6804E001235B42D1
:1085000001E001235B421800BD4607B090BDC046A4
:1085100048020020B0B58AB000AF39601100BB1D21
:10852000021C1A807B1D0A1C1A702723FB180522C7
:108530001A700023BB6100233B620023FB61002211
:1085400000233A617B610E23FB1800221A8000236E
:10855000BB607B1D1B78002B01D1022300E00123AF
:108560001800FFF7B5FD03003B623B6A013302D1FF
:10857000042300F032FCCC4B00221A803B6ADAB2B2
:10858000CA4B1A70CA4B20221A607B1D1B78002B25
:1085900009D13B6A0121180000F008FD031E02D03A
:1085A000022300F01AFCC34B1A68C0239B0413403B
:1085B0000ED0C04B1A68C0239B041A4080235B0472
:1085C0009A420BD1BC4B1A6880239B03134005D100
:1085D000BA4B1B689B02BA4A134005E0B74B1B68B5
:1085E0009B025B08B74A1340F722D2021900100021
:1085F000E7F736FE0B00DB0A3A6AD31A0733072285
:1086000013401C00AB4B1A68C0239B0413400ED0D0
:10861000A84B1A68C0239B041A4080235B049A422B
:108620000BD1A54B1A6880239B03134005D1A34BA4
:108630001B689B02A24A134005E0A04B1B689B02EB
:108640005B08A04A1340F722D20219001000E7F796
:1086500007FE0B00DB0AE3183B623B6A80225202F2
:1086600094466344DC02934B1A68C0239B04134076
:108670000ED0904B1A68C0239B041A4080235B04E1
:108680009A420BD18C4B1A6880239B03134005D16F
:108690008A4B1B689B028A4A134005E0874B1B6884
:1086A0009B025B08874A13401900F723D802E7F7BB
:1086B00051FD030019007F4B1A68C0239B0413402F
:1086C0000ED07C4B1A68C0239B041A4080235B04A5
:1086D0009A420BD1784B1A6880239B03134005D133
:1086E000764B1B689B02764A134005E0734B1B6870
:1086F0009B025B08734A13404B43E318BB61272579
:108700007C19BB69180000F003FE030023707B197D
:108710001B78022B04D07B191B78042B00D0A1E11D
:108720002723FB181B78022B09D13B6A0421180070
:1087300000F03CFC031E02D0022300F04EFB5D4B18
:108740001A68C0239B0413400ED05A4B1A68C023EA
:108750009B041A4080235B049A420BD1564B1A6843
:1087600080239B03134005D1544B1B689B02544A42
:10877000134005E0514B1B689B025B08514A1340B4
:10878000F722D20219001000E7F76AFD0B00DB0A9E
:108790003A6AD31A0733072213401C00454B1A6864
:1087A000C0239B0413400ED0424B1A68C0239B0485
:1087B0001A4080235B049A420BD13F4B1A688023F6
:1087C0009B03134005D13D4B1B689B023C4A134061
:1087D00005E03A4B1B689B025B083A4A1340F722BC
:1087E000D20219001000E7F73BFD0B00DB0AE3188B
:1087F0003B623B6A8022520294466344DC022D4B6A
:108800001A68C0239B0413400ED02A4B1A68C02359
:108810009B041A4080235B049A420BD1264B1A68B2
:1088200080239B03134005D1244B1B689B02244AE1
:10883000134005E0214B1B689B025B08214A134053
:108840001900F723D802E7F785FC03001900194B3C
:108850001A68C0239B0413400ED0164B1A68C0231D
:108860009B041A4080235B049A420BD1124B1A6876
:1088700080239B03134005D1104B1B689B02104AB9
:10888000134005E00D4B1B689B025B080D4A13402B
:108890004B43E318BB612723FC18BB69180000F0A9
:1088A00037FD03002370D1E06C3900206E390020C1
:1088B000480200200075FF1F20200240E075FF1FC6
:1088C00000FC0F0000FE07002723FB181B78032B7A
:1088D00008D13B6A0421180000F068FB031E01D098
:1088E00002237AE2CA4B1A68C0239B0413400ED0BD
:1088F000C74B1A68C0239B041A4080235B049A422A
:108900000BD1C44B1A6880239B03134005D1C24B83
:108910001B689B02C14A134005E0BF4B1B689B02CA
:108920005B08BF4A1340F722D20219001000E7F794
:1089300097FC0B00DB0A3A6AD31A0733072213406D
:108940001C00B34B1A68C0239B0413400ED0B04BDD
:108950001A68C0239B041A4080235B049A420BD1FF
:10896000AC4B1A6880239B03134005D1AA4B1B68AC
:108970009B02AA4A134005E0A74B1B689B025B08B9
:10898000A74A1340F722D20219001000E7F768FC4B
:108990000B00DB0AE3183B623B6A802252029446DA
:1089A0006344DC029A4B1A68C0239B0413400ED028
:1089B000974B1A68C0239B041A4080235B049A4299
:1089C0000BD1944B1A6880239B03134005D1924B23
:1089D0001B689B02914A134005E08F4B1B689B026A
:1089E0005B088F4A13401900F723D802E7F7B2FB60
:1089F00003001900864B1A68C0239B0413400ED055
:108A0000834B1A68C0239B041A4080235B049A425C
:108A10000BD1804B1A6880239B03134005D17E4BFA
:108A20001B689B027D4A134005E07B4B1B689B0241
:108A30005B087B4A13404B43E318BB612723FC18B8
:108A4000BB69180000F064FC030023702722BB18E8
:108A50001B78032B00D137E7BB181B78042B00D100
:108A600032E70AE07B1D1B78012B04D12723FB187A
:108A70001B78032B01D00A23AFE17B1D1B78012B50
:108A800000D050E12023FB616DE0664B1B78802213
:108A9000520294466344DC025D4B1A68C0239B0477
:108AA00013400ED05A4B1A68C0239B041A408023EF
:108AB0005B049A420BD1574B1A6880239B031340E7
:108AC00005D1554B1B689B02544A134005E0524B9D
:108AD0001B689B025B08524A13401900F723D80217
:108AE000E7F738FB03001900494B1A68C0239B04C1
:108AF00013400ED0464B1A68C0239B041A408023B3
:108B00005B049A420BD1434B1A6880239B031340AA
:108B100005D1414B1B689B02404A134005E03E4B88
:108B20001B689B025B083E4A13404B43E218FB69FB
:108B3000D3181A685B683A617B613B69013303D1E2
:108B40007B69013300D113E0374B1B8801339AB2A4
:108B5000354B1A80354B1B6808331A00334B1A60AB
:108B6000FB690833FB61FA6980231B019A428CD3AD
:108B70002C4B1B783B620023FB61CEE0244B1A6830
:108B8000C0239B0413400ED0214B1A68C0239B04C2
:108B90001A4080235B049A420BD11E4B1A68802333
:108BA0009B03134005D11C4B1B689B021B4A1340BF
:108BB00005E0194B1B689B025B08194A1340F7221A
:108BC000D20219001000E7F74BFB0B00DB0A3A6AF0
:108BD000D31A0733072213401C000D4B1A68C02319
:108BE0009B0413400ED00A4B1A68C0239B041A4002
:108BF00080235B049A421BD1064B1A6880239B0397
:108C0000134015D1044B1B689B02044A134015E026
:108C10000075FF1F20200240E075FF1F00FC0F00C1
:108C200000FE07006E3900206C3900204802002049
:108C30006C4B1B689B025B086B4A1340F722D20205
:108C400019001000E7F70CFB0B00DB0AE3183B628E
:108C50003B6A8022520294466344DC02634B1A68EA
:108C6000C0239B0413400ED0604B1A68C0239B04A2
:108C70001A4080235B049A420BD15D4B1A68802313
:108C80009B03134005D1574B1B689B02594A134065
:108C900005E0544B1B689B025B08534A13401900C4
:108CA000F723D802E7F756FA030019004F4B1A686A
:108CB000C0239B0413400ED04C4B1A68C0239B0466
:108CC0001A4080235B049A420BD1494B1A688023D7
:108CD0009B03134005D1434B1B689B02454A13403D
:108CE00005E0404B1B689B025B083F4A13404B4327
:108CF000E31827257C19180000F00AFB03002370F5
:108D00007B191B78032B0DD13B4B1B88FC339AB28C
:108D1000394B1A80FB690133FB61FB69072B00D8D3
:108D20002CE700E0C0463A68BB1D1B881100180004
:108D300000F066F8031E01D002234EE02E4B1B8884
:108D4000022B03D92C4B1B88023B00E00123FB6163
:108D500032E0BB1D1B88FA699A422AD0FB699BB29C
:108D60000E257C190822BA1811001800FEF7C0FF62
:108D70000300238029007B181B88002B11D1FB697D
:108D80009BB2BA680D007C181100180000F038F88A
:108D9000030023807B191B88002B0AD07B191B88BA
:108DA0001BE00E22BB181B88072B02D0BB181B88A8
:108DB00013E0FB690133FB61FA69FA239B009A42D5
:108DC000C7D90E4B1B780221180000F0EFF8031EE4
:108DD00001D0022301E080235B001800BD460AB0E9
:108DE000B0BDC046E075FF1F00FE07000075FF1F05
:108DF0002020024000FC0F006C3900206E3900205A
:108E0000F0B591B000AF0300B9622E22BA181380FA
:108E10000023FB635E4B1A88FC239B009A4201D31C
:108E20001223B1E00120FFF753F90300BB630023D5
:108E30007B63BB6B013301D10323A5E0BB6B8022B5
:108E4000520294466344DE02524B1A68C0239B04CC
:108E500013400ED04F4B1A68C0239B041A40802346
:108E60005B049A420BD14C4B1A6880239B0313403E
:108E700005D14A4B1B689A02494B134005E0474B0A
:108E80001B689B025A08474B13401900F723D8026E
:108E9000E7F760F9030019003E4B1A68C0239B04F2
:108EA00013400ED03B4B1A68C0239B041A4080230A
:108EB0005B049A420BD1384B1A6880239B03134002
:108EC00005D1364B1B689A02354B134005E0334BF6
:108ED0001B689B025A08334B13404B43F3187B63C8
:108EE000BB6A002B07D12E23FB181B88002B02D155
:108EF0000023FB6309E02E23FB181A88BB6A1100CC
:108F0000180000F06FFA0300FB63274B1A687B6BB5
:108F1000D118BB6ABB610023FB61BB691B007B628C
:108F200000233B62FB6B1B043B6100237B61386ABF
:108F30003A697B69160030430400786A18430500DB
:108F40002E23FB181B889BB2BB600023FB60BA6812
:108F5000FB681000204338602B437B603A687B68D5
:108F6000080000F063FA031E01D002230CE00E4B50
:108F70001B6808331A000C4B1A60054B1B88013321
:108F80009AB2034B1A8000231800BD4611B0F0BD01
:108F90006C3900200075FF1F20200240E075FF1F84
:108FA00000FC0F0000FE07004802002090B587B0CB
:108FB00000AF78600A00FB1C1A7000237B6100235D
:108FC0003B610023FB600023BB607B688022520270
:108FD00094466344DC02C44B1A68C0239B041340CC
:108FE0000ED0C14B1A68C0239B041A4080235B0437
:108FF0009A420BD1BD4B1A6880239B03134005D1C5
:10900000BB4B1B689B02BB4A134005E0B84B1B6877
:109010009B025B08B84A13401900F723D802E7F710
:1090200099F803001900B04B1A68C0239B04134041
:109030000ED0AD4B1A68C0239B041A4080235B04FA
:109040009A420BD1A94B1A6880239B03134005D188
:10905000A74B1B689B02A74A134005E0A44B1B6863
:109060009B025B08A44A13404B43E3187B617B6877
:109070008022520294466344DC029B4B1A68C02350
:109080009B0413400ED0984B1A68C0239B041A40CF
:1090900080235B049A420BD1944B1A6880239B0374
:1090A000134005D1924B1B689B02924A134005E086
:1090B0008F4B1B689B025B088F4A13401900F723F4
:1090C000D802E7F747F803001900874B1A68C02356
:1090D0009B0413400ED0844B1A68C0239B041A4093
:1090E00080235B049A420BD1804B1A6880239B0338
:1090F000134005D17E4B1B689B027E4A134005E05E
:109100007B4B1B689B025B087B4A13404B43E31875
:1091100008333B617B688022520294466344DC0240
:10912000714B1A68C0239B0413400ED06E4B1A6813
:10913000C0239B041A4080235B049A420BD16B4BE3
:109140001A6880239B03134005D1694B1B689B025F
:10915000684A134005E0664B1B689B025B08664A41
:1091600013401900F723D802E6F7F4FF03001900B3
:109170005D4B1A68C0239B0413400ED05A4B1A68EB
:10918000C0239B041A4080235B049A420BD1574BA7
:109190001A6880239B03134005D1554B1B689B0223
:1091A000544A134005E0524B1B689B025B08524A2D
:1091B00013404B43E3181033FB607B68802252025C
:1091C00094466344DC02484B1A68C0239B04134056
:1091D0000ED0454B1A68C0239B041A4080235B04C1
:1091E0009A420BD1414B1A6880239B03134005D14F
:1091F0003F4B1B689B023F4A134005E03C4B1B68FA
:109200009B025B083C4A13401900F723D802E6F79B
:10921000A1FF03001900344B1A68C0239B041340BC
:109220000ED0314B1A68C0239B041A4080235B0484
:109230009A420BD12D4B1A6880239B03134005D112
:109240002B4B1B689B022B4A134005E0284B1B68E5
:109250009B025B08284A13404B43E3181833BB605A
:10926000FB1C1B78042B30D039DC032B23D036DCDD
:10927000012B02D0022B0FD031E0204A1F4B79691D
:10928000080000F0D3F8031E01D002233CE07B6805
:10929000DAB21B4B1A7036E0184A184B39690800CD
:1092A00000F0C4F8031E01D002232DE07B68DAB27F
:1092B000134B1A7027E0114A104BF968080000F0B0
:1092C000B5F8031E0DD002231EE00C4A0B4BB96803
:1092D000080000F0ABF8031E14D0022314E0C046CF
:1092E00011E0C0460FE0C0460075FF1F202002407D
:1092F000E075FF1F00FC0F0000FE0700AAAAAAAA43
:109300006E390020C04600231800BD4607B090BD4E
:1093100080B58AB000AF7860002200233A627B6299
:1093200000220023BA61FB61002200233A617B61C5
:1093300000220023BA60FB607B681A685B683A62AF
:109340007B627B6808331A685B68BA61FB617B6883
:1093500010331A685B683A617B617B6818331A685E
:109360005B68BA60FB60BB68013302D1FB68013304
:1093700001D0042318E03B69013302D17B6901333A
:1093800001D0032310E0BB69013302D1FB69013333
:1093900001D0022308E03B6A013302D17B6A01332A
:1093A00001D0012300E000231800BD460AB080BDB3
:1093B00080B500AF80235B011800FCF74FFD074A22
:1093C000074B11001800FCF715FD054B082118008C
:1093D000FCF7FEFCC046BD4680BDC04605800000CF
:1093E0000030024080B582B000AF78600A00BB1C3C
:1093F0001A800D4B1800FCF7DDFC7B680A4A190047
:109400001000FCF703FDBB1C1B88074A1900100065
:10941000FCF708FD044B1800FCF715FD03001800CD
:10942000BD4602B080BDC0460030024080B584B069
:1094300000AFF8603A607B603A687B68F9680120A9
:1094400005F016FD03001800BD4604B080BD000005
:1094500090B58BB000AF78600A00BB1C1A80262341
:10946000FB1800221A800023FB607B6880225202D6
:1094700094466344DC02394B1A68C0239B041340B2
:109480000ED0364B1A68C0239B041A4080235B041D
:109490009A420BD1324B1A6880239B03134005D1AB
:1094A000304B1B689B02304A134005E02D4B1B6874
:1094B0009B025B082D4A13401900F723D802E6F7F8
:1094C00049FE03001900254B1A68C0239B04134072
:1094D0000ED0224B1A68C0239B041A4080235B04E1
:1094E0009A420BD11E4B1A6880239B03134005D16F
:1094F0001C4B1B689B021C4A134005E0194B1B6860
:109500009B025B08194A13404B43E318180000F014
:1095100035F803003B6210217B183A6A5A607B18C9
:1095200002221A60BB1C1A887B18DA607B187A68E2
:109530009A600C23FA187B181100180005F09AFDA8
:10954000031E03D02623FB1801221A802623FB18B2
:109550001B881800BD460BB090BDC0460075FF1FAC
:1095600020200240E075FF1F00FC0F0000FE0700F6
:1095700080B500AFC046BD4680BD000080B584B058
:1095800000AF78600023FB601B4B1A68C0239B046C
:1095900013400ED0184B1A68C0239B041A40802336
:1095A0005B049A420FD1154B1A6880239B0313402A
:1095B00009D1134B1B689B02124A134080221205EB
:1095C0009446634409E00E4B1B689B025B080E4AFD
:1095D000134080221205944663447A68934202D96C
:1095E0000423FB6002E080231B02FB60FB68180081
:1095F000BD4604B080BDC0460075FF1F202002405C
:10960000E075FF1F00FC0F0000FE070080B582B070
:1096100000AFBB1D00221A80BB1D1B881800BD4671
:1096200002B080BD80B582B000AFEFF305837B60F0
:109630007B685A1E9341DBB21800BD4602B080BD64
:1096400080B500AF01F0A4FD00231800BD4680BD29
:1096500080B584B000AF78607B68FB60FB68002B4E
:1096600001D0FB6800E00123180001F069FC002331
:109670001800BD4604B080BD80B584B000AF7860EE
:1096800039603B68012B11D103220021012000F039
:1096900056FE0300FB60FB68002B05D0F868002332
:1096A0000022002100F0B3FEFB6806E03B683A6848
:1096B0001100180000F093FE03001800BD4604B02E
:1096C00080BD000080B584B000AF786039600023B1
:1096D000BB607B68002B01D1802336E00023FB6058
:1096E0003B68013303D101235B42FB6009E03B6827
:1096F000002B06D03B68FB60FB68002B01D10123E7
:10970000FB60FFF78FFF031E13D00823FA187B6856
:109710000021180001F0FEF80300012B01D0FF2307
:1097200013E0BB68002B0FD00A4B802252051A6051
:109730000AE0FA687B681100180001F02FF80300B6
:10974000012B01D0FF2300E000231800BD4604B028
:1097500080BDC04604ED00E080B584B000AF786005
:109760000023FB600023BB60FFF75CFF031E13D0E8
:109770000823FA187B681100180000F030FF03007E
:10978000012B01D0FF2313E0BB68002B0FD00A4B45
:10979000802252051A600AE0786800230022002126
:1097A00000F035FE0300012B01D0FF23FB60FB68B6
:1097B0001800BD4604B080BD04ED00E080B500AFE8
:1097C00002F01CFA0300012B01D000F095FBC0460B
:1097D000BD4680BD80B584B000AF78600023FB60DB
:1097E000082000F0C5FB0300BB60BB68002B12D053
:1097F00000F02EFBBB687A681A60BB6800225A60D2
:10980000074B1B68BA685A60054BBA681A6000F0CB
:1098100031FB0123FB60FB681800BD4604B080BD2E
:109820005402002080B588B000AFF860B9607A605B
:109830000123FB613E4B1B68002B46D13C4B3D4A4C
:109840001A603CE03A4B1B681B681B68BB61BB6934
:109850001800E6F763FC03007B61FA687B69D318A4
:109860001B785BB2202B06D0FA687B69D3181B7873
:109870005BB2002B1ED17A69B969FB6818000BF046
:10988000C3FD031E16D12A4B1B681B681B7B5BB2F2
:10989000002B19DBFB68180000F062F903001A00C6
:1098A000234B1B681B681B7B5BB29A420CD00023C6
:1098B000FB6109E01E4B1B685A681D4B1A601C4B6C
:1098C0001B68002BBED100E0C046194B1B68002B63
:1098D0000CD0FB69002B09D17A681749BB681800C6
:1098E0000BF0A3FD124B00221A601CE0104B1B680A
:1098F000002B10D00E4B1B681B689B68FA687968B8
:10990000B86898470300FB61FB69002B0BD1084B3B
:1099100000221A6007E07A680849BB6818000BF05B
:1099200084FD0023FB61FB691800BD4608B080BDC3
:109930002C3C00204C02002088CF0208E0CF020817
:1099400080B500AF014B1800BD4680BDC83900206E
:1099500080B586B000AFF860B9607A6000237B61A3
:1099600000233B617B6800221A6042E0FB68013300
:10997000FB60FB681B785BB2002B08D0FB681B7890
:109980005BB2202BF2D102E0FB680133FB60FB6885
:109990001B785BB2002B04D0FB681B785BB2202BDA
:1099A000F2D0FB681B785BB2002B27D07B690133B8
:1099B0007B617A69BB689A421BD1FB683B6107E017
:1099C0007B681B685A1C7B681A60FB680133FB606C
:1099D000FB681B785BB2002B04D0FB681B785BB282
:1099E000202BEDD17B681B68002B09D100233B6144
:1099F00006E07A69BB689A42BBD302E0C04600E049
:109A0000C0463B691800BD4606B080BD80B586B033
:109A100000AFF860B9607A6000233B611023FA1848
:109A20007B6801211800FFF793FF0200434B1A6087
:109A3000424B1B68002B2BD0404B1B684049062231
:109A400018000BF0E1FC031E22D13E4B1B78072BC4
:109A500002D13C4B00221A703A4B1B785A1CD1B2EF
:109A6000384A11701A00384B9200D158BA68FB6816
:109A700018000BF0DAFC334B1B78072B05D10023C1
:109A80007B61304B00221A7052E001237B614FE072
:109A90002A4B1B68002B4BD12C4B1B68002B05D18C
:109AA0002A4B2B4A1A602B4B01221A70294B1A7829
:109AB000294B1B789A421ED9FB6808331800234BA8
:109AC0001B681B685968BB68083B1A000BF0ADFCAB
:109AD000FB680133214A110018000BF092FDFB686E
:109AE00028221A70FB68063329221A70FB68073394
:109AF00020221A7008E0154B1B681B685968BA6869
:109B0000FB6818000BF091FC104B1B685A680F4B58
:109B10001A60104B1B780133DAB20E4B1A700B4BE4
:109B20001B68002B02D100237B6101E001237B61D4
:109B30007B691800BD4606B080BDC046303C0020A1
:109B400030D00208343C00204C000020383C00207B
:109B50004C0200203C3C0020B40A0020FAA102087C
:109B600080B584B000AF78600F23FB1800221A7014
:109B70000023BB6018E07B681B785BB2202B0ED102
:109B8000BB68012B0DD00F217B181B785BB2DBB2B9
:109B90000133DAB27B181A700123BB6001E00023A5
:109BA000BB607B6801337B607B681B785BB2002BFA
:109BB000E1D1BB68012B08D10F217B181B785BB268
:109BC000DBB2013BDAB27B181A700F23FB181B784B
:109BD0005BB21800BD4604B080BD80B582B000AF56
:109BE00078607B6808331A007B685A607B680122C2
:109BF00052429A607B6808331A007B68DA607B689F
:109C000008331A007B681A617B6800221A60C0461C
:109C1000BD4602B080BD80B582B000AF78607B6881
:109C200000221A61C046BD4602B080BD80B584B036
:109C300000AF786039607B685B68FB603B68FA68FE
:109C40005A60FB689A683B689A60FB689B683A6850
:109C50005A60FB683A689A603B687A681A617B6868
:109C60001B685A1C7B681A60C046BD4604B080BDA4
:109C700080B584B000AF786039603B681B68BB601A
:109C8000BB68013303D17B681B69FB600CE07B6818
:109C90000833FB6002E0FB685B68FB60FB685B68A5
:109CA0001B68BA689A42F6D2FB685A683B685A60E9
:109CB0003B685B683A689A603B68FA689A60FB6840
:109CC0003A685A603B687A681A617B681B685A1C5C
:109CD0007B681A60C046BD4604B080BD80B584B0C4
:109CE00000AF78607B681B69FB607B685B687A68A3
:109CF00092689A607B689B687A6852685A60FB68D1
:109D00005B687A689A4203D17B689A68FB685A60FC
:109D10007B6800221A61FB681B685A1EFB681A6088
:109D2000FB681B681800BD4604B080BD80B584B0D8
:109D300000AFF860B9607A60FB68043BFB60FB68C9
:109D4000802252041A60FB68043BFB60BA68FB681F
:109D50001A60FB68043BFB60084AFB681A60FB68FA
:109D6000143BFB607A68FB681A60FB68203BFB6071
:109D7000FB681800BD4604B080BDC046819D010847
:109D800080B582B000AF00237B6072B6C0467B68AE
:109D9000002BFCD0C046C046BD4602B080BD80B599
:109DA00000AFC046BD4680BD0000000000000000BE
:109DB0000B4A13681868203080F30988022080F36A
:109DC0001488BFF36F8F3FBCAE4608BC04BC62B6BC
:109DD0001847C046C046C046C046C046C046C046FA
:109DE000309C0120C046C04680B500AF0E4B1A68BB
:109DF0000D4BFF2109040A431A600B4B1A680A4BEA
:109E0000FF2109060A431A6000F090F8074B002270
:109E10001A60FFF7CDFF01F0DDFBFFF7B1FF002374
:109E20001800BD4680BDC04620ED00E0580200206D
:109E300080B500AF054B802252051A60BFF34F8FEB
:109E4000BFF36F8FC046BD4680BDC04604ED00E045
:109E500080B500AF72B6064B1B685A1C044B1A60E3
:109E6000BFF34F8FBFF36F8FC046BD4680BDC04666
:109E70005802002080B500AF064B1B685A1E054BE8
:109E80001A60044B1B68002B00D162B6C046BD4669
:109E900080BDC04658020020EFF3108072B67047B4
:109EA000C046180080F310887047C04600000000CC
:109EB000EFF309800E4B1A6820381060F0C044465A
:109EC0004D4656465F46F0C008B572B601F082FBBB
:109ED00062B60CBC116808681030F0C8A046A946EC
:109EE000B246BB4680F309882038F0C81847C04600
:109EF000309C0120C046C04680B582B000AFFFF75D
:109F0000CBFF03007B6001F0BDFA031E03D0064BBC
:109F1000802252051A607B681800FFF7C3FFC04615
:109F2000BD4602B080BDC04604ED00E080B500AF84
:109F30000B4B00221A600B4B00221A600A4B1B6865
:109F4000FA2291001800E6F705F903001A00074B02
:109F5000013A1A60024B07221A60C046BD4680BD16
:109F600010E000E018E000E04402002014E000E00F
:109F700080B586B000AF78600023FB6001F042F945
:109F8000454B1B68002B01D100F0D2F8434B1B68F6
:109F90007A68134000D072E07B68002B0CD0082256
:109FA0007B689B187B607B680722134004D07B682A
:109FB0000722934308337B607B68002B5FD0384BCC
:109FC0001B687A689A425AD8364B3B61354B1B68FE
:109FD0007B6104E07B693B617B691B687B617B691A
:109FE0005B687A689A4203D97B691B68002BF1D1C0
:109FF000294B1B687A699A4241D03B691B68082249
:10A000009B18FB607B691A683B691A607B695A6818
:10A010007B68D21A08235B009A4210D97A697B6860
:10A02000D318BB607B695A687B68D21ABB685A60D8
:10A030007B697A685A60BB68180000F0D9F8184B41
:10A040001A687B695B68D21A154B1A60144B1A6840
:10A05000154B1B689A4203D2114B1A68124B1A60B7
:10A060007B695A680D4B1B681A437B695A607B6990
:10A0700000221A600D4B1B685A1C0C4B1A6001F031
:10A08000CDF8FB68002B01D1FAF774FCFB681800CF
:10A09000BD4606B080BDC046D89B0120EC9B012088
:10A0A000DC9B0120D09B0120E09B0120E49B012050
:10A0B00080B584B000AF78607B68FB607B68002B64
:10A0C0002CD008235B42FA68D318FB60FB68BB60A6
:10A0D000BB685A68134B1B6813401FD0BB681B68D2
:10A0E000002B1BD1BB685A680E4B1B68DB431A4020
:10A0F000BB685A6001F086F8BB685A680A4B1B6857
:10A10000D218094B1A60BB68180000F071F8074BB1
:10A110001B685A1C054B1A6001F080F8C046BD460A
:10A1200004B080BDEC9B0120DC9B0120E89B01205A
:10A1300080B584B000AF274BBB60274BFB60FB684A
:10A14000072213400CD0FB680733FB60FB68072233
:10A150009343FB60BA68FB68D21A1F4BD318BB60ED
:10A16000FB687B601D4B7A681A601C4B00225A60AA
:10A170007B68BA68D318FB600822FB689B1AFB60F7
:10A18000FB6807229343FB60FA68154B1A60144B77
:10A190001B6800225A60124B1B6800221A607B6801
:10A1A0003B603B68FA68D21A3B685A600C4B1A68ED
:10A1B0003B681A603B685A680A4B1A603B685A68E9
:10A1C000094B1A60094B802212061A60C046BD4630
:10A1D00004B080BD905F0100403C0020D09B012076
:10A1E000D89B0120E09B0120DC9B0120EC9B0120FF
:10A1F00080B584B000AF7860274BFB6002E0FB685D
:10A200001B68FB60FB681B687A689A42F7D8FB689A
:10A21000BB60FB685B68BA68D3187A689A4208D159
:10A22000FB685A687B685B68D218FB685A60FB68F9
:10A230007B607B68BB607B685B68BA68D218FB6830
:10A240001B689A4218D1FB681A68144B1B689A4223
:10A250000DD07B685A68FB681B685B68D2187B6806
:10A260005A60FB681B681A687B681A6008E00B4B31
:10A270001A687B681A6003E0FB681A687B681A60DA
:10A28000FA687B689A4202D0FB687A681A60C04616
:10A29000BD4604B080BDC046D09B0120D89B0120A4
:10A2A00080B584B000AF786039607B68FB60FFF7F1
:10A2B000CFFDFB681A68FB68D96BFB681B6C4B43CE
:10A2C000D218FB689A60FB6800229A63FB681A68E0
:10A2D000FB685A60FB681A68FB68DB6B591EFB68F9
:10A2E0001B6C4B43D218FB68DA60FB684422FF21E9
:10A2F0009954FB684522FF2199543B68002B0DD1EE
:10A30000FB681B69002B13D0FB681033180001F0A9
:10A310002FFA031E0CD0FFF78BFD09E0FB6810330A
:10A320001800FFF75AFCFB6824331800FFF755FCB0
:10A33000FFF7A0FD01231800BD4604B080BD90B515
:10A340008BB002AFF860B960FB1D1A70FB68BA6889
:10A350005343FB61FB6950331800FFF709FE03000C
:10A36000BB61BB69002B0ED0BB697B617B6950333D
:10A370007B61FB1D1C787A69B968F868BB6900933A
:10A38000230000F005F8BB691800BD4609B090BD78
:10A3900080B584B000AFF860B9607A601A00FB1C29
:10A3A0001A70BB68002B03D1BB69BA691A6002E05E
:10A3B000BB697A681A60BB69FA68DA63BB69BA6814
:10A3C0001A64BB6901211800FFF76AFFBB69FA1C18
:10A3D0004C2112785A54C046BD4604B080BD80B5A9
:10A3E00084B000AF786039607B68022200211800D9
:10A3F000FFF7A5FF0300FB60FB68002B02D0FB68A2
:10A400003A689A63FB681800BD4604B080BD80B509
:10A410008AB000AFF860B9607A603B6000237B626D
:10A42000FB683B62FFF714FD3B6A9A6B3B6ADB6B90
:10A430009A4202D33B68022B1ED13A68B9683B6A44
:10A44000180000F0CDFA0300FB613B6A5B6A002B49
:10A4500009D03B6A2433180001F08AF9031E07D0A3
:10A46000FFF7E6FC04E0FB69002B01D0FFF7E0FCFE
:10A47000FFF700FD01235BE07B68002B03D1FFF7B2
:10A48000F9FC002354E07B6A002B06D11423FB184F
:10A49000180001F0C5F901237B62FFF7EBFC00F027
:10A4A000B1FEFFF7D5FC3B6A44229B5C5BB20133F3
:10A4B00003D13B6A4422002199543B6A45229B5CAC
:10A4C0005BB2013303D13B6A452200219954FFF767
:10A4D000D1FC3A1D1423FB181100180001F0B4F947
:10A4E000031E1ED13B6A180000F07FFB031E11D033
:10A4F0003B6A10337A681100180001F0FDF83B6ADE
:10A50000180000F0FEFA00F089FE031E8AD1FFF762
:10A510008FFC87E73B6A180000F0F3FA00F07EFE3C
:10A5200080E73B6A180000F0ECFA00F077FE0023A9
:10A530001800BD460AB080BD90B58BB000AFF86082
:10A54000B9607A603B60FB683B62FFF7A5FC0300E3
:10A55000FB613B6A9A6B3B6ADB6B9A4202D33B68B6
:10A56000022B31D11B243B193A6A4521525C1A70E7
:10A570003B6A9B6B7B613A68B9683B6A180000F0E4
:10A580002FFA3B191B785BB2013311D13B6A5B6A2E
:10A59000002B16D03B6A2433180001F0E9F8031EA3
:10A5A0000FD07B68002B0CD07B6801221A6008E07A
:10A5B0001B23FB181B780133DBB259B23B6A4522DF
:10A5C000995401237B6201E000237B62FB69180040
:10A5D000FFF768FC7B6A1800BD460BB090BD80B5E4
:10A5E00088B000AF786039607B68BB61FFF754FCCE
:10A5F00003007B61BB699B6B3B61BB69DB6B3A69A9
:10A600009A422CD20F203B18BA694521525C1A702D
:10A610003B695A1CBB699A633B181B785BB20133D8
:10A6200011D1BB695B6A002B16D0BB6924331800BB
:10A6300001F09EF8031E0FD03B68002B0CD03B6846
:10A6400001221A6008E00F23FB181B780133DBB2EC
:10A6500059B2BB69452299540123FB6101E00023F3
:10A66000FB617B691800FFF71DFCFB691800BD4604
:10A6700008B080BD80B58AB000AFF860B9607A607C
:10A6800000237B62FB683B62FFF7E2FB3B6A9B6B4C
:10A69000FB61FB69002B1AD0BA683B6A11001800F5
:10A6A00000F009FAFB695A1E3B6A9A633B6A1B6910
:10A6B000002B08D03B6A1033180001F059F8031E34
:10A6C00001D0FFF7B5FBFFF7D5FB012362E07B6804
:10A6D000002B03D1FFF7CEFB00235BE07B6A002B4E
:10A6E00006D11423FB18180001F09AF801237B62AD
:10A6F000FFF7C0FB00F086FDFFF7AAFB3B6A442290
:10A700009B5C5BB2013303D13B6A44220021995424
:10A710003B6A45229B5C5BB2013303D13B6A452215
:10A7200000219954FFF7A6FB3A1D1423FB181100D2
:10A73000180001F089F8031E1ED13B6A180000F0D2
:10A740003EFA031E11D03B6A24337A6811001800C8
:10A7500000F0D2FF3B6A180000F0D3F900F05EFD74
:10A76000031E91D1FFF764FB8EE73B6A180000F0EF
:10A77000C8F900F053FD87E73B6A180000F0C1F903
:10A7800000F04CFD3B6A180000F019FA031E00D1DE
:10A790007AE700231800BD460AB080BD80B58AB0B4
:10A7A00000AF7860396000237B627B68FB61002327
:10A7B0003B62FFF74DFBFB699B6BBB61BB69002BE9
:10A7C0001DD0BB695A1EFB699A63FB691B68002B8D
:10A7D00004D101F09FFC0200FB699A60FB691B69D0
:10A7E000002B08D0FB691033180000F0C1FF031ED6
:10A7F00001D0FFF71DFBFFF73DFB012386E03B681F
:10A80000002B03D1FFF736FB00237FE07B6A002B90
:10A8100006D10C23FB18180001F002F801237B621B
:10A82000FFF728FB00F0EEFCFFF712FBFB69442268
:10A830009B5C5BB2013303D1FB6944220021995434
:10A84000FB6945229B5C5BB2013303D1FB69452266
:10A8500000219954FFF70EFB3A000C23FB1811005E
:10A86000180000F0F1FF031E2ED1FB69180000F064
:10A87000A6F9031E21D0FB691B68002B0AD1FFF744
:10A88000E7FAFB699B68180001F0D4F903003B620A
:10A89000FFF7F0FAFB6924333A681100180000F062
:10A8A0002BFFFB69180000F02CF900F0B7FC031E29
:10A8B00000D07EE7FFF7BCFA7BE7FB69180000F0E9
:10A8C00020F900F0ABFC74E7FB69180000F019F9FF
:10A8D00000F0A4FCFB69180000F071F9031E00D120
:10A8E00067E73B6A002B10D0FFF7B2FAFB6918004C
:10A8F00000F060F803007B61FB699B687A691100D6
:10A90000180001F04BFAFFF7B5FA00231800BD4616
:10A910000AB080BD90B58BB000AFF860B9607A60C6
:10A92000FB683B62FFF7B8FA0300FB613B6A9B6B75
:10A93000BB61BB69002B32D017243B193A6A442112
:10A94000525C1A70BA683B6A1100180000F0B3F844
:10A95000BB695A1E3B6A9A633B191B785BB2013391
:10A9600011D13B6A1B69002B16D03B6A10331800CB
:10A9700000F0FEFE031E0FD07B68002B0CD07B681E
:10A9800001221A6008E01723FB181B780133DBB2A1
:10A9900059B23B6A4422995401237B6201E00023AF
:10A9A0007B62FB691800FFF77DFA7B6A1800BD46E1
:10A9B0000BB090BD80B584B000AF78607B685B6AF7
:10A9C000002B06D07B681B6B1B680722D31AFB6029
:10A9D00001E00023FB60FB681800BD4604B080BDA9
:10A9E00080B586B000AFF860B9607A6000237B6103
:10A9F000FB689B6B3B61FB681B6C002B0ED1FB68FB
:10AA00001B68002B4ED1FB689B68180001F07AF997
:10AA100003007B61FB6800229A6043E07B68002BA7
:10AA200019D1FB685868FB681A6CBB6819000AF0FA
:10AA3000F0FDFB685A68FB681B6CD218FB685A6013
:10AA4000FB685A68FB689B689A422BD3FB681A68BC
:10AA5000FB685A6026E0FB68D868FB681A6CBB6824
:10AA600019000AF0D6FDFB68DA68FB681B6C5B42D4
:10AA7000D218FB68DA60FB68DA68FB681B689A42E8
:10AA800007D2FB689A68FB681B6C5B42D218FB68B4
:10AA9000DA607B68022B05D13B69002B02D03B6951
:10AAA000013B3B613B695A1CFB689A637B69180058
:10AAB000BD4606B080BD80B582B000AF7860396019
:10AAC0007B681B6C002B18D07B68DA687B681B6C7A
:10AAD000D2187B68DA607B68DA687B689B689A4288
:10AAE00003D37B681A687B68DA607B68D9687B6807
:10AAF0001A6C3B6818000AF08CFDC046BD4602B0D7
:10AB000080BD80B584B000AF7860FFF7A1F90F2356
:10AB1000FB187A684521525C1A7013E07B685B6A07
:10AB2000002B16D07B682433180000F021FE031E92
:10AB300001D000F0CFFE0F217B181B78013BDAB269
:10AB40007B181A700F23FB181B785BB2002BE5DC17
:10AB500000E0C0467B684522FF219954FFF78AF93F
:10AB6000FFF776F90E23FB187A684421525C1A70BD
:10AB700013E07B681B69002B16D07B68103318002C
:10AB800000F0F6FD031E01D000F0A4FE0E217B189C
:10AB90001B78013BDAB27B181A700E23FB181B7866
:10ABA0005BB2002BE5DC00E0C0467B684422FF215D
:10ABB0009954FFF75FF9C046BD4604B080BD80B52B
:10ABC00084B000AF7860FFF743F97B689B6B002B84
:10ABD00002D10123FB6001E00023FB60FFF74AF98B
:10ABE000FB681800BD4604B080BD80B584B000AFDE
:10ABF0007860FFF72DF97B689A6B7B68DB6B9A4274
:10AC000002D10123FB6001E00023FB60FFF732F972
:10AC1000FB681800BD4604B080BD000080B584B05C
:10AC200000AF786039600023FB6015E00E4BFA68D6
:10AC3000D200D358002B0CD10B4BFA68D2003968E4
:10AC4000D150094AFB68DB00D31804337A681A60D4
:10AC500006E0FB680133FB60FB68072BE6D9C046C2
:10AC6000C046BD4604B080BDF09B012080B586B0D3
:10AC700000AFF860B9607A60FB687B61FFF7E8F8C5
:10AC80007B6944229B5C5BB2013303D17B69442224
:10AC9000002199547B6945229B5C5BB2013303D14F
:10ACA0007B69452200219954FFF7E4F87B699B6B8F
:10ACB000002B06D17B6924337A68B968180000F04C
:10ACC00035FD7B691800FFF71CFFC046BD4606B086
:10ACD00080BD90B58DB004AFF860B9603B60BB1D1E
:10ACE0001A80BB1D1B889B001800FFF741F9030069
:10ACF0007B617B69002B10D06020FFF739F90300DE
:10AD0000FB61FB69002B03D0FB697A691A6306E0DB
:10AD10007B691800FFF7CCF901E00023FB61FB69B8
:10AD2000002B16D0BB1D1A883C68B968F868002350
:10AD30000393FB6902937B6B01933B6B00932300AE
:10AD400000F010F8FB69180000F092F80123BB61D5
:10AD500002E001235B42BB61BB691800BD4609B03C
:10AD600090BD000080B586B000AFF860B9607A6031
:10AD70003B60BB6A186B7B689B001A00A5210AF038
:10AD800020FBBB6A1A6B7B6838498C4663449B0086
:10AD9000D3183B613B69072293433B61BB68002B9F
:10ADA00020D000237B6113E0BA687B69D318187840
:10ADB000BA6A34217B69D3185B18021C1A70BA680E
:10ADC0007B69D3181B78002B06D07B6901337B612C
:10ADD0007B690C2BE8D900E0C046BB6A4022002109
:10ADE000995403E0BB6A3422002199543B6A062B34
:10ADF00001D906233B62BB6A3A6ADA62BB6A3A6AE5
:10AE0000DA64BB6A00221A65BB6A04331800FEF7D5
:10AE100002FFBB6A18331800FEF7FDFEBB6ABA6A70
:10AE20001A613B6A0722D21ABB6A9A61BB6ABA6A84
:10AE30005A62BB6A00225A65BB6A00229A65BB6AE5
:10AE40005C22002199543A68F9683B691800FEF7C2
:10AE50006DFF0200BB6A1A607B6A002B02D07B6A1E
:10AE6000BA6A1A60C046BD4606B080BDFFFFFF3F0C
:10AE700080B582B000AF7860FEF7EAFF2A4B1B680E
:10AE80005A1C294B1A60294B1B68002B09D1274BF0
:10AE90007A681A60244B1B68012B10D100F034FD36
:10AEA0000DE0234B1B68002B09D1204B1B68DA6A8D
:10AEB0007B68DB6A9A4202D81C4B7A681A601D4B89
:10AEC0001B685A1C1B4B1A601A4B1A687B685A6421
:10AED0007B68DA6A184B1B689A4203D97B68DA6A86
:10AEE000154B1A607B68DA6A13009B009B189B0065
:10AEF000124A9A187B68043319001000FEF796FE78
:10AF0000FEF7B8FF0A4B1B68002B08D0074B1B68E5
:10AF1000DA6A7B68DB6A9A4201D2FEF789FFC04693
:10AF2000BD4602B080BDC046309D0120309C01204E
:10AF30003C9D01204C9D0120389D0120349C012026
:10AF400080B584B000AF78600023FB607B68002B85
:10AF50000AD000F057F97B680021180001F0BCFA14
:10AF600000F05CF90300FB60FB68002B01D1FEF7E9
:10AF70005FFFC046BD4604B080BD000080B588B00C
:10AF800000AF78607B68BB612B4B1B68BA699A4243
:10AF900004D11F23FB1800221A7046E0FEF758FF69
:10AFA000BB695B697B61254B1B683B61244B1B685C
:10AFB000FB60FEF75FFF7A693B699A4203D07A69CA
:10AFC000FB689A4204D11F23FB1802221A702CE05E
:10AFD0007A691C4B9A4218D1BB699B6A002B0FD12E
:10AFE000BB695C229B5CDBB2012B04D11F23FB18E5
:10AFF00002221A7019E01F23FB1803221A7014E0B2
:10B000001F23FB1802221A700FE07A690E4B9A4236
:10B0100002D07B69002B04D11F23FB1804221A7075
:10B0200003E01F23FB1801221A701F23FB181B7853
:10B030001800BD4608B080BD309C0120E89C01206E
:10B04000EC9C01201C9D0120049D012080B584B052
:10B0500000AF7860FEF7FCFE7B68002B02D1074B47
:10B060001B6800E07B68FB60FB68DB6ABB60FEF787
:10B0700001FFBB681800BD4604B080BD309C0120B4
:10B0800080B586B000AF7860396000237B613B6893
:10B09000062B01D906233B60FEF7DAFE7B68002B06
:10B0A00002D1384B1B6800E07B683B613B69DB6C7D
:10B0B000FB60FA683B689A425DD03A68FB689A4246
:10B0C0000DD9304B1B683A699A420FD02D4B1B6843
:10B0D000DB6A3A689A4209D301237B6106E0294B77
:10B0E0001B683A699A4201D101237B613B69DB6AA3
:10B0F000BB603B69DA6C3B69DB6A9A4202D13B690F
:10B100003A68DA623B693A68DA643B699B69002B0A
:10B1100004DB3B680722D21A3B699A613B69596993
:10B12000BA6813009B009B189B00174A9B18994212
:10B130001CD13B6904331800FEF7D0FD3B69DA6A85
:10B14000124B1B689A4203D93B69DA6A0F4B1A60AB
:10B150003B69DA6A13009B009B189B000A4A9A1805
:10B160003B69043319001000FEF760FD7B69002B7A
:10B1700001D0FEF75DFEFEF77DFEC046BD4606B07F
:10B1800080BDC046309C0120349C0120389D0120A8
:10B1900080B584B002AF144A14491548154B019389
:10B1A000002300930023FFF794FD03007B607B687E
:10B1B000012B03D101F0E4F903007B607B68012BD4
:10B1C0000ED172B60C4B012252421A600B4B012277
:10B1D0001A600B4B00221A60EFF7F0FEFEF704FE38
:10B1E000C046BD4602B080BDC409000038D0020888
:10B1F000E9B80108549D0120509D01203C9D01208B
:10B20000349D012080B500AF034B1B685A1C024BD4
:10B210001A60C046BD4680BD589D012080B584B0EF
:10B2200000AF0023FB600023BB60FEF711FE364B2E
:10B230001B685A1E344B1A60334B1B68002B5BD1C2
:10B24000324B1B68002B57D02FE0314BDB68DB689B
:10B25000FB60FB6818331800FEF740FDFB68043301
:10B260001800FEF73BFDFB68DA6A2A4B1B689A421E
:10B2700003D9FB68DA6A274B1A60FB68DA6A1300A5
:10B280009B009B189B00244A9A18FB680433190002
:10B290001000FEF7CBFCFB68DA6A204B1B68DB6A08
:10B2A0009A4202D31E4B01221A60194B1B68002BD5
:10B2B000CBD1FB68002B01D000F082FC194B1B683E
:10B2C0007B607B68002B0FD000F0DCF8031E02D0FF
:10B2D000134B01221A607B68013B7B607B68002B6B
:10B2E000F2D1104B00221A600D4B1B68002B03D0CB
:10B2F0000123BB60FEF79CFDFEF7BCFDBB68180098
:10B30000BD4604B080BDC046589D0120309D01203F
:10B31000F09C0120389D0120349C0120309C0120AC
:10B32000449D0120409D012080B582B000AF044BB8
:10B330001B687B607B681800BD4602B080BDC046BC
:10B34000349D012080B582B000AF00237B60044BA8
:10B350001B683B603B681800BD4602B080BDC0461C
:10B36000349D012080B586B000AFF860B9607A6086
:10B3700000237B6107233B61FFF744FF3B4B1B68C6
:10B38000BA689A426AD33B69013B3B617A69130010
:10B39000DB009B189B001A00FB6898183A691300A1
:10B3A0009B009B189B00324A9B180122190000F059
:10B3B00089FB02007B699B187B613B69002BE2D112
:10B3C0007A691300DB009B189B001A00FB68981831
:10B3D000284B1B680222190000F074FB02007B69F5
:10B3E0009B187B617A691300DB009B189B001A0095
:10B3F000FB689818204B1B680222190000F062FBC2
:10B4000002007B699B187B617A691300DB009B1843
:10B410009B001A00FB689B1818490422180000F0D2
:10B4200051FB02007B699B187B617A691300DB008A
:10B430009B189B001A00FB689B18114903221800F7
:10B4400000F040FB02007B699B187B617B68002B4E
:10B4500004D0EFF7C9FD02007B681A60FFF7DEFE3B
:10B460007B691800BD4606B080BDC046309D0120F6
:10B47000349C0120E89C0120EC9C0120049D0120CB
:10B480001C9D012080B586B000AF00237B61464B38
:10B490001B68002B00D07DE0444B1B6801333B61EF
:10B4A000424B3A691A603B69002B10D1404B1B6834
:10B4B000FB60404B1A683E4B1A603E4BFA681A60BC
:10B4C0003D4B1B685A1C3C4B1A6000F079FB3B4B10
:10B4D0001B683A699A4249D3354B1B681B68002B9D
:10B4E00004D1364B012252421A603FE0304B1B68B8
:10B4F000DB68DB68BB60BB685B687B603A697B6864
:10B500009A4203D22D4B7A681A602FE0BB6804334D
:10B510001800FEF7E3FBBB689B6A002B04D0BB68F6
:10B5200018331800FEF7DAFBBB68DA6A244B1B6895
:10B530009A4203D9BB68DA6A214B1A60BB68DA6A9F
:10B5400013009B009B189B001E4A9A18BB6804338B
:10B5500019001000FEF76AFBBB68DA6A1A4B1B6819
:10B56000DB6A9A42B8D301237B61B5E7164B1B68AF
:10B57000DA6A144913009B009B189B005B58012B4F
:10B5800001D901237B61114B1B68002B07D00123DC
:10B590007B6104E00E4B1B685A1C0D4B1A607B69E3
:10B5A0001800BD4606B080BD589D0120349D012085
:10B5B000E89C0120EC9C0120489D0120509D012029
:10B5C000389D0120349C0120309C0120449D0120A5
:10B5D000409D012080B584B000AF3F4B1B68002B1D
:10B5E00003D03E4B01221A6071E03C4B00221A60EE
:10B5F000EFF7FAFC02003A4B1A60394B1A68394BE4
:10B600001B689A4209D9384B1B68596D344A106837
:10B61000344A1268821A8A185A65314B1A68314BBB
:10B620001A60314B1B681B6BBB60304B7B60BB6887
:10B630001B687A689A4211D1BB6804331B687A6828
:10B640009A420BD1BB6808331B687A689A4205D1CD
:10B65000BB680C331B687A689A4208D0224B1A6880
:10B66000214B1B68343319001000F9F761F9204BA6
:10B670001B68FB6002E0FB68013BFB601D49FA6848
:10B6800013009B009B189B005B58002BF3D0FA68BB
:10B6900013009B009B189B00164A9B183B603B685D
:10B6A0005B685A683B685A603B685A683B68083375
:10B6B0009A4204D13B685B685A683B685A603B68B1
:10B6C0005B68DA68084B1A60094BFA681A60C04672
:10B6D000BD4604B080BDC046589D0120449D012058
:10B6E000609D01205C9D0120309C0120A5A5A5A5A1
:10B6F000389D0120349C012080B582B000AF786075
:10B700003960094B1B6818331A007B681100180058
:10B71000FEF7AEFA3B680121180000F0DDFEC046DE
:10B72000BD4602B080BDC046309C012080B584B0CB
:10B7300000AFF860B9607A600C4B1B6818331A00D0
:10B74000FB6811001800FEF771FA7B68002B02D02D
:10B7500001235B42BB607A68BB681100180000F0EF
:10B76000BBFEC046BD4604B080BDC046309C012033
:10B7700080B584B000AF78607B68DB68DB68BB6055
:10B78000BB6818331800FEF7A9FA1F4B1B68002B83
:10B790001DD1BB6804331800FEF7A0FABB68DA6A53
:10B7A0001A4B1B689A4203D9BB68DA6A174B1A60B6
:10B7B000BB68DA6A13009B009B189B00144A9A1816
:10B7C000BB68043319001000FEF730FA07E0BB68CD
:10B7D00018331A000F4B11001800FEF727FABB6848
:10B7E000DA6A0D4B1B68DB6A9A4205D90123FB60BC
:10B7F0000A4B01221A6001E00023FB60FB6818007D
:10B80000BD4604B080BDC046589D0120389D012032
:10B81000349C0120F09C0120309C0120449D01209B
:10B8200080B582B000AF7860054B1A687B681A60FB
:10B83000044B1A687B685A60C046BD4602B080BDA2
:10B84000489D0120349D012080B586B000AF78600E
:10B850003960FEF7FDFA1D4B1B683B617B685B6836
:10B860003A69D31AFB603B681B68013302D100239D
:10B870007B6124E07B681A68154B1B689A4207D0ED
:10B880007B685B683A699A4202D301237B6116E0C8
:10B890003B681B68FA689A420CD23B681A68FB68DE
:10B8A000D21A3B681A607B681800FFF7B9FF0023C3
:10B8B0007B6104E03B6800221A6001237B61FEF794
:10B8C000D9FA7B691800BD4606B080BD349D0120C1
:10B8D000489D012080B500AF024B01221A60C0468E
:10B8E000BD4680BD449D012080B582B000AF786028
:10B8F00000F04EF8034B1B68012BF9D9FEF798FABC
:10B90000F6E7C046349C012080B582B000AF00232A
:10B910007B600CE07A6813009B009B189B00144A24
:10B920009B181800FEF759F97B6801337B607B6830
:10B93000062BEFD90F4B1800FEF74FF90E4B1800EE
:10B94000FEF74BF90D4B1800FEF747F90C4B1800AA
:10B95000FEF743F90B4B1800FEF73FF90A4B054A77
:10B960001A600A4B044A1A60C046BD4602B080BD48
:10B97000349C0120C09C0120D49C0120F09C01201B
:10B98000049D01201C9D0120E89C0120EC9C0120CD
:10B9900080B582B000AF1AE0FEF75AFA104BDB68B0
:10B9A000DB687B607B6804331800FEF797F90D4B6A
:10B9B0001B685A1E0B4B1A600B4B1B685A1E0A4B16
:10B9C0001A60FEF757FA7B68180000F0E8F8064B9B
:10B9D0001B68002BE0D1C046C046BD4602B080BD0A
:10B9E000049D0120309D0120189D012080B586B066
:10B9F00000AFF860B9607A601A00FB1C1A70FB682F
:10BA0000002B02D12E4B1B6800E0FB687B61BB68FA
:10BA10007A691A607B6934331A00BB685A607B69A3
:10BA2000DA6ABB681A617B691A6BBB68DA617B6989
:10BA30005A6CBB689A607B69DA6CBB685A617B6937
:10BA40005A6DBB689A61FB1C1B78052B1CD01C4BE4
:10BA50001B687A699A4203D1BB6800221A731BE003
:10BA6000BB68FA1C12781A73FB1C1B78032B13D1CA
:10BA7000FFF7C8FB7B699B6A002B02D0BB680222E0
:10BA80001A73FFF7CBFB07E07B691800FFF776FA24
:10BA900003001A00BB681A737B68002B09D07B690E
:10BAA0001B6B180000F061F803001A00BB681A84D1
:10BAB00002E0BB6800221A84C046BD4606B080BDC5
:10BAC000309C012080B58AB000AFF860B960FB1DE2
:10BAD0001A7000237B62BB681B68002B40D0BB68D8
:10BAE0003B623B6A5B685A683B6A5A603B6A5A68C9
:10BAF0003B6A08339A4204D13B6A5B685A683B6AE6
:10BB00005A603B6A5B68DB68FB61BB68BB61BB6911
:10BB10005B685A68BB695A60BB695A68BB6908337D
:10BB20009A4204D1BB695B685A68BB695A60BB69B9
:10BB30005B68DB687B617A6A1300DB009B189B0003
:10BB40001A00FB689918FB1D1B7878690122FFF722
:10BB50004DFF7B6A01337B627A69FB699A42D4D1DB
:10BB60007B6A1800BD460AB080BD80B584B000AFC6
:10BB700078600023FB6005E07B6801337B60FB6835
:10BB80000133FB607B681B78A52BF5D0FB689B0815
:10BB9000FB60FB689BB21800BD4604B080BD80B559
:10BBA00082B000AF78607B681B6B1800FEF780FAEC
:10BBB0007B681800FEF77CFAC046BD4602B080BD27
:10BBC00080B582B000AF0B4B1B681B68002B04D103
:10BBD000094B012252421A6008E0064B1B68DB68E1
:10BBE000DB687B607B685A68034B1A60C046BD46C1
:10BBF00002B080BDE89C0120509D012080B582B03C
:10BC000000AF0A4B1B68002B02D101237B6008E0C8
:10BC1000074B1B68002B02D102237B6001E000234D
:10BC20007B607B681800BD4602B080BD3C9D012052
:10BC3000589D012080B584B000AF78607B68BB6000
:10BC40000023FB607B68002B51D0BB68DA6A2A4B6B
:10BC50001B68DB6A9A4241D2BB689B69002B06DBFA
:10BC6000254B1B68DB6A0722D21ABB689A61BB6846
:10BC70005969BB68DA6A13009B009B189B001F4A36
:10BC80009B18994222D1BB6804331800FEF726F8AE
:10BC9000194B1B68DA6ABB68DA62BB68DA6A184B50
:10BCA0001B689A4203D9BB68DA6A154B1A60BB68F5
:10BCB000DA6A13009B009B189B00104A9A18BB6815
:10BCC000043319001000FDF7B1FF04E00A4B1B68B4
:10BCD000DA6ABB68DA620123FB6008E0BB68DA6CF1
:10BCE000054B1B68DB6A9A4201D20123FB60FB68AB
:10BCF0001800BD4604B080BD309C0120349C01205A
:10BD0000389D012080B584B000AF78607B68BB604F
:10BD10000023FB607B68002B37D0BB681B6D5A1E6D
:10BD2000BB681A65BB68DA6ABB68DB6C9A422CD0C8
:10BD3000BB681B6D002B28D1BB6804331800FDF7CE
:10BD4000CDFFBB68DA6CBB68DA62BB68DB6A0722CE
:10BD5000D21ABB689A61BB68DA6A0E4B1B689A42BA
:10BD600003D9BB68DA6A0B4B1A60BB68DA6A130046
:10BD70009B009B189B00084A9A18BB680433190063
:10BD80001000FDF753FF0123FB60FB681800BD4660
:10BD900004B080BD389D0120349C012080B586B060
:10BDA00000AF786039607B683B610123FB607B6892
:10BDB000002B4BD03B69DB6C3A689A4202D93B6856
:10BDC0007B6102E03B69DB6C7B613B69DB6A7A6922
:10BDD0009A423BD03B691B6DFA689A4236D13B6967
:10BDE000DB6ABB603B697A69DA623B699B69002B5D
:10BDF00004DB7B690722D21A3B699A613B69596966
:10BE0000BA6813009B009B189B00124A9B1899422A
:10BE10001CD13B6904331800FDF760FF3B69DA6A07
:10BE20000D4B1B689A4203D93B69DA6A0A4B1A60C8
:10BE30003B69DA6A13009B009B189B00054A9A181D
:10BE40003B69043319001000FDF7F0FEC046BD4603
:10BE500006B080BD349C0120389D012080B584B09F
:10BE600000AF786039603A687B681100180009F00B
:10BE7000C8FB7B681800E4F751F90300FB6007E09A
:10BE80007A68FB68D31820221A70FB680133FB60C4
:10BE9000FB680B2BF4D97A68FB68D31800221A7060
:10BEA0007A68FB68D3181800BD4604B080BD000056
:10BEB000F0B589B002AF78607B6800221A704C4BF5
:10BEC0001B68FB604A4B1A681300DB009B189B0041
:10BED0001800FEF74DF80300BB60BB68002B00D1D3
:10BEE00082E0F968BB6800221800FFF73BFA030004
:10BEF000FB6000237B616FE07A691300DB009B1815
:10BF00009B001A00BB689B181B7B042B1DD89A0052
:10BF1000384BD3181B689F461323FB1858221A70FE
:10BF200018E01323FB1852221A7013E01323FB1896
:10BF300042221A700EE01323FB1853221A7009E0F4
:10BF40001323FB1844221A7004E01323FB18002269
:10BF50001A70C0467A691300DB009B189B001A0018
:10BF6000BB689B185A687B6811001800FFF776FFC2
:10BF700003007B601323FB181C787A691300DB0035
:10BF80009B189B001A00BB689B181D697A691300F7
:10BF9000DB009B189B001A00BB689B181B8C1E00C3
:10BFA0007A691300DB009B189B001A00BB689B1882
:10BFB0009B6811497868019300962B00220009F0D4
:10BFC00081F97B681800E4F7A9F802007B689B18E8
:10BFD0007B607B6901337B617A69FB689A428BD312
:10BFE000BB681800FEF764F8C046BD4607B0F0BD58
:10BFF000309D012050D0020840D0020880B588B0A2
:10C0000000AF78607B6800221A703F4B1B68BB61F1
:10C010003D4B1A681300DB009B189B001800FDF7CE
:10C02000A7FF03007B617B69002B68D00C23FA1803
:10C03000B9697B691800FFF795F90300BB61FB68DC
:10C0400064211800E4F786F80300FB60FB68002B0E
:10C0500051D00023FB614AE0FA691300DB009B1812
:10C060009B001A007B699B189B69FA6811001800F5
:10C07000E4F770F803003B61FA691300DB009B18DA
:10C080009B001A007B699B185A687B681100180096
:10C09000FFF7E4FE03007B603B69002B0ED0FA69DA
:10C0A0001300DB009B189B001A007B699B189A69A0
:10C0B0003B691649786809F005F90DE0FA69130043
:10C0C000DB009B189B001A007B699B189A6910493A
:10C0D0007B68180009F0F6F87B681800E4F71EF892
:10C0E00002007B689B187B60FB690133FB61FA6986
:10C0F000BB699A42B0D37B691800FDF7D9FFC046EF
:10C10000BD4608B080BDC046309D012064D0020805
:10C1100070D0020880B500AF064B1B68002B04D01E
:10C12000044B1B681A6D01321A65024B1B6818001C
:10C13000BD4680BD309C012080B584B000AF7860E2
:10C140003960FDF785FE1C4B1B689B6D002B0ED1E3
:10C15000194B1B685C22012199543B68002B06D0C7
:10C160003B680121180000F0B7F9FDF761FEFDF70B
:10C1700081FEFDF76DFE104B1B689B6DFB60FB683D
:10C18000002B0CD07B68002B04D00B4B1B680022CB
:10C190009A6504E0084B1B68FA68013A9A65064BF9
:10C1A0001B685C2200219954FDF764FEFB681800AF
:10C1B000BD4604B080BDC046309C012080B588B02B
:10C1C00000AFF860B9603B60FB1D1A700123FB6192
:10C1D000FB68BB61FDF73CFE3B68002B03D0BB69ED
:10C1E0009A6D3B681A601723FB18BA695C21525C90
:10C1F0001A70BB695C2202219954FB1D1B78042B29
:10C2000021D89A002A4BD3181B689F46BB699A6DA8
:10C21000BB681A43BB699A6518E0BB699B6D5A1CE1
:10C22000BB699A6512E0BB69BA689A650EE017238C
:10C23000FB181B78022B03D0BB69BA689A6505E02E
:10C240000023FB6102E0C04600E0C0461723FB1854
:10C250001B78012B25D1BB6904331800FDF73EFD87
:10C26000BB69DA6A134B1B689A4203D9BB69DA6A65
:10C27000104B1A60BB69DA6A13009B009B189B0085
:10C280000D4A9A18BB69043319001000FDF7CEFC63
:10C29000BB69DA6A094B1B68DB6A9A4201D9FDF770
:10C2A000C7FDFDF7E7FDFB691800BD4608B080BD7E
:10C2B0007CD00208389D0120349C0120309C012054
:10C2C00080B588B000AFF860B9603B60FB1D1A70A4
:10C2D0000123FB61FB68BB61FDF7DEFD03007B61B1
:10C2E0003B68002B03D0BB699A6D3B681A6013232F
:10C2F000FB18BA695C21525C1A70BB695C2202218E
:10C300009954FB1D1B78042B21D89A00354BD31868
:10C310001B689F46BB699A6DBB681A43BB699A65E7
:10C3200018E0BB699B6D5A1CBB699A6512E0BB693A
:10C33000BA689A650EE01323FB181B78022B03D012
:10C34000BB69BA689A6505E00023FB6102E0C0465C
:10C3500000E0C0461323FB181B78012B39D1224B78
:10C360001B68002B1DD1BB6904331800FDF7B6FC18
:10C37000BB69DA6A1D4B1B689A4203D9BB69DA6A4A
:10C380001A4B1A60BB69DA6A13009B009B189B006A
:10C39000174A9A18BB69043319001000FDF746FCD0
:10C3A00007E0BB6918331A00124B11001800FDF7A3
:10C3B0003DFCBB69DA6A104B1B68DB6A9A4208D9FC
:10C3C000BB6A002B02D0BB6A01221A600B4B012210
:10C3D0001A607B691800FDF765FDFB691800BD4612
:10C3E00008B080BD90D00208589D0120389D0120E2
:10C3F000349C0120F09C0120309C0120449D0120B0
:10C4000080B586B000AF786039607B687B61FDF7EE
:10C4100043FD03003B610F203B187A695C21525CAD
:10C420001A707B695C22022199547B699B6D5A1CAE
:10C430007B699A653B181B78012B39D1204B1B680F
:10C44000002B1DD17B6904331800FDF747FC7B6985
:10C45000DA6A1C4B1B689A4203D97B69DA6A194B6A
:10C460001A607B69DA6A13009B009B189B00164ACE
:10C470009A187B69043319001000FDF7D7FB07E019
:10C480007B6918331A00114B11001800FDF7CEFB21
:10C490007B69DA6A0E4B1B68DB6A9A4208D93B68F3
:10C4A000002B02D03B6801221A600A4B01221A605D
:10C4B0003B691800FDF7F6FCC046BD4606B080BDDE
:10C4C000589D0120389D0120349C0120F09C0120C2
:10C4D000309C0120449D012080B584B000AF78607D
:10C4E0003960214B1B68FB60204B1B68043318002C
:10C4F000FDF7F4FB7B6801330BD13B68002B08D0C0
:10C500001A4B1B681A1D1A4B11001800FDF78EFB01
:10C5100026E0FA687B68D318BB60144B1B68BA68C6
:10C520005A60BA68FB689A4209D2124B1A680F4BDC
:10C530001B68043319001000FDF79AFB10E00E4B46
:10C540001A680A4B1B68043319001000FDF790FBB2
:10C550000A4B1B68BA689A4202D2084BBA681A6042
:10C56000C046BD4604B080BD349D0120309C0120F2
:10C570001C9D0120EC9C0120E89C0120509D012085
:10C5800080B584B002AF00237B6000F0E3FA0A4B71
:10C590001B68002B0BD0094A09490A480A4B019332
:10C5A000032300930023FEF794FB03007B607B686A
:10C5B0001800BD4602B080BD949D0120C409000052
:10C5C000A4D0020879C70108989D012090B589B0D0
:10C5D00002AFF860B9607A603B602C20FDF7C8FCC0
:10C5E00003007B617B69002B0ED07B692822002130
:10C5F00099543C687A68B968F8687B690193BB6AAA
:10C600000093230000F005F87B691800BD4607B0D1
:10C6100090BD80B584B000AFF860B9607A603B60CF
:10C62000FB69002B1ED000F095FAFB69FA681A60CE
:10C63000FB69BA689A61FB693A68DA61FB69BA69B1
:10C640001A62FB6904331800FDF7E5FA7B68002BDA
:10C6500008D0FB6928229B5C04221343D9B2FB69F2
:10C6600028229954C046BD4604B080BD90B58BB019
:10C6700000AFF860B9607A603B6000237B621D4BBD
:10C680001B68002B30D014243B19BA681A603B1980
:10C690007A685A603B19FA689A60BB68052B19DC06
:10C6A000FFF7ACFA0300022B09D1124B1868BA6BE2
:10C6B00039190023FDF7ABFE03007B6214E00D4B3C
:10C6C00018681423F91800230022FDF7A0FE0300C8
:10C6D0007B6209E0074B18683A681423F9180023B5
:10C6E000FDF72AFF03007B627B6A1800BD460BB092
:10C6F00090BDC046949D012080B586B002AF7860A1
:10C7000039601C4B1B68DB68DB68FB60FB6804332B
:10C710001800FDF7E3FAFB6828229B5C1A0004234B
:10C72000134015D0FB689A697B68D1187B683A681A
:10C73000F86800F0BFF8031E13D07A68F868002389
:10C74000009300230021FFF791FF0300BB6008E086
:10C75000FB6828229B5C01229343D9B2FB68282204
:10C760009954FB681B6AFA6810009847C046BD469A
:10C7700004B080BD8C9D012080B584B000AF78608E
:10C780000823FB18180000F053F80300FB60BA6898
:10C79000FB681100180000F003F800F0CDF8EFE797
:10C7A00080B584B000AF78603960FEF72BFD0823B8
:10C7B000FB18180000F05EF80300FB60BB68002B5C
:10C7C0002BD13B68002B0CD17A68FB689A4208D8C1
:10C7D000FEF724FDFA687B6811001800FFF78CFF54
:10C7E0001DE03B68002B08D00F4B1B681B68002B1B
:10C7F00001D1012300E000233B600C4B18687A68EC
:10C80000FB68D31A3A681900FEF730FAFEF706FD06
:10C81000031E04D1FDF70CFB01E0FEF7FFFCC04650
:10C82000BD4604B080BDC046909D0120949D01206E
:10C8300080B584B000AF78600D4B1B681B68002B7F
:10C8400001D1012200E000227B681A607B681B682E
:10C85000002B05D1064B1B68DB681B68FB6001E001
:10C860000023FB60FB681800BD4604B080BDC046D5
:10C870008C9D012080B584B000AF7860FEF754FD38
:10C880000300FB600A4B1B68FA689A4205D200F06D
:10C8900009F97B6801221A6002E07B6800221A60B5
:10C8A000034BFA681A60FB681800BD4604B080BDEF
:10C8B0009C9D012080B586B000AFF860B9607A60B9
:10C8C0003B6000237B61FB68BA685A60FB68FA68CA
:10C8D0001A61BA687B689A4212D87A683B68D21AA1
:10C8E000FB689B699A4202D301237B611BE0104BDA
:10C8F0001A68FB68043319001000FDF7B9F912E05B
:10C900007A683B689A4206D2BA683B689A4202D378
:10C9100001237B6107E0074B1A68FB6804331900A9
:10C920001000FDF7A5F97B691800BD4606B080BD73
:10C93000909D01208C9D012090B58DB002AF9CE0B0
:10C940000822BB181B68002B0ADABB1804337B6271
:10C950007B6A1A687B6A58687B6A9B6819009047F3
:10C960000822BB181B68002B00DA86E0BB189B6806
:10C970003B623B6A5B69002B04D03B6A04331800BE
:10C98000FDF7ACF93B1D1800FFF774FF0300FB61D6
:10C990000823FB181B68092B6ED89A003F4BD3184D
:10C9A0001B689F463B6A28229B5C01221343D9B235
:10C9B0003B6A2822995408243B195A683B6A9B69B0
:10C9C000D1183B195B68FA69386AFFF773FF031ED9
:10C9D00053D03B6A1B6A3A6A100098473B6A282288
:10C9E0009B5C1A000423134047D03B195A683B6AEA
:10C9F0009B69D218386A0023009300230021FFF7B7
:10CA000035FE0300BB6138E03B6A28229B5C0122B3
:10CA10009343D9B23B6A282299542EE03B6A2822DC
:10CA20009B5C01221343D9B23B6A28229954082304
:10CA3000FB185A683B6A9A613B6A9A69FB69D1188C
:10CA4000FB69FA69386AFFF735FF16E03B6A28226E
:10CA50009B5C1A000223134004D13B6A1800FDF7C7
:10CA600027FB0AE03B6A28229B5C01229343D9B250
:10CA70003B6A2822995400E0C046094B1B680822F3
:10CA8000B91800221800FDF7F5FD031E00D057E786
:10CA9000C046C046BD460BB090BDC046ACD00208F3
:10CAA000949D012080B588B002AF3CE0274B1B6805
:10CAB000DB681B683B61254B1B68DB68DB68FB6040
:10CAC000FB6804331800FDF709F9FB681B6AFA6874
:10CAD00010009847FB6828229B5C1A00042313402F
:10CAE00021D0FB689B693A69D318BB60BA683B697F
:10CAF0009A420ED9FB68BA685A60FB68FA681A61F4
:10CB0000124B1A68FB68043319001000FDF7B0F8E7
:10CB100009E03A69F8680023009300230021FFF739
:10CB2000A5FD03007B60094B1B681B68002BBDD172
:10CB3000064B1B687B61064B1A68044B1A60044B5A
:10CB40007A691A60C046BD4606B080BD8C9D012042
:10CB5000909D012080B500AFFDF77AF9144B1B685A
:10CB6000002B20D1134B1800FDF737F8124B18009B
:10CB7000FDF733F8114B0F4A1A60114B0E4A1A6039
:10CB8000002210210420FDF7DAFB0200084B1A6096
:10CB9000074B1B68002B06D0054B1B68094A110088
:10CBA0001800FEF73BF8FDF765F9C046BD4680BDAD
:10CBB000949D0120649D0120789D01208C9D012081
:10CBC000909D0120D4D0020880B582B000AFFB1D3B
:10CBD00000221A700B4B1A680A4B802149000A4345
:10CBE0001A60032000F016F8031E03D0FB1D01227B
:10CBF0001A7001E000F008F8FB1D1B781800BD4614
:10CC000002B080BD0020024080B500AFC046BD46E6
:10CC100080BD000090B585B000AF78600F23FB1891
:10CC200000221A701D4B1B78002B2BD01C4B1C684C
:10CC30001A4B1B781900FA239800E3F78BFA0300CC
:10CC400019002000E3F786FA0300180001F057FBF3
:10CC5000031E12D17B68032B0AD8796801235B423B
:10CC60000022180001F026FB0E4B7A681A600DE0D6
:10CC70000F23FB1801221A7008E00F23FB18012272
:10CC80001A7003E00F23FB1801221A700F23FB1800
:10CC90001B781800BD4605B090BDC046600200205C
:10CCA000440200205C02002080B500AF054B1B78D9
:10CCB0001A00054B1B68D218034B1A60C046BD46CC
:10CCC00080BDC04660020020A09D012080B500AF5D
:10CCD000024B1B681800BD4680BDC046A09D0120C8
:10CCE00080B584B000AF7860FFF7F0FF0300BB6051
:10CCF0007B68FB60FB68013305D00A4B1B781A0088
:10CD0000FB689B18FB60C046FFF7E0FF0200BB68B2
:10CD1000D31AFA689A42F7D8C046C046BD4604B056
:10CD200080BDC0466002002080B500AF034B1B6889
:10CD30001B0C1B041B0C1800BD4680BD0058014095
:10CD400080B500AF034B1B681B051B0D1800BD46CB
:10CD500080BDC0460058014080B582B000AF786009
:10CD600039607B681B68054A1A403B681A437B6838
:10CD70001A60C046BD4602B080BDC046FFFF3FFE00
:10CD800080B582B000AF78607B681A68E0235B04EE
:10CD900013401800BD4602B080BD80B584B000AF1E
:10CDA000F860B9607A60FB685B69BA6804210A4080
:10CDB000072191400A00D2431A40BB6804210B406E
:10CDC000796899400B001A43FB685A61C046BD461A
:10CDD00004B080BD80B582B000AF786039607B68F8
:10CDE0005B693A6804210A40072191400A001A4011
:10CDF0003B6804210B40DA4013001800BD4602B026
:10CE000080BD80B582B000AF78607B68DA68C023EF
:10CE10001B01134001D1012300E000231800BD468F
:10CE200002B080BD80B584B000AFF860B9607A60B0
:10CE3000FB689B6ABA681F210A400F2191400A00D3
:10CE4000D2431A407B689B0E0F211940BB681F20FC
:10CE5000034099400B001A43FB689A62C046BD46E6
:10CE600004B080BD80B582B000AF786039607B6867
:10CE70009A6A3B685B035B0B1A437B689A62C04605
:10CE8000BD4602B080BD80B582B000AF7860396029
:10CE90007B689B6A3A685203520BD2431A407B6804
:10CEA0009A62C046BD4602B080BD000080B584B025
:10CEB00000AFF860B9607A60FB685B69BA6812021B
:10CEC000D2431A40BB681B0279680B4004490B40EF
:10CED0001A43FB685A61C046BD4604B080BDC046D7
:10CEE00000FFFF0780B582B000AF78607B689B6869
:10CEF000054A1340802252051A437B689A60C04657
:10CF0000BD4602B080BDC046E8FFFF6F80B582B06D
:10CF100000AF78607B689A6880235B051A408023A5
:10CF20005B059A4201D1012300E000231800BD46B1
:10CF300002B080BD80B582B000AF78607B689B682E
:10CF4000044A134001221A437B689A60C046BD46DA
:10CF500002B080BDE8FFFF7F80B582B000AF78608F
:10CF60007B689B68044A134002221A437B689A60DC
:10CF7000C046BD4602B080BDE8FFFF7F80B582B0ED
:10CF800000AF78607B689B6801221340012B01D1C0
:10CF9000012300E000231800BD4602B080BD80B52B
:10CFA00082B000AF78607B689B6802221340022B3E
:10CFB00001D1012300E000231800BD4602B080BD6E
:10CFC00080B582B000AF78607B689B68044A1340EC
:10CFD00004221A437B689A60C046BD4602B080BDF9
:10CFE000E8FFFF7F80B582B000AF78607B689B6808
:10CFF000044A134010221A437B689A60C046BD461B
:10D0000002B080BDE8FFFF7F80B582B000AF7860DE
:10D010007B689B6804221340042B01D1012300E0AC
:10D0200000231800BD4602B080BD000080B588B066
:10D0300000AF78601F23FB1800221A700023BB6129
:10D0400000237B610023FB607B68002B01D101235F
:10D050007FE17B689B6D002B0AD17B681800F5F798
:10D0600093FA7B680022DA657B6854220021995488
:10D070007B681B681800FFF749FF031E15D17B680A
:10D080001B681800FFF72EFFB44B1B68B44918004B
:10D09000E3F760F8030001335B00FB6002E0FB682C
:10D0A000013BFB60FB68002BF9D17B681B68180013
:10D0B000FFF72CFF031E0FD17B689B6D10221A43D4
:10D0C0007B689A657B68DB6D01221A437B68DA65B1
:10D0D0001F23FB1801221A707B681B681800FFF7DA
:10D0E00093FF03003B617B689B6D1022134000D0CF
:10D0F00022E13B69002B00D01EE17B689B6D994AC1
:10D10000134002221A437B689A657B681B681800EB
:10D11000FFF734FF031E00D0ADE07B689A687B68A0
:10D120001B7E9B031A437B685B7EDB031A437B6891
:10D130009B7E5B031A437B681B6B002B02D0802312
:10D140005B0100E000231A437B68DB681A437B68BD
:10D150001B69002B04DA7B681B695B005B0801E03C
:10D1600080239B031A437B682C215B5C5B00134389
:10D17000BA691343BB617B6820229B5C012B15D1EC
:10D180007B689B7E002B05D1BB6980225202134332
:10D19000BB610BE07B689B6D20221A437B689A651C
:10D1A0007B68DB6D01221A437B68DA657B685B6A0A
:10D1B000002B0AD07B685A6AE0235B001A407B6828
:10D1C0009B6A1343BA691343BB617B681B68DB68C6
:10D1D000654A134019007B681B68BA690A43DA6024
:10D1E0007B685B689B0F9A077B68DB6C13437A69EB
:10D1F00013437B617B683C229B5C012B11D17B68D4
:10D200005B689B0F9A077B681B6C1A437B685B6C9F
:10D210001A437B689B6C1A437B69134301221343B7
:10D220007B617B681B681B69504A134019007B684F
:10D230001B687A690A431A617B685A68C0231B0617
:10D240009A4218D07B685A688023DB059A4212D034
:10D250007B685A6880231B069A420CD0444B1B689B
:10D26000444A134019007B685A68F0239B031A4014
:10D270003F4B0A431A607B6818687B685B6B1A0037
:10D280000021FFF78AFD7B6818687B689B6B3A4931
:10D290001A00FFF782FD7B681B69002B09D17B68B0
:10D2A0001B689A6A7B681B68102149420A439A628C
:10D2B00018E07B681A6980239B039A4212D17B682D
:10D2C0001B689B6A7B68DB69013B9B001C22134047
:10D2D000102252429A4011007B681A6E7B681B68CC
:10D2E0000A439A627B681B6800211800FFF772FDF1
:10D2F00002007B685B6B9A420BD17B680022DA6587
:10D300007B689B6D0322934301221A437B689A65D5
:10D310001CE07B689B6D1222934310221A437B68AA
:10D320009A657B68DB6D01221A437B68DA651F23EF
:10D33000FB1801221A7009E07B689B6D10221A43CA
:10D340007B689A651F23FB1801221A701F23FB18A4
:10D350001B781800BD4608B080BDC04644020020BE
:10D36000400D0300FDFEFFFF0102DEFF02FCFF1F78
:10D3700008270140FFFFC3FF04FFFF07B0B584B0DB
:10D3800000AF78607B681B681800FFF73DFE031E46
:10D3900035D17B6854229B5C012B01D1022335E0FF
:10D3A0007B685422012199540F257C197B68180051
:10D3B00000F0CEFB030023707B191B78002B19D1E2
:10D3C0007B689B6D134A1340802252001A437B688E
:10D3D0009A657B680022DA657B681B681C221A60EC
:10D3E0007B685422002199547B681B681800FFF762
:10D3F000E7FD08E07B6854220021995403E00F23E5
:10D40000FB1802221A700F23FB181B781800BD4668
:10D4100004B0B0BDFEF0FFFFB0B584B000AF7860DF
:10D420007B6854229B5C012B01D1022329E07B689D
:10D430005422012199540F257C197B68180000F0B3
:10D4400045FB030023707B191B78002B12D17C193C
:10D450007B68180000F002FC030023707B191B7826
:10D46000002B07D17B689B6D084A134001221A43A9
:10D470007B689A657B685422002199540F23FB181E
:10D480001B781800BD4604B0B0BDC046FEFEFFFFCD
:10D4900080B584B000AF786039607B685B69082B29
:10D4A00002D10823FB600FE07B681B68DB68012268
:10D4B000134007D07B689B6D20221A437B689A65D6
:10D4C000012372E00423FB60FFF700FC0300BB6054
:10D4D0001FE03B6801331CD0FFF7F8FB0200BB687C
:10D4E000D31A3A689A4202D33B68002B11D17B6869
:10D4F0001B681B68FA6813400BD17B689B6D042284
:10D500001A437B689A657B6854220021995403234F
:10D510004BE07B681B681B68FA681340D9D07B68B6
:10D520009B6D802292001A437B689A657B681B681A
:10D530001800FFF766FC031E2ED07B689B7E002B35
:10D540002AD17B681B681B6808221340082B23D153
:10D550007B681B681800FFF757FD031E10D17B681E
:10D560001B685A687B681B680C218A435A607B6879
:10D570009B6D104A134001221A437B689A650BE0A9
:10D580007B689B6D20221A437B689A657B68DB6D04
:10D5900001221A437B68DA657B681B7E002B03D16E
:10D5A0007B681B680C221A6000231800BD4604B07B
:10D5B00080BDC046FEFEFFFFB0B586B000AFF8608C
:10D5C000B9607A60FB681B681800FFF71DFD031E39
:10D5D0006CD1FB6854229B5C012B01D102236CE0CF
:10D5E000FB68542201219954FB681B68DB68012207
:10D5F000134013D1FB681B681800FFF7BFFC031E24
:10D6000004D0FB681B681800FFF7A6FCFB681B68CA
:10D61000DA68FB681B6801210A43DA6017257C1968
:10D62000FB68180000F094FA030023702C003B19EB
:10D630001B78002B3ED1FB689B6D224A1340802251
:10D6400052001A43FB689A65FB680022DA65FB68A2
:10D650001B6D1D4ADA62FB681B6D1C4A1A63FB686E
:10D660001B6D1B4A5A63FB681B681C221A60FB680F
:10D67000542200219954FB681B685A68FB681B6898
:10D6800010210A435A60FB68186DFB681B68403321
:10D690001900BA683C197B6801F024F90300237073
:10D6A000FB681B681800FFF78BFC03E01723FB18CF
:10D6B00002221A701723FB181B781800BD4606B00B
:10D6C000B0BDC046FEF0FFFF19DD0108E1DD010835
:10D6D000FFDD010880B582B000AF78607B681B6811
:10D6E0001B6C1800BD4602B080BD80B582B000AF93
:10D6F0007860C046BD4602B080BD80B582B000AF44
:10D700007860C046BD4602B080BD80B582B000AF33
:10D710007860C046BD4602B080BD000080B586B0CE
:10D7200000AF786039601723FB1800221A700023BD
:10D73000FB607B6854229B5C012B01D10223C0E17A
:10D740007B685422012199547B681B681800FFF7FD
:10D750005BFC031E00D0A3E13B685B68022B00D199
:10D7600043E17B681A6980231B069A4204D07B68D8
:10D770001B69C14A934208D17B681A683B681B68E1
:10D7800019001000FFF76EFBC9E07B681A6E3B685A
:10D790005B681F210B400F2199400B00DB431340B6
:10D7A00019003B681B685B035B0B05D13B681B687A
:10D7B0009B0E1F22134098E03B681B680122134018
:10D7C00000D091E03B681B680222134000D089E042
:10D7D0003B681B680422134000D081E03B681B6853
:10D7E0000822134000D079E03B681B6810221340E8
:10D7F00000D071E03B681B682022134000D069E034
:10D800003B681B684022134000D061E03B681B6806
:10D810008022134000D059E03B681A6880235B00E7
:10D82000134051D13B681A6880239B00134049D1B3
:10D830003B681A688023DB00134041D13B681A68BB
:10D8400080231B01134039D13B681A6880235B0198
:10D85000134031D13B681A6880239B01134029D1C2
:10D860003B681A688023DB01134021D13B681A68AA
:10D8700080231B02134019D13B681A6880235B0286
:10D88000134011D13B681A6880239B02134009D1D1
:10D890003B681A688023DB02134001D0122324E086
:10D8A000002322E0112320E010231EE00F231CE0C0
:10D8B0000E231AE00D2318E00C2316E00B2314E0CE
:10D8C0000A2312E0092310E008230EE007230CE0EE
:10D8D00006230AE0052308E0042306E0032304E00E
:10D8E000022302E0012300E000233A6852681F206F
:10D8F000024093400A001A437B681A663B685B68E3
:10D900009B085A1C7B68DB699A4208D87B681868B8
:10D910003B6859683B681B681A00FFF783FA7B680D
:10D9200018683B6819683B689B681A00FFF7BEFAE5
:10D930003B681B68002B00DBBCE0504B1800FFF776
:10D940001FFA03003B613B681B684D4A934222D19A
:10D950003A6980231B0413401DD13B6980221204C5
:10D960001343464A19001000FFF7F6F9454B1B68B0
:10D9700045491800E2F7EEFB03005A1C13005B0058
:10D980009B189B00FB6002E0FB68013BFB60FB68AF
:10D99000002BF9D18EE03B681B683C4A93420ED1C4
:10D9A0003A6980235B04134009D13B698022520409
:10D9B0001343324A19001000FFF7CEF97AE03B68B2
:10D9C0001B68334A934200D074E03A698023DB033A
:10D9D000134000D06EE03B698022D2031343274AF4
:10D9E00019001000FFF7B8F964E07B681A6980231A
:10D9F0001B069A4204D07B681B691F4A934207D1D9
:10DA00007B681A683B681B6819001000FFF73BFA37
:10DA10003B681B68002B4DDA184B1800FFF7B0F974
:10DA200003003B613B681B68154A934208D13B6980
:10DA3000184A1340114A19001000FFF78DF939E018
:10DA40003B681B68114A934208D13B69124A134054
:10DA50000A4A19001000FFF77FF92BE03B681B68AA
:10DA60000B4A934226D13B690C4A1340034A1900E2
:10DA70001000FFF771F91DE0040000800827014045
:10DA8000001000B044020020400D0300004000B828
:10DA9000002000B4FFFF7FFFFFFFFFFEFFFFBFFF7F
:10DAA0007B689B6D20221A437B689A651723FB18BD
:10DAB00001221A707B685422002199541723FB1805
:10DAC0001B781800BD4606B080BDC04680B584B046
:10DAD00000AF78607B681B681800FFF795FA031E9B
:10DAE00031D07B681B681800FFF759FA031E04D178
:10DAF0007B681B681800FFF775FAFFF7E7F803006B
:10DB0000FB601AE0FFF7E2F80200FB68D31A022B71
:10DB100013D97B681B689B68042213400DD07B6877
:10DB20009B6D10221A437B689A657B68DB6D01222E
:10DB30001A437B68DA65012306E07B681B689B68F3
:10DB400004221340DED100231800BD4604B080BD7E
:10DB500080B584B000AF78600023BB607B681B6831
:10DB60001800FFF70BFA031E00D069E07B681B6802
:10DB70009B68364A13400DD07B689B6D10221A4378
:10DB80007B689A657B68DB6D01221A437B68DA65E6
:10DB9000012356E07B681B681800FFF7CBF92C4B7C
:10DBA0001800FFF7EDF8020080231B0413400FD08C
:10DBB000284B1B6828491800E2F7CCFA0300013310
:10DBC000BB6002E0BB68013BBB60BB68002BF9D1C6
:10DBD0007B685B7E012B33D0FFF778F80300FB6096
:10DBE00027E07B681B681800FFF7C8F9031E04D103
:10DBF0007B681B681800FFF79DF9FFF767F80200C4
:10DC0000FB68D31A022B14D97B681B681B6801229E
:10DC10001340012B0DD07B689B6D10221A437B684B
:10DC20009A657B68DB6D01221A437B68DA65012304
:10DC300007E07B681B681B6801221340012BD0D1D1
:10DC400000231800BD4604B080BDC0461700008008
:10DC50000827014044020020400D030080B584B035
:10DC600000AF78607B681B681800FFF798F9030025
:10DC7000FB607B681B681800FFF780F9031E46D025
:10DC8000FB68002B43D17B681B689B68052213400F
:10DC9000012B0DD17B681B681800FFF75DF97B68CD
:10DCA0001B6803221A60FFF711F80300BB6028E02D
:10DCB0007B689B6D10221A437B689A657B68DB6DDD
:10DCC00001221A437B68DA65012321E0FEF7FEFF9B
:10DCD0000200BB68D31A022B13D97B681B689B68B0
:10DCE000012213400DD07B689B6D10221A437B6884
:10DCF0009A657B68DB6D01221A437B68DA65012334
:10DD000006E07B681B689B6801221340DED100237C
:10DD10001800BD4604B080BD80B584B000AF786007
:10DD20007B689B6AFB60FB689B6D5022134041D16E
:10DD3000FB689B6D802292001A43FB689A65FB6822
:10DD40001B681800FFF75DF8031E2ED0FB689B7E52
:10DD5000002B2AD1FB681B681B6808221340082B84
:10DD600023D1FB681B681800FFF74EF9031E10D182
:10DD7000FB681B685A68FB681B680C218A435A6061
:10DD8000FB689B6D154A134001221A43FB689A6594
:10DD90000BE0FB689B6D20221A43FB689A65FB68C9
:10DDA000DB6D01221A43FB68DA65FB681800FFF798
:10DDB0009CFC0FE0FB689B6D1022134004D0FB68B5
:10DDC0001800FFF7A2FC05E0FB681B6D5B6B7A682F
:10DDD00010009847C046BD4604B080BDFEFEFFFF60
:10DDE00080B584B000AF78607B689B6AFB60FB689D
:10DDF0001800FFF782FCC046BD4604B080BD80B568
:10DE000084B000AF78607B689B6AFB60FB689B6DA9
:10DE100040221A43FB689A65FB68DB6D04221A43B3
:10DE2000FB68DA65FB681800FFF76FFCC046BD466B
:10DE300004B080BD80B582B000AF78607B681A689E
:10DE4000F0239B0313401800BD4602B080BD80B58F
:10DE500082B000AF78607B681B699B0F9B0718003E
:10DE6000BD4602B080BD80B582B000AF7860396039
:10DE70007B68B4229B587F2293431A003B681A4365
:10DE80007B68B4215A50C046BD4602B080BD80B503
:10DE900082B000AF78607B68B4229B587F22134029
:10DEA0001800BD4602B080BD80B582B000AF78607A
:10DEB0007B689B68044A134001221A437B689A607E
:10DEC000C046BD4602B080BDE8FFFF7F80B582B08E
:10DED00000AF78607B689B68044A134002221A43B3
:10DEE0007B689A60C046BD4602B080BDE8FFFF7FF8
:10DEF00080B582B000AF78607B689B6801221340D8
:10DF0000012B01D1012300E000231800BD4602B01F
:10DF100080BD000080B582B000AF78607B689B68F0
:10DF2000054A1340802212061A437B689A60C04655
:10DF3000BD4602B080BDC046E8FFFF7F80B582B01D
:10DF400000AF78607B689B68DB0FDA0780231B06D5
:10DF50009A4201D1012300E000231800BD4602B01F
:10DF600080BD000090B58BB000AF78600023FB60EF
:10DF700000233B627B6854229B5C012B01D102236E
:10DF8000DDE07B685422012199541F23FC187B6833
:10DF90001800FFF763FE030023707B681B681800FE
:10DFA000FFF7A6FF031E00D0BCE07B689B6D664AAE
:10DFB000134002221A437B689A657B681B68DB6802
:10DFC000624A1340BB617B681B68DA687B681B6828
:10DFD0005F490A40DA6000237B622DE07B681B68A2
:10DFE0001800FFF797FF14E0FB680133FB60FB6844
:10DFF000584A93420DD97B689B6D1222934310229D
:10E000001A437B689A657B68542200219954012346
:10E0100095E07B681B681800FFF790FF031EE3D1B3
:10E020007B681B681800FFF732FF02003B6A9B18F1
:10E030003B627B6A01337B627B6A072BCED9796AAC
:10E04000386AE2F787F803003B627B681B681800B8
:10E05000FFF72AFF7B681B681800FFF7F8FE031E16
:10E060001BD13D4B1800FFF7E5FE03007B617A6989
:10E07000E0235B039A4210D37B699B0C033B012294
:10E080009A401300BB60BB685B08BB6002E0BB68E2
:10E09000013BBB60BB68002BF9D17B681B683A6A07
:10E0A00011001800FFF7DFFE7B681B681800FFF700
:10E0B0000DFFFEF70BFE03003B611BE0FEF706FEC3
:10E0C00002003B69D31A022B14D97B681B68180025
:10E0D000FFF70EFF031E0DD07B689B6D10221A43C5
:10E0E0007B689A657B68DB6D01221A437B68DA6581
:10E0F000012324E07B681B681800FFF7F9FE031E6C
:10E10000DCD17B681B68D9687B681B68BA690A43E5
:10E11000DA607B689B6D0322934301221A437B687C
:10E120009A6505E07B689B6D10221A437B689A65AF
:10E130007B685422002199541F23FB181B78180078
:10E14000BD460BB090BDC046FDFEFFFF0380000042
:10E15000FC7FFFFFFFF102000827014080B582B07D
:10E1600000AF0200FB1D1A70FB1D1B787F2B09D826
:10E17000FB1D1B781A001F231A40044B01219140FC
:10E180000A001A60C046BD4602B080BD00E100E052
:10E1900090B583B000AF02003960FB1D1A70FB1D03
:10E1A0001B787F2B28D82F4AFB1D1B785BB29B085E
:10E1B000C0339B009B58FA1D1278110003220A40BD
:10E1C000D200FF2191400A00D2431A4011003B685F
:10E1D0009B01FF221A40FB1D1B78180003230340FC
:10E1E000DB009A401F48FB1D1B785BB29B080A436B
:10E1F000C0339B001A5031E01B4AFB1D1B781900ED
:10E200000F230B40083B9B0806339B00D3180433B5
:10E210001B68FA1D1278110003220A40D200FF2168
:10E2200091400A00D2431A4011003B689B01FF2233
:10E230001A40FB1D1B78180003230340DB009A40A3
:10E240000948FB1D1B781C000F232340083B9B083B
:10E250000A4306339B00C31804331A60C046BD4608
:10E2600003B090BD00E100E000ED00E080B582B0B9
:10E2700000AF78607B685A1E80235B049A4201D30A
:10E28000012310E00A4B7A68013A5A6001235B428D
:10E2900003211800FFF77CFF054B00229A60044B16
:10E2A00007221A6000231800BD4602B080BDC04698
:10E2B00010E000E080B584B000AFB9607A600F2153
:10E2C0007B18021C1A70BA687B181B785BB21100AD
:10E2D0001800FFF75DFFC046BD4604B080BD80B5A5
:10E2E00082B000AF0200FB1D1A70FB1D1B785BB2F1
:10E2F0001800FFF733FFC046BD4602B080BD80B5B1
:10E3000082B000AF78607B681800FFF7AFFF0300B2
:10E310001800BD4602B080BD80B582B000AF786005
:10E320007B68002B01D1012356E07B685B7FDBB269
:10E33000002B06D17B6800221A777B681800F4F75F
:10E34000FFFB7B6802225A777B681B79002B0CD17C
:10E350007B681B68224A5A617B681B689A687B68E5
:10E360001B6818218A439A600BE07B6899687B6878
:10E37000DA687B68180000F093F9031E01D00123CE
:10E380002AE07B685B79002B05D17B681B68012242
:10E3900052421A6104E07B681B687A6812691A614C
:10E3A0007B681B689B686022934319007B685A69ED
:10E3B0007B681B680A439A607B681B689B688022A5
:10E3C000934319007B689A697B681B680A439A60CB
:10E3D0007B6801225A7700231800BD4602B080BD39
:10E3E000B71DC10480B586B000AFF860B9607A602F
:10E3F00000233B61FB6802225A77FB681B6A032BF0
:10E4000005D02DD8012B19D0022B20D028E00023D5
:10E410007B610AE07B699B00BA68D218FB681B68C5
:10E4200012681A607B6901337B617A697B689A4262
:10E43000F0D3FB681B681B683B6112E07A68B9681F
:10E44000FB68180000F064F803003B6109E07A689B
:10E45000B968FB68180000F0ECF803003B6100E0CD
:10E46000C046FB6801225A773B691800BD4606B0DA
:10E4700080BD80B586B000AFF860B9607A600023D7
:10E480003B61FB6802225A77FB681B689A68FB684D
:10E490001B6801210A439A60FB681B6A032B05D0A5
:10E4A0002DD8012B19D0022B20D028E000237B612E
:10E4B0000AE07B699B00BA68D218FB681B68126887
:10E4C0001A607B6901337B617A697B689A42F0D379
:10E4D000FB681B681B683B6112E07A68B968FB68DF
:10E4E000180000F015F803003B6109E07A68B9688C
:10E4F000FB68180000F09DF803003B6100E0C04697
:10E50000FB6801225A773B691800BD4606B080BD02
:10E5100080B588B000AFF860B9607A600023FB6115
:10E5200023E0FB699B00BA68D3181B781A06FB69C5
:10E530009B000133B968CB181B781B041A43FB6995
:10E540009B000233B968CB181B781B021A43FB6986
:10E550009B000333B968CB181B781900FB681B6854
:10E560000A431A60FB690133FB617B689B08FA6907
:10E570009A42D6D37B680322134053D07B68032290
:10E580001340012B07D1FB699B00BA68D218FB68C6
:10E590001B6812781A707B6803221340022B19D172
:10E5A000FB699B00BA68D3181B781B021AB2FB697F
:10E5B0009B000133B968CB181B781BB213431AB206
:10E5C0001A217B181A80FB681B687B617B697A18AB
:10E5D00012881A807B6803221340032B22D1FB6927
:10E5E0009B00BA68D3181B781B021AB2FB699B0008
:10E5F0000133B968CB181B781BB213431AB21A2126
:10E600007B181A80FB681B687B617B697A1812880B
:10E610001A80FB699B000233BA68D218FB681B683A
:10E6200012781A70FB681B681B681800BD4608B09A
:10E6300080BD80B586B000AFF860B9607A60002315
:10E640007B6113E07B699B00BA68D3181B881A04AE
:10E650007B699B000233B968CB181B881900FB68E3
:10E660001B680A431A607B6901337B617B685B0826
:10E670007A699A42E6D37B680122134009D0FB688D
:10E680001B683B617B699B00BA68D3181A883B6999
:10E690001A80FB681B681B681800BD4606B080BD69
:10E6A00080B586B000AFF860B9607A6017217B183A
:10E6B00000221A701F233B61BB680122134003D163
:10E6C0007B1801221A7045E0C0463B695A1E3A6128
:10E6D000002B08D03B691F221340BA68DA401300B0
:10E6E00001221340F1D07B68182B0FD07B68182BC8
:10E6F00024D87B68102B11D07B68102B1ED87B6828
:10E70000002B20D07B68082B10D017E03B69062B2C
:10E710001BD91723FB1801221A7016E03B69072B3F
:10E7200015D91723FB1801221A7010E03B690F2B33
:10E730000FD91723FB1801221A700AE01723FB18C0
:10E7400001221A7006E0C04604E0C04602E0C0465E
:10E7500000E0C0461723FB181B78002B0ED1FB6886
:10E760001B68BA685A61FB681B689B681822934350
:10E770001900FB681B687A680A439A601723FB1824
:10E780001B781800BD4606B080BD000080B582B081
:10E7900000AF78607B68002B01D1012391E07B689A
:10E7A0001B681A00494B9A4210D87B681B68484A7C
:10E7B0009446634414211800E1F7CCFC03009A004E
:10E7C0007B685A647B68434A1A640FE07B681B6865
:10E7D000414A9446634414211800E1F7BBFC03004E
:10E7E0009A007B685A647B683C4A1A647B682522DD
:10E7F000022199547B681B681A687B681B6838493A
:10E800000A401A607B681B6819687B689A687B6895
:10E81000DB681A437B681B691A437B685B691A4390
:10E820007B689B691A437B68DB691A437B681B6AB8
:10E830001A437B681B680A431A607B68180000F063
:10E84000A9FA7B689A688023DB019A4202D17B682F
:10E8500000225A607B685A687B689B6C7F210A4063
:10E860001A607B68DB6C7A68126D5A607B685B6843
:10E87000002B11D07B685B68042B0DD87B681800D7
:10E8800000F0D2FA7B685B6D00221A607B689B6D9A
:10E890007A68D26D5A6008E07B6800225A657B680E
:10E8A00000229A657B680022DA657B680022DA63C1
:10E8B0007B682522012199547B68242200219954E8
:10E8C00000231800BD4602B080BDC04607040240C8
:10E8D000F8FFFDBF00000240F8FBFDBF000402404E
:10E8E0000F80FFFF80B586B000AFF860B9607A6036
:10E8F0003B601723FB1800221A70FB6824229B5CE4
:10E90000012B01D102236FE0FB68242201219954DD
:10E91000FB6825229B5CDBB2012B57D1FB682522CB
:10E9200002219954FB680022DA63FB681B681A68AD
:10E93000FB681B6801218A431A603B687A68B968E2
:10E94000F86800F0EBF9FB681B6B002B08D0FB6844
:10E950001B681A68FB681B680E210A431A600FE0E7
:10E96000FB681B681A68FB681B6804218A431A60ED
:10E97000FB681B681A68FB681B680A210A431A6057
:10E98000FB689B6C1A6880235B02134008D0FB680D
:10E990009B6C1A68FB689B6C802149000A431A60D3
:10E9A000FB685B6D002B08D0FB685B6D1A68FB6829
:10E9B0005B6D802149000A431A60FB681B681A6876
:10E9C000FB681B6801210A431A600AE0FB68802289
:10E9D000DA63FB682422002199541723FB180122D3
:10E9E0001A701723FB181B781800BD4606B080BDAF
:10E9F00080B582B000AF78607B68002B01D1012325
:10EA00004FE07B6825229B5CDBB2022B08D07B6841
:10EA10000422DA637B68242200219954012340E018
:10EA20007B681B681A687B681B680E218A431A6022
:10EA30007B689B6C1A687B689B6C1C490A401A6057
:10EA40007B681B681A687B681B6801218A431A600F
:10EA50007B685B6C1C221A407B681B6C0121914017
:10EA60000A005A607B68DB6C7A68126D5A607B68BA
:10EA70005B6D002B0CD07B685B6D1A687B685B6DEF
:10EA80000A490A401A607B689B6D7A68D26D5A60A9
:10EA90007B682522012199547B6824220021995406
:10EAA00000231800BD4602B080BDC046FFFEFFFF38
:10EAB00080B584B000AF78600F217B1800221A70F7
:10EAC0007B6825229B5CDBB2022B06D07B6804228C
:10EAD000DA637B1801221A7048E07B681B681A68A9
:10EAE0007B681B680E218A431A607B681B681A6862
:10EAF0007B681B6801218A431A607B689B6C1A68DB
:10EB00007B689B6C1D490A401A607B685B6C1C2209
:10EB10001A407B681B6C012191400A005A607B6897
:10EB2000DB6C7A68126D5A607B685B6D002B0CD0D1
:10EB30007B685B6D1A687B685B6D10490A401A60E0
:10EB40007B689B6D7A68D26D5A607B6825220121B3
:10EB500099547B682422002199547B689B6B002B7D
:10EB600004D07B689B6B7A68100098470F23FB18D2
:10EB70001B781800BD4604B080BDC046FFFEFFFFF5
:10EB800080B584B000AF78607B681B6C1B68FB604D
:10EB90007B681B681B68BB607B685B6C1C22134036
:10EBA00004229A401300FA68134026D0BB6804225E
:10EBB000134022D07B681B681B682022134007D1BA
:10EBC0007B681B681A687B681B6804218A431A608B
:10EBD0007B685B6C1C221A407B681B6C0421914093
:10EBE0000A005A607B681B6B002B00D180E07B68B9
:10EBF0001B6B7A68100098477AE07B685B6C1C227C
:10EC0000134002229A401300FA6813403CD0BB68BC
:10EC10000222134038D07B681B681B6820221340F7
:10EC20000BD17B681B681A687B681B680A218A43C2
:10EC30001A607B682522012199547B681B681A00A1
:10EC40002E4B9A4209D97B685B6C1C221A402C4BD4
:10EC5000022191400A005A6008E07B685B6C1C222C
:10EC60001A40284B022191400A005A607B682422F6
:10EC7000002199547B68DB6A002B39D07B68DB6A02
:10EC80007A681000984733E07B685B6C1C22134065
:10EC900008229A401300FA6813402AD0BB68082261
:10ECA000134026D07B681B681A687B681B680E219E
:10ECB0008A431A607B685B6C1C221A407B681B6C61
:10ECC000012191400A005A607B680122DA637B6867
:10ECD0002522012199547B682422002199547B68C4
:10ECE0005B6B002B05D07B685B6B7A6810009847E4
:10ECF000C046C046BD4604B080BDC046800002404C
:10ED0000000402400000024080B582B000AF78608D
:10ED10007B68DB6B1800BD4602B080BD80B584B057
:10ED200000AFF860B9607A603B60FB68DB6CFA6842
:10ED3000126D5A60FB685B6D002B04D0FB689B6D05
:10ED4000FA68D26D5A60FB685B6C1C221A40FB6843
:10ED50001B6C012191400A005A60FB681B683A68ED
:10ED60005A60FB689B68102B08D1FB681B687A68A7
:10ED70009A60FB681B68BA68DA6007E0FB681B688A
:10ED8000BA689A60FB681B687A68DA60C046BD465C
:10ED900004B080BD80B584B000AF78607B681B682C
:10EDA0001A001D4B9A4214D87B685B6C9B089B0031
:10EDB0001A4A9A187B689A647B681B681A00FF23BA
:10EDC0001340083B14211800E1F7C4F90300FB606D
:10EDD00014E07B685B6C9B089B00114A9A187B6867
:10EDE0009A647B681B681A00FF231340083B1421B8
:10EDF0001800E1F7AFF903000733FB607B68094AAD
:10EE0000DA64FB681F22134001229A407B681A656E
:10EE1000C046BD4604B080BD070402400008024061
:10EE20001C0802408008024080B584B000AF7860C2
:10EE30007B685B687F221340FB60FB680A4A94464C
:10EE400063449B001A007B685A657B68074A9A6591
:10EE5000FB68013B0322134001229A407B68DA657C
:10EE6000C046BD4604B080BD3F820010400902404C
:10EE7000B0B586B000AFF860B9603A607B60214BF6
:10EE80001B78012B01D1022338E01E4B01221A709E
:10EE90001C4B00225A6017257C19FA239B0018008E
:10EEA00000F07AF8030023707B191B78002B1FD128
:10EEB000FB68012B06D13A687B68B968080000F04E
:10EEC000B9F805E03A68BB68110018000BF020F9AA
:10EED0001723FC18FA239B00180000F05DF80300CC
:10EEE0002370094B5A69FB68D943074B0A405A61A2
:10EEF000044B00221A701723FB181B781800BD461C
:10EF000006B0B0BDA49D01200020024080B582B0B3
:10EF100000AFFB1D00221A700B4B5B69002B0CDA53
:10EF2000094B0A4A9A60084B094A9A60064B5B698A
:10EF3000002B02DAFB1D01221A70FB1D1B78180042
:10EF4000BD4602B080BDC046002002402301674597
:10EF5000AB89EFCD80B582B000AFFB1D01221A70E6
:10EF6000FA239B00180000F017F80A4B5A69094B66
:10EF7000802109060A435A61064B5B69002B02DABD
:10EF8000FB1D00221A70FB1D1B781800BD4602B045
:10EF900080BDC0460020024080B584B000AF7860DC
:10EFA000FDF794FE0300FB60C0239B02BB600CE0F6
:10EFB0007B68013309D0FDF789FE0200FB68D31A94
:10EFC0007A689A4201D8032328E0164B1B69BA6875
:10EFD0001340EDD1134B1B69134A1340BB60114B17
:10EFE000124A1A61BB68002B11D0114BBA685A60E3
:10EFF000012313E07B68013309D0FDF767FE0200AF
:10F00000FB68D31A7A689A4201D8032306E0054BBD
:10F010001A698023DB021340ECD100231800BD469F
:10F0200004B080BD00200240FAC30000FBC308000A
:10F03000A49D0120B0B584B000AFF8603A607B6059
:10F040000B4B5A690A4B01210A435A61FB683A6823
:10F050001A60BFF36F8FC0467B681C0000231D0041
:10F06000FB68043322001A60C046BD4604B0B0BD40
:10F0700000200240B0B584B000AF78603960334BF7
:10F080001B78012B01D102235CE0304B01221A7066
:10F090002E4B00225A600F257C19FA239B00180082
:10F0A000FFF77AFF030023702C003B191B78002B1D
:10F0B00042D17B681B68042B0DD17B685B6818000C
:10F0C00000F048F83C19FA239B001800FFF764FF92
:10F0D0000300237030E03B68012252421A607B68D3
:10F0E0009B68BB601AE07B685B68BA681100180017
:10F0F00000F044F80F257C19FA239B001800FFF755
:10F100004BFF030023707B191B78002B03D03B6857
:10F11000BA681A600AE0BB680133BB607B689A6812
:10F120007B68DB68D318BA689A42DCD3084B5A690B
:10F13000074B02218A435A61044B00221A700F23A5
:10F14000FB181B781800BD4604B0B0BDA49D01207B
:10F150000020024080B582B000AF7860064B5A694B
:10F160007B681A43044B802149020A435A61C04616
:10F17000BD4602B080BDC0460020024080B584B0CC
:10F1800000AF786039600F4B5B690F4A1340FB603A
:10F190007B68042B05D0FB68802292011343FB603F
:10F1A00003E0FB68094A1340FB603B68DA00FB6838
:10F1B0001A43044B06490A435A61C046BD4604B08F
:10F1C00080BDC0460020024007E0FFFFFFDFFFFFD9
:10F1D0000200010080B586B000AF7860396000237E
:10F1E0007B614DE13B681B6801217A6991400A000F
:10F1F0001340FB60FB68002B00D13EE13B685B687D
:10F2000003221340012B05D03B685B6803221340A7
:10F21000022B30D17B689B683B617B695B000322DA
:10F220009A401300DA433B6913403B613B68DA685C
:10F230007B695B009A4013003A6913433B617B682A
:10F240003A699A607B685B683B6101227B699A40FE
:10F250001300DA433B6913403B613B685B681B0961
:10F2600001221A407B699A4013003A6913433B61BB
:10F270007B683A695A603B685B6803221340032B42
:10F2800017D07B68DB683B617B695B0003229A4097
:10F290001300DA433B6913403B613B689A687B6922
:10F2A0005B009A4013003A6913433B617B683A69FB
:10F2B000DA603B685B6803221340022B23D17B6931
:10F2C000DA087B6808329200D3583B617B690722D9
:10F2D00013409B000F229A401300DA433B6913400E
:10F2E0003B613B681A697B6907210B409B009A4090
:10F2F00013003A6913433B617B69DA087B68083283
:10F3000092003969D1507B681B683B617B695B0067
:10F3100003229A401300DA433B6913403B613B6888
:10F320005B6803221A407B695B009A4013003A69CC
:10F3300013433B617B683A691A603B685A68C02393
:10F340009B02134000D198E0534A7B699B08183315
:10F350009B009B583B617B6903221340DB000F221B
:10F360009A401300DA433B6913403B617A68A0235B
:10F37000DB059A4219D07B68484A934213D07B68D8
:10F38000474A93420DD07B68464A934207D07B6838
:10F39000454A934201D1042308E0052306E00323F4
:10F3A00004E0022302E0012300E000237A69032144
:10F3B0000A40D20093403A6913433B6136497B6966
:10F3C0009B0818339B003A695A50334B1B683B61CA
:10F3D000FB68DA433B6913403B613B685A68802312
:10F3E0005B03134003D03A69FB6813433B612A4B2C
:10F3F0003A691A60284B5B683B61FB68DA433B69FA
:10F4000013403B613B685A6880239B03134003D041
:10F410003A69FB6813433B611F4B3A695A601E4AC5
:10F420008423D3583B61FB68DA433B6913403B615B
:10F430003B685A6880239B02134003D03A69FB68FB
:10F4400013433B61144984223B698B50124A802349
:10F45000D3583B61FB68DA433B6913403B613B682F
:10F460005A6880235B02134003D03A69FB68134358
:10F470003B61094980223B698B507B6901337B6189
:10F480003B681A687B69DA40131E00D0AAE6C046C2
:10F49000C046BD4606B080BD0018024000040050C2
:10F4A00000080050000C00500010005080B584B0DF
:10F4B00000AF78600A00BB1C1A807B681B69BA1C0D
:10F4C0001288134004D00F23FB1801221A7003E0A6
:10F4D0000F23FB1800221A700F23FB181B7818004B
:10F4E000BD4604B080BD80B582B000AF7860080032
:10F4F0001100BB1C021C1A807B1C0A1C1A707B1C8E
:10F500001B78002B04D0BB1C1A887B689A6103E02F
:10F51000BB1C1A887B689A62C046BD4602B080BD9B
:10F5200080B584B000AF78600A00BB1C1A807B688D
:10F530005B69FB60BB1C1B88FA6813401A04FB68FC
:10F54000DB43B91C09880B401A437B689A61C046AB
:10F55000BD4604B080BD000080B582B000AF7860C9
:10F560000C4BDB687A683F210A40D2431A401100F5
:10F570007B681A0A074B0A43DA60064B99687B6876
:10F580003F221A40034B0A439A60C046BD4602B070
:10F5900080BDC0460070004080B582B000AF78608A
:10F5A000064B9A687B683F210B40D943034B0A40C6
:10F5B0009A60C046BD4602B080BDC04600700040A3
:10F5C00080B582B000AF78600A00FB1C1A707B68BF
:10F5D000002B09D0144B1B68072293431A00124BCF
:10F5E00001210A431A6005E00F4B1A680E4B0721F0
:10F5F0008A431A600D4B1A690C4B04210A431A61A5
:10F60000FB1C1B78012B01D130BF02E040BF20BFA3
:10F6100020BF064B1A69054B04218A431A61C04674
:10F62000BD4602B080BDC0460070004000ED00E065
:10F6300080B500AF094B1B68072293431A00074BA4
:10F6400003210A431A60064B1A69054B04210A4339
:10F650001A6130BFC046BD4680BDC0460070004044
:10F6600000ED00E080B500AF044B9A68034B8021A9
:10F6700049000A439A60C046BD4680BD0070004004
:10F6800080B584B000AF7860194B1B68194A1340ED
:10F690001900174B7A680A431A607A6880239B0026
:10F6A0009A421FD1144B1A6813005B009B185B0031
:10F6B00012491800E0F74EFD03000133FB6008E03B
:10F6C000FB68002B03D0FB68013BFB6001E00323D8
:10F6D00009E0074B5A698023DB001A408023DB00D6
:10F6E0009A42EDD000231800BD4604B080BDC0464C
:10F6F00000700040FFF9FFFF4402002040420F006D
:10F7000080B500AF034B9A68E023DB01134018007B
:10F71000BD4680BD0010024080B588B000AF786063
:10F720007B68002B02D1012300F050FB7B681B6833
:10F730000122134000D17CE0C34B9B683822134068
:10F74000BB61C14BDB68032213407B61BB69102B9B
:10F7500002D17B69032B02D0BB69082B0BD1BA4BBA
:10F760001A6880239B02134062D07B685B68002B81
:10F770005ED101232AE37B685A6880235B029A42A8
:10F7800007D1B14B1A68B04B802149020A431A6075
:10F7900020E07B685A68A023DB029A420ED1AA4B74
:10F7A0001A68A94B8021C9020A431A60A64B1A683D
:10F7B000A54B802149020A431A600BE0A24B1A684C
:10F7C000A14BA2490A401A609F4B1A689E4BA04960
:10F7D0000A401A607B685B68002B14D0FDF776FA4C
:10F7E00003003B6108E0FDF771FA02003B69D31AA0
:10F7F000642B01D90323E9E2934B1A6880239B020F
:10F800001340F0D015E0FDF761FA03003B6108E01A
:10F81000FDF75CFA02003B69D31A642B01D903237C
:10F82000D4E2894B1A6880239B021340F0D100E098
:10F83000C0467B681B680222134000D199E0824BCE
:10F840009B6838221340BB617F4BDB680322134067
:10F850007B61BB69102B02D17B69022B02D0BB6993
:10F86000002B35D1784B1A688023DB00134005D07C
:10F870007B68DB68002B01D10123A7E2724B5B6838
:10F88000744A134019007B685B691A026E4B0A4385
:10F890005A60BB69002B12D16B4B1B686E4A134038
:10F8A00019007B681A69684B0A431A60664B1B682B
:10F8B000DB0A07221340694ADA40694B1A60694B38
:10F8C0001B681800FDF7A6F9031E51D001237DE245
:10F8D0007B68DB68002B30D05B4B1B685E4A1340B3
:10F8E00019007B681A69584B0A431A60564B1A680C
:10F8F000554B802149000A431A60FDF7E7F90300E0
:10F900003B6108E0FDF7E2F902003B69D31A022BE4
:10F9100001D903235AE24C4B1A688023DB001340C1
:10F92000F0D0494B5B684B4A134019007B685B6918
:10F930001A02454B0A435A601BE0434B1A68424B7C
:10F9400049490A401A60FDF7C1F903003B6108E02C
:10F95000FDF7BCF902003B69D31A022B01D903233E
:10F9600034E2394B1A688023DB001340F0D100E009
:10F97000C0467B681B680822134047D0324B9B6807
:10F9800038221340182B0AD12F4B1B6E0222134032
:10F990003CD07B689B69002B38D1012316E27B6841
:10F9A0009B69002B19D0284B1A6E274B01210A4363
:10F9B0001A66FDF78BF903003B6108E0FDF786F955
:10F9C00002003B69D31A022B01D90323FEE11E4B2F
:10F9D0001B6E02221340F1D018E01B4B1A6E1A4B1B
:10F9E00001218A431A66FDF771F903003B6108E0C3
:10F9F000FDF76CF902003B69D31A022B01D90323EE
:10FA0000E4E1114B1B6E02221340F1D17B681B68AD
:10FA10000422134000D1C7E01F23FB1800221A70F4
:10FA2000094B9B6838221340202B1FD1064BDB6DFE
:10FA30000222134000D1B7E07B689B68002B00D006
:10FA4000B2E00123C2E1C04600100240FFFFFEFF0A
:10FA5000FFFFFBFFFF80FFFFFFC7FFFF0024F40055
:10FA6000440200205C020020FFFEFFFFB54BDA6B72
:10FA700080235B05134001D1012300E00023002B0C
:10FA800011D0B04BDA6BAF4B802149050A43DA63E2
:10FA9000AC4BDA6B80235B051340FB60FB681F23D4
:10FAA000FB1801221A70A84B1A6880235B001340D0
:10FAB0001AD1A54B1A68A44B802149000A431A6049
:10FAC000FDF704F903003B6108E0FDF7FFF80200D1
:10FAD0003B69D31A022B01D9032377E19A4B1A68A9
:10FAE00080235B001340F0D07B689B68012B06D11C
:10FAF000944BDA6D934B01210A43DA651CE07B6875
:10FB00009B68052B0CD18F4BDA6D8E4B04210A4379
:10FB1000DA658C4BDA6D8B4B01210A43DA650BE019
:10FB2000884BDA6D874B01218A43DA65854BDA6DA4
:10FB3000844B04218A43DA657B689B68002B14D0D0
:10FB4000FDF7C4F803003B6109E0FDF7BFF80200D0
:10FB50003B69D31A7D4A934201D9032336E1794B9D
:10FB6000DB6D02221340F0D013E0FDF7AFF8030085
:10FB70003B6109E0FDF7AAF802003B69D31A734A1A
:10FB8000934201D9032321E16E4BDB6D0222134026
:10FB9000F0D11F23FB181B78012B05D1694BDA6BC1
:10FBA000684B6B490A40DA637B681B68202213406C
:10FBB00039D07B68DB69002B1BD0624B1A68614B24
:10FBC0008021C9030A431A60FDF780F803003B61F6
:10FBD00008E0FDF77BF802003B69D31A022B01D93C
:10FBE0000323F3E0574B1A6880231B041340F0D023
:10FBF00019E0544B1A68534B56490A401A60FDF7F6
:10FC000065F803003B6108E0FDF760F802003B691E
:10FC1000D31A022B01D90323D8E04A4B1A68802358
:10FC20001B041340F0D17B681B6A002B00D1CCE091
:10FC3000444B9B6838221340102B00D17BE07B683B
:10FC40001B6A022B56D13F4B1A683E4B42490A4071
:10FC50001A60FDF73BF803003B6108E0FDF736F85A
:10FC600002003B69D31A022B01D90323AEE0354BC6
:10FC70001A6880239B041340F0D1324BDB68374A6B
:10FC8000134019007B685A6A7B689B6A1A437B6839
:10FC9000DB6A1B021A437B681B6B1A437B685B6B36
:10FCA0001A437B689B6B1A43264B0A43DA60254B49
:10FCB0001A68244B802149040A431A60214BDA68F0
:10FCC000204B802149050A43DA60FCF7FFFF03005F
:10FCD0003B6108E0FCF7FAFF02003B69D31A022BF4
:10FCE00001D9032372E0174B1A6880239B04134049
:10FCF000F0D06AE0134B1A68124B17490A401A6099
:10FD0000FCF7E4FF03003B6108E0FCF7DFFF0200C3
:10FD10003B69D31A022B01D9032357E0094B1A6818
:10FD200080239B041340F0D1064BDA68054B0C4945
:10FD30000A40DA6049E07B681B6A012B12D101237B
:10FD400044E0C046001002400070004088130000EC
:10FD5000FFFFFFEFFFFFBFFFFFFFFFFE8C80C11122
:10FD6000FCFFFEEE1B4BDB687B617B6903221A40C4
:10FD70007B685B6A9A4226D17B6970221A407B6855
:10FD80009B6A9A421FD17A69FE23DB011A407B6885
:10FD9000DB6A1B029A4216D17A69F8239B031A4048
:10FDA0007B681B6B9A420ED17A69E0231B051A40CF
:10FDB0007B685B6B9A4206D17B695B0F5A077B6855
:10FDC0009B6B9A4201D0012300E000231800BD463E
:10FDD00008B080BD0010024080B584B000AF7860EC
:10FDE00039607B68002B01D10123E9E0764B1B6869
:10FDF000072213403A689A421ED9734B1B680722A8
:10FE000093431900704B3A680A431A60FCF75EFF8F
:10FE10000300FB6009E0FCF759FF0200FB68D31AFE
:10FE20006A4A934201D90323CAE0674B1B68072241
:10FE300013403A689A42EED17B681B680222134055
:10FE400015D07B681B680422134006D0604B9A686B
:10FE50005F4BE021C9010A439A605D4B9B685D4A94
:10FE6000134019007B689A68594B0A439A607B6873
:10FE70001B680122134057D07B685B68012B07D1B8
:10FE8000534B1A6880239B0213402BD1012397E028
:10FE90007B685B68022B07D14D4B1A6880239B045B
:10FEA00013401FD101238BE07B685B68002B07D1D7
:10FEB000474B1A688023DB00134013D101237FE0F6
:10FEC0007B685B68032B06D1414B1B6E02221340FB
:10FED00008D1012374E03E4BDB6D0222134001D1B7
:10FEE00001236DE03A4B9B680722934319007B681E
:10FEF0005A68374B0A439A60FCF7E8FE0300FB6040
:10FF000009E0FCF7E3FE0200FB68D31A2F4A934294
:10FF100001D9032354E02E4B9B6838221A407B689A
:10FF20005B68DB009A42ECD1274B1B680722134029
:10FF30003A689A421ED2244B1B6807229343190049
:10FF4000214B3A680A431A60FCF7C0FE0300FB60CD
:10FF500009E0FCF7BBFE0200FB68D31A1B4A934280
:10FF600001D903232CE0184B1B68072213403A6881
:10FF70009A42EED17B681B680422134009D0144BCF
:10FF80009B68154A134019007B68DA68104B0A43D6
:10FF90009A6000F029F801000D4B9B681B0A0F22A4
:10FFA0001A400E4B9200D3581F2213400A00DA4029
:10FFB0000B4B1A600B4B1B681800FCF72BFE030061
:10FFC0001800BD4604B080BD002002408813000028
:10FFD00000100240FFF0FFFFFF8FFFFF8CCE0208F2
:10FFE000440200205C02002080B586B000AF3C4B8C
:10FFF0009B68382213400FD1394B1B68DB0A07225C
:020000040802F0
:10000000134001229A4013003B6039683548E0F7FD
:10001000A1F803003B615DE0314B9B68382213403F
:10002000082B02D1304B3B6154E02D4B9B683822AA
:100030001340102B38D12A4BDB6803221340FB609E
:10004000274BDB681B09072213400133BB60FB68A9
:10005000032B0DD1B9682448E0F77CF803001900A0
:100060001F4BDB681B0A7F2213404B437B610DE073
:10007000B9681C48E0F76EF803001900184BDB68FC
:100080001B0A7F2213404B437B61C046144BDB6845
:100090005B0F0722134001337B6079687869E0F7D2
:1000A00059F803003B6115E00D4B9B683822134063
:1000B000202B03D180231B023B610BE0084B9B6884
:1000C00038221340182B03D1FA23DB013B6101E0F6
:1000D00000233B613B691800BD4606B080BDC046A9
:1000E000001002400024F40000127A0080B500AF36
:1000F000024B1B681800BD4680BDC046440200206C
:10010000B0B500AFFFF7F2FF0400FFF7F9FA030004
:100110001A0B054B9200D3581F221340DC402300DA
:100120001800BD46B0BDC046CCCE020880B586B032
:1001300000AF78601323FB1800221A701223FB18FB
:1001400000221A707B681A6880239B02134000D13A
:10015000ADE011203B1800221A70474BDA6B802368
:100160005B05134010D1444BDA6B434B80214905AA
:100170000A43DA63404BDA6B80235B051340BB60B4
:10018000BB683B1801221A703C4B1A683B4B80211C
:1001900049000A431A60FCF799FD0300FB600BE07D
:1001A000FCF794FD0200FB68D31A022B04D9132339
:1001B000FB1803221A7005E0304B1A6880235B009D
:1001C0001340EDD01323FB181B78002B5ED12A4B74
:1001D000DA6DC0239B0013407B617B69002B19D033
:1001E0007B681B6C7A699A4214D0234BDB6D244ADE
:1001F00013407B61204BDA6D1F4B802149020A437B
:10020000DA651D4BDA6D1C4B1E490A40DA651A4B44
:100210007A69DA657B690122134016D0FCF756FD36
:100220000300FB600CE0FCF751FD0200FB68D31AF1
:10023000154A934204D91323FB1803221A7004E0D1
:100240000D4BDB6D02221340EDD01323FB181B78FE
:10025000002B0AD1084BDB6D094A134019007B685B
:100260001A6C054B0A43DA6516E01223FB181322B9
:10027000BA1812781A700FE00010024000700040A7
:10028000FFFCFFFFFFFFFEFF881300001223FB1897
:100290001322BA1812781A701123FB181B78012B3D
:1002A00005D1B64BDA6BB54BB5490A40DA637B68CA
:1002B0001B680122134009D0B04B5B6D03229343AE
:1002C00019007B685A68AD4B0A435A657B681B6806
:1002D0000222134009D0A94B5B6D0C2293431900F5
:1002E0007B689A68A54B0A435A657B681B680422A1
:1002F000134009D0A14B5B6D3022934319007B68FA
:10030000DA689E4B0A435A657B681B6810221340CB
:1003100009D09A4B5B6D9B4A134019007B681A69A0
:10032000964B0A435A657B681A6880235B01134029
:1003300009D0924B5B6D944A134019007B685A694F
:100340008E4B0A435A657B681A6880239B001340D2
:1003500009D08A4B5B6D8D4A134019007B689A6AFD
:10036000864B0A435A657B681A688023DB0013407A
:1003700009D0824B5B6D864A134019007B68DA6AAC
:100380007E4B0A435A657B681B682022134009D0C4
:100390007A4B5B6D7F4A134019007B689A69774BF3
:1003A0000A435A657B681B684022134009D0734B8F
:1003B0005B6D794A134019007B68DA696F4B0A4319
:1003C0005A657B681A688023DB01134015D06B4B9C
:1003D0005B6D9B0099087B681A6B684B0A435A65F2
:1003E0007B681A6B8023DB059A4206D1634BDA687F
:1003F000624B802149020A43DA607B681A688023D5
:100400001B03134009D05D4B5B6D402293431900E1
:100410007B685A6B594B0A435A657B681A6880237C
:100420009B03134016D0554B5B6D5C4A134019007B
:100430007B689A6B514B0A435A657B689A6B8023A1
:10044000DB039A4206D14D4BDA684C4B80214904BC
:100450000A43DA607B681A688023DB03134016D0F6
:10046000464B5B6D4E4A134019007B68DA6B434B79
:100470000A435A657B68DA6B80235B049A4206D193
:100480003E4BDA683D4B802149040A43DA607B68C1
:100490001A6880231B01134014D0384B9B6D032234
:1004A000934319007B681A6A344B0A439A657B6848
:1004B0001B6A012B06D1314BDA68304B802149028F
:1004C0000A43DA607B681A6880239B01134014D0CA
:1004D0002A4B9B6D0C22934319007B685A6A274B69
:1004E0000A439A657B685B6A042B06D1234BDA6862
:1004F000224B802149020A43DA607B681A68802314
:100500005B04134016D01D4B9B6D224A134019000B
:100510007B685A6C194B0A439A657B685A6C802336
:100520009B019A4206D1154BDA68144B802149048D
:100530000A43DA607B681A6880239B04134016D054
:100540000E4B9B6D104A134019007B689A6C0B4B45
:100550000A439A657B689A6C80235B009A4206D1B5
:10056000064BDA68054B802149040A43DA601223FE
:10057000FB181B781800BD4606B080BD0010024075
:10058000FFFFFFEFFFF3FFFFFFFCFFFFFFFFF3FFA6
:10059000FFFFCFFFFFCFFFFFFF3FFFFFFFFFBFFFCB
:1005A000FFFFFFFEB0B584B000AF78600F23FB18EB
:1005B00001221A707B68002B00D18CE07B68292215
:1005C0009B5CDBB2002B0BD17B6828220021995465
:1005D0007B68882212025A607B681800F4F72EFCB0
:1005E0007B682922022199547B681B68DB681022F2
:1005F0001340102B62D07B681B68CA225A627B684A
:100600001B6853225A620F257C197B68180000F082
:1006100011FB0300237028003B181B78002B2CD102
:100620007B681B689A697B681B682E490A409A613F
:100630007B681B6899697B689A687B685B691A4369
:100640007B68DB691A437B681B680A439A617B6895
:100650001B687A6812691A617B681B6819697B6874
:10066000DB681A047B681B680A431A613C187B68C4
:10067000180000F021FB030023700F23FB181B78E8
:10068000002B16D17B681B689A697B681B68D200B7
:10069000D2089A617B681B6899697B685A6A7B6893
:1006A0001B6A1A437B689B691A437B681B680A4371
:1006B0009A617B681B68FF225A6203E00F23FB18D4
:1006C00000221A700F23FB181B78002B03D17B68C4
:1006D0002922012199540F23FB181B781800BD46CD
:1006E00004B0B0BDBFFF8FFBB0B584B000AF786081
:1006F0007B682922022199547B681B68CA225A62AE
:100700007B681B6853225A620F257C197B6818008E
:1007100000F090FA030023707B191B78002B5CD14A
:100720007B681B6800221A607B681B68394A5A6024
:100730007B681B689A697B681B6807210A409A617D
:10074000FCF7C4FA0300BB6012E0FCF7BFFA02003A
:10075000BB68D21AFA239B009A4209D97B681B68AE
:10076000FF225A627B6829220321995403234CE01B
:100770007B681B68DB6804221340E6D07B681B683B
:100780009B697B681B6800229A617B681B68224A10
:100790005A617B681B68214A1A617B681B680022CA
:1007A0001A647B681B6800229A647B681B680022BD
:1007B000DA627B681B6800229A627B681B680022F1
:1007C0005A647B681B680022DA640F23FC187B687C
:1007D000180000F071FA030023707B681B68FF2289
:1007E0005A620F23FB181B78002B07D17B68180077
:1007F000F4F75EFB7B682922002199547B6828224C
:10080000002199540F23FB181B781800BD4604B033
:10081000B0BDC04601210000FFFF0000FF007F00C7
:10082000B0B586B000AFF860B9607A60FB68282286
:100830009B5C012B01D1022392E0FB68282201215D
:100840009954FB68292202219954FB681B68CA222B
:100850005A62FB681B6853225A6213257C19FB6895
:10086000180000F0E7F9030023707B191B78002BB8
:1008700062D17B68002B25D1FB681B689B694022F5
:10088000134002D1BB680022DA70BB681B781800E5
:1008900000F056FA03001C04BB685B78180000F0F7
:1008A0004FFA03001B021C43BB689B78180000F042
:1008B00047FA030022001A43BB68DB789B05134309
:1008C0007B6117E0FB681B689B694022134002D1E3
:1008D000BB680022DA70BB681B781A04BB685B78BF
:1008E0001B021343BA6892781A43BB68DB789B05F6
:1008F00013437B61FB681B687A691B490A401A60D5
:10090000FB681B689A69FB681B6818490A409A6172
:10091000FB681B689969BB68DA68BB681B691A4386
:10092000FB681B680A439A611323FC18FB681800D4
:1009300000F0C2F903002370FB681B68FF225A62B3
:100940001323FB181B78002B03D1FB6829220121FC
:100950009954FB682822002199541323FB181B7813
:100960001800BD4606B0B0BD7F7F7F00FFFFFBFFD4
:1009700080B586B000AFF860B9607A60FB681B682C
:100980009A68BB685A60FB681B681B695B045A0C59
:10099000BB689A60FB681B681B68224A13407B6136
:1009A0007B691B0CDBB23F221340DAB2BB681A70C2
:1009B0007B691B0ADBB27F221340DAB2BB685A7034
:1009C0007B69DBB27F221340DAB2BB689A707B6925
:1009D0009B0DDBB201221340DAB2BB68DA707B6890
:1009E000002B1AD1BB681B78180000F0D1F9030066
:1009F0001A00BB681A70BB685B78180000F0C8F971
:100A000003001A00BB685A70BB689B78180000F09E
:100A1000BFF903001A00BB689A7000231800BD4696
:100A200006B080BD7F7F7F00B0B586B000AFF860B4
:100A3000B9607A60FB6828229B5C012B01D10223FC
:100A40007EE0FB68282201219954FB6829220221BB
:100A500099547B68002B0ED1BB685B781A00102379
:100A6000134008D0BB685B7810229343DBB20A3393
:100A7000DAB2BB685A707B68002B1CD1BB68DB788C
:100A8000180000F05DF903001C04BB685B781800D7
:100A900000F056F903001B021C43BB689B7818004A
:100AA00000F04EF9030022001A43BB681B785B0379
:100AB00013437B610EE0BB68DB781A04BB685B788C
:100AC0001B021343BA6892781A43BB681B785B0316
:100AD00013437B61FB681B68CA225A62FB681B6870
:100AE00053225A6213257C19FB68180000F0A2F803
:100AF0000300237028003B181B78002B0CD1FB68E7
:100B00001B687A6910490A405A603C18FB68180053
:100B100000F0D2F803002370FB681B68FF225A62C2
:100B20001323FB181B78002B03D1FB68292201211A
:100B30009954FB682822002199541323FB181B7831
:100B40001800BD4606B0B0BD3FFFFF0080B586B0BF
:100B500000AFF860B9607A60FB681B685B68214A87
:100B600013407B617B691B0CDAB2BB68DA707B696E
:100B70001B0ADBB21F221340DAB2BB685A707B69D2
:100B8000DBB23F221340DAB2BB689A707B695B0B21
:100B9000DBB207221340DAB2BB681A707B68002B05
:100BA0001AD1BB68DB78180000F0F2F803001A00D5
:100BB000BB68DA70BB685B78180000F0E9F80300E6
:100BC0001A00BB685A70BB689B78180000F0E0F808
:100BD00003001A00BB689A7000231800BD4606B0D7
:100BE00080BDC0463FFFFF0080B584B000AF786095
:100BF0007B681B680E4ADA60FCF768F80300FB604C
:100C00000AE0FCF763F80200FB68D21AFA239B00A3
:100C10009A4201D9032306E07B681B68DB68202227
:100C20001340EED000231800BD4604B080BDC0467E
:100C30005F00010080B584B000AF78600F23FB181F
:100C400000221A707B681B68DB68402213402CD19D
:100C50007B681B68DA687B681B6880210A43DA605E
:100C6000FCF734F80300BB6014E0FCF72FF8020037
:100C7000BB68D21A0F203B18391809781970FA236B
:100C80009B009A4206D93B1803221A707B682922DE
:100C9000032199547B681B68DB684022134004D110
:100CA0000F23FB181B78032BDFD10F23FB181B78B6
:100CB0001800BD4604B080BD90B585B000AF786027
:100CC0000F243B1900221A701C4BDA681B4B802141
:100CD0008A43DA60194B9B69202213400DD17B684F
:100CE0001800FFF781FF031E21D07B682922032112
:100CF00099543B1903221A7019E0104B9A690F4B53
:100D000020218A439A617B681800FFF76DFF031E5C
:100D100007D07B682922032199540F23FB18032253
:100D20001A70064B9A69054B20210A439A610F23DA
:100D3000FB181B781800BD4605B090BD0028004088
:100D400080B584B000AF0200FB1D1A700023FB6069
:100D50000B23FB18FA1D12781A7008E0FB680133A8
:100D6000FB600B22BB18BA1812780A3A1A700B21D2
:100D70007B181B78092BF1D8FB68DBB21B01DAB2B8
:100D80007B181B781343DBB21800BD4604B080BD4E
:100D900080B584B000AF0200FB1D1A70FB1D1B78EC
:100DA0001B09DBB21A0013009B009B185B00FB6061
:100DB000FB68DAB2FB1D1B780F210B40DBB2D318A6
:100DC000DBB21800BD4604B080BD80B586B000AF70
:100DD000F860B9607A60FB681B681A00FB685B68A2
:100DE000D3187B617B690133FF333B61BB689B0098
:100DF0003A69D3183B613B697A681A60C046BD46C0
:100E000006B080BD80B584B000AF786039607B6883
:100E10001B681A007B685B68D318FB60FB680133B2
:100E2000FF33BB603B689B00BA68D318BB60BB68EC
:100E30001B681800BD4604B080BD80B582B000AF0D
:100E400078607B68002B01D101234AE07B683D225A
:100E50009B5CDBB2002B07D17B683C2200219954BC
:100E60007B681800F4F702F97B683D22022199544F
:100E70007B681A687B6804331900100000F0F0FAF0
:100E80007B684822012199547B683E2201219954B4
:100E90007B683F22012199547B68402201219954AB
:100EA0007B684122012199547B6842220121995497
:100EB0007B684322012199547B6844220121995483
:100EC0007B684522012199547B684622012199546F
:100ED0007B684722012199547B683D220121995466
:100EE00000231800BD4602B080BD000080B584B06C
:100EF00000AF78607B683D229B5CDBB2012B01D0A8
:100F000001233FE07B683D22022199547B681B68E6
:100F10001E4A934214D07B681A688023DB059A42EC
:100F20000ED07B681B681A4A934209D07B681B6805
:100F3000184A934204D07B681B68174A934216D123
:100F40007B681B689B68154A1340FB60FB68062B97
:100F500016D0FA6880235B029A4211D07B681B6826
:100F60001A687B681B6801210A431A6008E07B68E5
:100F70001B681A687B681B6801210A431A6000E03D
:100F8000C04600231800BD4604B080BD002C0140BF
:100F9000000400400008004000400140070001003C
:100FA00080B584B000AF78607B683D229B5CDBB28B
:100FB000012B01D0012347E07B683D220221995497
:100FC0007B681B68DA687B681B6801210A43DA606A
:100FD0007B681B681E4A934214D07B681A68802382
:100FE000DB059A420ED07B681B681A4A934209D0EF
:100FF0007B681B68184A934204D07B681B68174AB9
:10100000934216D17B681B689B68154A1340FB60AE
:10101000FB68062B16D0FA6880235B029A4211D037
:101020007B681B681A687B681B6801210A431A6089
:1010300008E07B681B681A687B681B6801210A430B
:101040001A6000E0C04600231800BD4604B080BD11
:10105000002C014000040040000800400040014016
:101060000700010080B584B000AF78607B681B6822
:10107000DB68FB607B681B681B69BB60BB68022286
:10108000134021D0FB68022213401DD07B681B68EF
:10109000032252421A617B6801221A777B681B681F
:1010A0009B690322134004D07B68180000F0C0F94C
:1010B00007E07B68180000F0B3F97B68180000F0C7
:1010C000BFF97B6800221A77BB680422134022D044
:1010D000FB68042213401ED07B681B680522524225
:1010E0001A617B6802221A777B681B689A69C023A1
:1010F0009B00134004D07B68180000F099F907E0CA
:101100007B68180000F08CF97B68180000F098F9F3
:101110007B6800221A77BB680822134021D0FB6845
:10112000082213401DD07B681B68092252421A61B5
:101130007B6804221A777B681B68DB6903221340F3
:1011400004D07B68180000F073F907E07B68180092
:1011500000F066F97B68180000F072F97B680022E5
:101160001A77BB681022134022D0FB68102213406C
:101170001ED07B681B68112252421A617B680822CC
:101180001A777B681B68DA69C0239B00134004D080
:101190007B68180000F04CF907E07B68180000F04D
:1011A0003FF97B68180000F04BF97B6800221A7742
:1011B000BB68012213400CD0FB680122134008D009
:1011C0007B681B68022252421A617B681800F1F7A3
:1011D00003F8BB688022134004D1BA6880239B01C6
:1011E00013400BD0FB688022134007D07B681B683C
:1011F0001E4A1A617B68180000F0E4FABA6880237E
:101200005B0013400BD0FB688022134007D07B6843
:101210001B68174A1A617B68180000F0DBFABB688C
:10122000402213400CD0FB684022134008D07B685A
:101230001B68412252421A617B68180000F008F9CD
:10124000BB68202213400CD0FB682022134008D03A
:101250007B681B68212252421A617B68180000F0EB
:10126000A9FAC046BD4604B080BDC0467FDFFFFF7F
:10127000FFFEFFFF80B584B000AF786039600F23B8
:10128000FB1800221A707B683C229B5C012B01D169
:101290000223BCE07B683C22012199547B683D22FB
:1012A000022199547B681B689B68BB60BB685A4AE3
:1012B0001340BB60BB68594A1340BB607B681B6826
:1012C000BA689A603B681B6880229201934240D0C2
:1012D00080229201934200D988E0802252019342F9
:1012E00000D188E080225201934200D97EE0702B29
:1012F00018D000D97AE0602B4FD000D976E0502B7F
:101300003BD000D972E0402B57D000D96EE0302B93
:1013100063D06BD8202B60D068D8002B5DD0102B09
:101320005BD063E07B6818683B6899683B685A68E3
:101330003B68DB6800F0A8F97B681B689B68BB60B2
:10134000BB6877221343BB607B681B68BA689A60EE
:1013500052E07B6818683B6899683B685A683B684C
:10136000DB6800F091F97B681B689A687B681B68F2
:101370008021C9010A439A603EE07B6818683B6897
:1013800059683B68DB681A0000F002F97B681B684B
:101390005021180000F05CF92EE07B6818683B686B
:1013A00059683B68DB681A0000F020F97B681B680D
:1013B0006021180000F04CF91EE07B6818683B685B
:1013C00059683B68DB681A0000F0E2F87B681B682C
:1013D0004021180000F03CF90EE07B681A683B6879
:1013E0001B681900100000F033F905E00F23FB180B
:1013F00001221A7000E0C0467B683D220121995409
:101400007B683C22002199540F23FB181B7818009D
:10141000BD4604B080BDC04688FFCEFFFF00FFFF81
:1014200080B582B000AF7860C046BD4602B080BDD6
:1014300080B582B000AF7860C046BD4602B080BDC6
:1014400080B582B000AF7860C046BD4602B080BDB6
:1014500080B582B000AF7860C046BD4602B080BDA6
:1014600080B584B000AF786039607B681B68FB6032
:101470007B683F4A93420CD07A688023DB059A420E
:1014800007D07B683B4A934203D07B683A4A934239
:1014900008D1FB6870229343FB603B685B68FA6885
:1014A0001343FB607B68324A93421CD07A688023E6
:1014B000DB059A4217D07B682E4A934213D07B6893
:1014C0002D4A93420FD07B682C4A93420BD07B6805
:1014D0002B4A934207D07B682A4A934203D07B6809
:1014E000294A934208D1FB68284A1340FB603B68B5
:1014F000DB68FA681343FB60FB68802293431A00A1
:101500003B685B691343FB607B68FA681A603B6861
:101510009A687B68DA623B681A687B689A627B68C3
:10152000134A93420BD07B68154A934207D07B68DD
:10153000144A934203D07B68134A934203D13B6819
:101540001A697B681A637B6801225A617B681B6990
:1015500001221340012B06D17B681B6901229343B2
:101560001A007B681A61C046BD4604B080BDC04603
:10157000002C014000040040000800400020004012
:10158000004001400044014000480140FFFCFFFFD3
:1015900080B586B000AFF860B9607A60FB681B6AFE
:1015A0007B61FB681B6A012293431A00FB681A6285
:1015B000FB689B693B613B69F02293433B617B681D
:1015C0001B013A6913433B617B690A2293437B61A8
:1015D0007A69BB6813437B61FB683A699A61FB686F
:1015E0007A691A62C046BD4606B080BD80B586B035
:1015F00000AFF860B9607A60FB681B6A7B61FB68CA
:101600001B6A102293431A00FB681A62FB689B69ED
:101610003B613B690D4A13403B617B681B033A69A0
:1016200013433B617B69A02293437B61BB681B0131
:101630007A6913437B61FB683A699A61FB687A694E
:101640001A62C046BD4606B080BDC046FF0FFFFF10
:1016500080B584B000AF786039607B689B68FB60C0
:10166000FB68084A1340FB603A68FB681343072293
:101670001343FB607B68FA689A60C046BD4604B0BD
:1016800080BDC0468FFFCFFF80B586B000AFF86049
:10169000B9607A603B60FB689B687B617B69094A43
:1016A00013407B613B681A027B681A43BB68134393
:1016B0007A6913437B61FB687A699A60C046BD46CC
:1016C00006B080BDFF00FFFF80B584B000AF78603A
:1016D00039607B683C229B5C012B01D102235AE0DC
:1016E0007B683C22012199547B683D220221995458
:1016F0007B681B685B68FB607B681B689B68BB60E2
:101700007B681B68264A934208D1FB68254A134030
:10171000FB603B685B68FA681343FB60FB68702200
:101720009343FB603B681B68FA681343FB607B686C
:101730001B68FA685A607B681B68194A934214D088
:101740007B681A688023DB059A420ED07B681B6891
:10175000154A934209D07B681B68144A934204D00F
:101760007B681B68124A93420CD1BB68802293436A
:10177000BB603B689B68BA681343BB607B681B68AF
:10178000BA689A607B683D22012199547B683C22AB
:101790000021995400231800BD4604B080BDC04606
:1017A000002C0140FFFF0FFF000400400008004034
:1017B0000040014080B582B000AF7860C046BD46B1
:1017C00002B080BD80B582B000AF7860C046BD4633
:1017D00002B080BD80B582B000AF7860C046BD4623
:1017E00002B080BD80B582B000AF78607B68002B0E
:1017F00001D1012346E07B6888229B58002B07D14A
:101800007B688422002199547B681800F3F7B4FDAB
:101810007B688822242199507B681B681A687B6842
:101820001B6801218A431A607B689B6A002B03D0E6
:101830007B68180001F0D8F87B68180000F07EFD86
:101840000300012B01D101231CE07B681B685A684F
:101850007B681B680D490A405A607B681B689A6860
:101860007B681B682A218A439A607B681B681A6818
:101870007B681B6801210A431A607B68180001F02D
:1018800067F903001800BD4602B080BDFFB7FFFF37
:1018900080B582B000AF78607B68002B01D1012356
:1018A00032E07B688822242199507B681B681A6883
:1018B0007B681B6801218A431A607B681B680022D1
:1018C0001A607B681B6800225A607B681B680022D4
:1018D0009A607B68180000F01BF87B68902200215A
:1018E00099507B688822002199507B688C220021C6
:1018F00099507B680022DA667B6800221A677B6851
:1019000084220021995400231800BD4602B080BDF6
:1019100080B582B000AF7860C046BD4602B080BDE1
:1019200080B58AB002AFF860B9603B60BB1D1A8019
:10193000FB6888229B58202B00D090E0BB68002BCE
:1019400003D0BB1D1B88002B01D1012388E0FB685D
:101950009A6880235B019A4209D1FB681B69002BBE
:1019600005D1BB680122134001D0012378E0FB6858
:10197000902200219950FB68882221219950FBF781
:10198000A5F903007B61FB68BA1D542112885A52E5
:10199000FB68BA1D562112885A52FB689A68802348
:1019A0005B019A4208D1FB681B69002B04D100231C
:1019B000FB61BB68BB6103E0BB68FB610023BB61EB
:1019C00030E07A69F8683B680093130000228021B8
:1019D00001F068F9031E05D0FB6888222021995088
:1019E00003233DE0FB69002B0BD1BB691B881A0068
:1019F000FB681B68D205D20D9A62BB690233BB61DA
:101A000007E0FB691A78FB681B689A62FB6901337F
:101A1000FB61FB6856229B5A9BB2013B99B2FB6863
:101A200056229952FB6856229B5A9BB2002BC8D172
:101A30007A69F8683B68009313000022402101F0A6
:101A400031F9031E05D0FB68882220219950032319
:101A500006E0FB68882220219950002300E0022341
:101A60001800BD4608B080BD80B58CB000AFF860EE
:101A7000B960BB1D1A80FB6888229B58202B00D0C0
:101A80008DE0BB68002B03D0BB1D1B88002B01D150
:101A9000012385E0FB689A6880235B019A4209D1A3
:101AA000FB681B69002B05D1BB680122134001D0E4
:101AB000012375E0FB68BA681A65FB68BA1D5421FA
:101AC00012885A52FB68BA1D562112885A52FB6876
:101AD00000229A67FB68902200219950FB688822B7
:101AE00021219950FB685A6E80239B059A422AD186
:101AF000FB689A6880235B019A4207D1FB681B69E7
:101B0000002B03D1FB68284A9A6702E0FB68274A4A
:101B10009A67EFF31083FB61FB69BB6201233B62B1
:101B20003B6A83F31088C046FB681B689A68FB68B1
:101B30001B68802109040A439A60BB6A7B627B6A46
:101B400083F3108829E0FB689A6880235B019A423E
:101B500007D1FB681B69002B03D1FB68144A9A6705
:101B600002E0FB68134A9A67EFF310833B613B691D
:101B7000FB6201237B617B6983F31088C046FB68AD
:101B80001B681A68FB681B6880210A431A60FB6A9D
:101B9000BB61BB6983F31088C046002300E00223C9
:101BA0001800BD460CB080BDA1340208B533020850
:101BB000F73202084332020880B58CB000AF78607B
:101BC0007B6888229B58FB627B688C229B58BB6297
:101BD0007B681B689B6880221340802B38D1FB6A8E
:101BE000212B35D1EFF310837B617B697B6201236D
:101BF000BB61BB6983F31088C0467B681B689A6829
:101C00007B681B6880218A439A607B6AFB61FB6961
:101C100083F31088C0467B68DB6F002B14D07B6891
:101C2000DB6F1800FCF7E4FE031E0DD07B68DB6F52
:101C30001800FDF769F80300202B05D17B6890227E
:101C400010219950032347E07B68180001F040F908
:101C50007B681B689B6840221340402B3BD1BB6ACA
:101C6000222B38D1EFF31083BB60BB683B620123AA
:101C7000FB60FB6883F31088C0467B681B689A682A
:101C80007B681B6840218A439A603B6A3B613B69E1
:101C900083F31088C0467B6880229B58002B16D0A7
:101CA0007B6880229B581800FCF7A2FE031E0ED012
:101CB0007B6880229B581800FDF726F80300202B34
:101CC00005D17B68902210219950032304E07B68A2
:101CD000180001F03DF900231800BD460CB080BD8E
:101CE000B0B5AAB000AF78607B681B68DB69A4223E
:101CF000B9180B607B681B681B68A02039180B6043
:101D00007B681B689B689C2439190B601100BB1809
:101D10001B68A24A13409822BD182B60BB181B6891
:101D2000002B1AD17B181B682022134015D03B18BA
:101D30001B682022134005D13B191A6880235B05DC
:101D400013400AD07B685B6F002B00D1DCE27B681C
:101D50005B6F7A6810009847D6E29823FB181B68DF
:101D6000002B00D122E19C23FB181B688C4A1340F6
:101D700006D1A023FB181B688A4A134000D115E145
:101D8000A423FB181B680122134012D0A023FB18C8
:101D90001A6880235B0013400BD07B681B6801220C
:101DA0001A627B6890229B5801221A437B6890211B
:101DB0005A50A423FB181B680222134011D09C2305
:101DC000FB181B68012213400BD07B681B680222A2
:101DD0001A627B6890229B5804221A437B689021E8
:101DE0005A50A423FB181B680422134011D09C23D3
:101DF000FB181B68012213400BD07B681B68042270
:101E00001A627B6890229B5802221A437B689021B9
:101E10005A50A423FB181B680822134017D0A02394
:101E2000FB181B682022134005D19C23FB181B685C
:101E30005B4A13400BD07B681B6808221A627B68E0
:101E400090229B5808221A437B6890215A50A42361
:101E5000FB181A6880231B01134013D0A023FB1822
:101E60001A688023DB0413400CD07B681B68802237
:101E700012011A627B6890229B5820221A437B68C9
:101E800090215A507B6890229B58002B00D13DE254
:101E9000A423FB181B682022134015D0A023FB1895
:101EA0001B682022134006D19C23FB181A6880234C
:101EB0005B05134008D07B685B6F002B04D07B6808
:101EC0005B6F7A68100098477B6890229B5894213A
:101ED0007A1813607B681B689B6840221340402B74
:101EE00004D07B181B68282213404CD07B68180054
:101EF00001F02EF87B681B689B6840221340402B42
:101F00003CD1EFF310833B663B6E90203A18136090
:101F100001237B667B6E83F31088C0467B681B6859
:101F20009A687B681B6840218A439A603B181B684B
:101F3000BB66BB6E83F31088C0467B6880229B58CB
:101F4000002B16D07B6880229B58174A9A637B68C7
:101F500080229B581800FCF7ABFD031E1CD07B6849
:101F600080229B589B6B7A688021525810009847BA
:101F700012E07B681800F2F73BFC0DE07B6818006C
:101F8000F2F736FC08E07B681800F2F731FC7B685A
:101F9000902200219950B9E1C046B7E10F08000036
:101FA0000100001020010004153202087B68DB6E7E
:101FB000012B00D03EE1A423FB181B681022134024
:101FC00000D137E1A023FB181B681022134000D179
:101FD00030E17B681B6810221A627B681B689B6873
:101FE00040221340402B00D0A4E07B6880229B5805
:101FF0001B685A687E217B181A807B181B88002B6F
:1020000000D185E17B685C229B5A7A1812889A423B
:1020100000D37DE17B687A185E2112885A527B6872
:1020200080229B581B681B682022134070D1EFF35D
:1020300010833B633B6BBB6701237B637B6B83F349
:102040001088C0467B681B681A687B681B68B449A7
:102050000A401A60BB6FBB63BB6B83F31088C0463A
:10206000EFF31083FB63FB6B7B6701233B643B6CEB
:1020700083F31088C0467B681B689A687B681B687E
:1020800001218A439A607B6F7B647B6C83F31088A9
:10209000C046EFF31083BB64BB6C3B670123FB645A
:1020A000FB6C83F31088C0467B681B689A687B686A
:1020B0001B6840218A439A603B6F3B653B6D83F30D
:1020C0001088C0467B688C22202199507B680022B2
:1020D000DA66EFF310837B657B6DFB660123BB65DE
:1020E000BB6D83F31088C0467B681B681A687B68E9
:1020F0001B6810218A431A60FB6EFB65FB6D83F33E
:102100001088C0467B6880229B581800FCF770FC42
:102110007B6802221A677B685C229A5A7B685E2180
:102120005B5A9BB2D31A9AB27B6811001800F2F77F
:10213000F5F8EDE07B685C22995A7B685E229B5A39
:102140009AB28E203B188A1A1A807B685E229B5AAC
:102150009BB2002B00D1DDE03B181B88002B00D187
:10216000D8E0EFF31083FB60FB6888243A19136012
:1021700001233B613B6983F31088C0467B681B6881
:102180001A687B681B6867490A401A603B191B681C
:102190007B617B6983F31088C046EFF31083BB61DA
:1021A000BB6984243A1913600123FB61FB6983F343
:1021B0001088C0467B681B689A687B681B685A4910
:1021C0000A409A603B191B683B623B6A83F31088A4
:1021D000C0467B688C22202199507B680022DA66F9
:1021E0007B6800225A67EFF310837B627B6A80244E
:1021F0003A1913600123BB62BB6A83F31088C0469F
:102200007B681B681A687B681B6810218A431A6008
:102210003B191B68FB62FB6A83F31088C0467B682E
:1022200002221A673B181A887B6811001800F2F71F
:1022300075F86FE0A423FB181A6880235B03134032
:1022400010D09C23FB181A688023DB03134009D0AD
:102250007B681B68802252031A627B681800F2F7C1
:1022600039FB5AE0A423FB181B688022134016D0C8
:10227000A023FB181B688022134006D19C23FB1867
:102280001A6880231B04134009D07B689B6F002BC6
:1022900042D07B689B6F7A68100098473CE0A4238B
:1022A000FB181B68402213400AD0A023FB181B68B0
:1022B0004022134004D07B68180001F06BF92CE039
:1022C000A423FB181A6880231B0413400BD0A023FF
:1022D000FB181A688023DB05134004D07B681800C4
:1022E00001F08CF919E0A423FB181A6880235B0421
:1022F000134012D0A023FB181B68002B0DDA7B685B
:10230000180001F073F908E0C04606E0C04604E09A
:10231000C04602E0C04600E0C046BD462AB0B0BD9F
:10232000FFFEFFFFDFFEFFFFFEFFFFEF80B582B085
:1023300000AF7860C046BD4602B080BDB0B590B079
:1023400000AF78621A2320229B18DB1900221A7032
:102350007B6A9A687B6A1B691A437B6A5B691A43CA
:102360007B6ADB691343FB637B6A1B681B68C14A9A
:10237000134019007B6A1A68FB6B0B4313607B6A7E
:102380001B685B68BC4A134018007B6AD9687B6A8B
:102390001A6803000B4353607B6A9B69FB637B6A8B
:1023A0001B68B64A934209D07B6A1B68B44A9342C1
:1023B00004D07B6A1B6AFA6B1343FB637B6A1B685E
:1023C0009B68B04A134019007B6A1A68FB6B0B4389
:1023D00093607B6A1B68DB6A0F22934318007B6A59
:1023E000596A7B6A1A6803000B43D3627B6A1B68D5
:1023F000A54A934231D1A54B5B6D03221340032BB9
:102400001DD023D8022B0CD020D8002B02D0012BBA
:102410000ED01BE01B2320229B18DB1900221A7010
:1024200054E11B2320229B18DB1902221A704DE174
:102430001B2320229B18DB1904221A7046E11B2360
:1024400020229B18DB1908221A703FE11B2320224F
:102450009B18DB1910221A7038E17B6A1B688C4AC2
:10246000934231D1894B5B6D0C2213400C2B1DD054
:1024700023D8082B0CD020D8002B02D0042B0ED050
:102480001BE01B2320229B18DB1900221A701DE180
:102490001B2320229B18DB1902221A7016E11B2332
:1024A00020229B18DB1904221A700FE11B23202223
:1024B0009B18DB1908221A7008E11B2320229B18A5
:1024C000DB1910221A7001E17B6A1B68714A934282
:1024D00031D16E4B5B6D30221340302B1DD023D891
:1024E000202B0CD020D8002B02D0102B0ED01BE0BC
:1024F0001B2320229B18DB1900221A70E6E01B2305
:1025000020229B18DB1902221A70DFE01B232022F5
:102510009B18DB1904221A70D8E01B2320229B1879
:10252000DB1908221A70D1E01B2320229B18DB192B
:1025300010221A70CAE07B6A1B68574A934206D180
:102540001B2320229B18DB1900221A70BEE07B6A35
:102550001B68524A934206D11B2320229B18DB1989
:1025600000221A70B2E07B6A1B684D4A934206D182
:102570001B2320229B18DB1900221A70A6E07B6A1D
:102580001B683E4A93423ED1404B5A6DC0231B010B
:102590001340C0221201934227D0C022120193425D
:1025A0002AD880221201934211D080221201934234
:1025B00022D8002B04D08022D20093420ED01BE000
:1025C0001B2320229B18DB1900221A707EE01B239C
:1025D00020229B18DB1902221A7077E01B2320228D
:1025E0009B18DB1904221A7070E01B2320229B1811
:1025F000DB1908221A7069E01B2320229B18DB19C3
:1026000010221A7062E07B6A1B681D4A934257D100
:102610001E4B5A6DC0239B001340C0229200934270
:1026200040D0C0229200934243D88022920093422D
:1026300011D08022920093423BD8002B04D08022FC
:10264000520093420ED034E01B2320229B18DB194A
:1026500000221A703AE01B2320229B18DB19022269
:102660001A7033E01B2320229B18DB1904221A70F6
:102670002CE0C046F369FFCFFFCFFFFF0080004092
:1026800000840040FFF4FF110038014000100240B8
:102690000044004000480040004C00400050004012
:1026A000003C01401B2320229B18DB1908221A70D2
:1026B0000CE01B2320229B18DB1910221A7005E066
:1026C0001B2320229B18DB1910221A707B6A1B68BF
:1026D000C14A934205D07B6A1B68C04A934200D02E
:1026E00093E01B2320229B18DB191B78082B15D0A5
:1026F00018DC042B0DD015DC002B02D0022B05D0EA
:1027000010E0FDF7FDFC03007B6314E0B44B7B633A
:1027100011E0FDF769FC03007B630CE080231B02E2
:102720007B6308E000237B631A2320229B18DB19BC
:1027300001221A70C0467B6B002B00D135E17B6A09
:102740005A6AA84B5200D35A1900786BDDF702FD84
:102750000300BB627B6A5A6813005B009B18BA6A6D
:102760009A4205D37B6A5B681B03BA6A9A4206D910
:102770001A2320229B18DB1901221A7044E07B6B7C
:10278000BB610023FB617B6A5A6A964B5200D35AA5
:102790003B6100237B613A697B69B869F969DDF7C0
:1027A000C7FE02000B00110E1D020D4314027B6ACE
:1027B0005B685B08BB600023FB60B868F9680019C0
:1027C00069417B6A5B683B6000237B603A687B6899
:1027D000DDF7AEFE02000B0013003B633A6BC02333
:1027E0009B009A4209D33A6B80235B039A4204D23E
:1027F0007B6A1B683A6BDA6006E01A2320229B187A
:10280000DB1901221A70D0E0CFE07B6ADA698023FD
:102810001B029A4200D070E01B2320229B18DB1978
:102820001B78082B15D018DC042B0DD015DC002BE1
:1028300002D0022B05D010E0FDF762FC03007B63A1
:1028400014E0674B7B6311E0FDF7CEFB03007B6375
:102850000CE080231B027B6308E000237B631A23C8
:1028600020229B18DB1901221A70C0467B6B002BBB
:1028700000D19AE07B6A5A6A5A4B5200D35A190027
:10288000786BDDF767FC03005A007B6A5B685B08C6
:10289000D2187B6A5B6819001000DDF75BFC03004F
:1028A0003B633B6B0F2B21D93A6B80235B029A422F
:1028B0001CD23B6B9AB20E2020240319DB190F2186
:1028C0008A431A803B6B5B089BB20722134099B284
:1028D0000319DB190219D21912880A431A807B6A7C
:1028E0001B680219D2191288DA605EE01A232022CE
:1028F0009B18DB1901221A7057E01B2320229B181A
:10290000DB191B78082B15D018DC042B0DD015DC37
:10291000002B02D0022B05D010E0FDF7F1FB0300E5
:102920007B6314E02E4B7B6311E0FDF75DFB03003E
:102930007B630CE080231B027B6308E000237B6346
:102940001A2320229B18DB1901221A70C0467B6BC8
:10295000002B2AD07B6A5A6A224B5200D35A1900A4
:10296000786BDDF7F7FB03001A007B6A5B685B0896
:10297000D2187B6A5B6819001000DDF7EBFB0300DF
:102980003B633B6B0F2B0AD93A6B80235B029A4265
:1029900005D23B6B9AB27B6A1B68DA6005E01A23AA
:1029A00020229B18DB1901221A707B6A6A220121FE
:1029B00099527B6A6822012199527B6A00225A67E8
:1029C0007B6A00229A671A2320229B18DB191B7846
:1029D0001800BD4610B0B0BD00800040008400402B
:1029E0000024F400E4D0020880B582B000AF786023
:1029F0007B689B6A082213400BD07B681B685B686E
:102A00004A4A134019007B689A6B7B681B680A432B
:102A10005A607B689B6A012213400BD07B681B685D
:102A20005B68434A134019007B68DA6A7B681B685D
:102A30000A435A607B689B6A022213400BD07B6872
:102A40001B685B683B4A134019007B681A6B7B6804
:102A50001B680A435A607B689B6A042213400BD0B0
:102A60007B681B685B68344A134019007B685A6BAB
:102A70007B681B680A435A607B689B6A102213407C
:102A80000BD07B681B689B682C4A134019007B683D
:102A9000DA6B7B681B680A439A607B689B6A20221A
:102AA00013400BD07B681B689B68254A13401900B4
:102AB0007B681A6C7B681B680A439A607B689B6A18
:102AC000402213401DD07B681B685B681D4A134081
:102AD00019007B685A6C7B681B680A435A607B68E4
:102AE0005A6C80235B039A420BD17B681B685B683E
:102AF000154A134019007B689A6C7B681B680A436F
:102B00005A607B689B6A802213400BD07B681B68ED
:102B10005B680E4A134019007B68DA6C7B681B689F
:102B20000A435A60C046BD4602B080BDFF7FFFFF2A
:102B3000FFFFFDFFFFFFFEFFFFFFFBFFFFEFFFFFBC
:102B4000FFDFFFFFFFFFEFFFFFFF9FFFFFFFF7FF2D
:102B500080B592B002AF78607B68902200219950D6
:102B6000FAF7B4F80300FB637B681B681B68082254
:102B70001340082B2DD1FB6B802291037868474AC4
:102B80000092002200F08EF8031E22D0EFF3108393
:102B90007B627B6ABB630123BB62BB6A83F31088E1
:102BA000C0467B681B681A687B681B6880218A4363
:102BB0001A60BB6BFB62FB6A83F31088C0467B68BC
:102BC0008822202199507B68842200219954032374
:102BD00060E07B681B681B6804221340042B46D10D
:102BE000FB6B8022D10378682C4A0092002200F00F
:102BF00059F8031E3BD0EFF31083FB60FB687B6347
:102C000001233B613B6983F31088C0467B681B68E6
:102C10001A687B681B6822490A401A607B6B7B61DB
:102C20007B6983F31088C046EFF31083BB61BB69F7
:102C30003B630123FB61FB6983F31088C0467B681B
:102C40001B689A687B681B6801218A439A603B6B0A
:102C50003B623B6A83F31088C0467B688C2220214C
:102C600099507B68842200219954032312E07B68E9
:102C70008822202199507B688C22202199507B68E2
:102C80000022DA667B6800221A677B6884220021B2
:102C9000995400231800BD4610B080BDFFFFFF010E
:102CA000DFFEFFFF80B584B000AFF860B9603B6025
:102CB000FB1D1A7051E0BB6901334ED0FAF706F8DC
:102CC00002003B68D31ABA699A4202D3BB69002B4F
:102CD00001D1032351E0FB681B681B6804221340E9
:102CE0003BD0BB68802B38D0BB68402B35D0FB680D
:102CF0001B68DB6908221340082B11D1FB681B6895
:102D000008221A62FB68180000F022F9FB68902282
:102D100008219950FB6884220021995401232CE05A
:102D2000FB681B68DA6980231B011A4080231B01A2
:102D30009A4212D1FB681B68802212011A62FB685A
:102D4000180000F005F9FB68902220219950FB68DB
:102D500084220021995403230FE0FB681B68DB6980
:102D6000BA681340BA68D31A5A425341DBB21A0008
:102D7000FB1D1B789A429ED000231800BD4604B06C
:102D800080BD000080B590B000AFF860B960BB1D99
:102D90001A80FB68BA689A65FB68BA1D5C211288C4
:102DA0005A52FB68902200219950FB688C22222104
:102DB0009950FB6880229B58002B2DD0FB68802205
:102DC0009B58404ADA62FB6880229B583E4A1A634D
:102DD000FB6880229B583D4A5A63FB6880229B58BF
:102DE00000229A63FB6880229858FB681B68243392
:102DF0001900FB689B6D1A00BB1D1B88FBF772FD59
:102E0000031E09D0FB68902210219950FB688C2288
:102E100020219950012350E0FB681B69002B19D039
:102E2000EFF31083BB62BB6AFB630123FB62FB6AA7
:102E300083F31088C046FB681B681A68FB681B6830
:102E4000802149000A431A60FB6B3B633B6B83F3B1
:102E50001088C046EFF310833B613B69BB630123DD
:102E60007B617B6983F31088C046FB681B689A68A6
:102E7000FB681B6801210A439A60BB6BBB61BB699D
:102E800083F31088C046EFF31083FB61FB697B631B
:102E900001233B623B6A83F31088C046FB681B68D2
:102EA0009A68FB681B6840210A439A607B6B7B62CF
:102EB0007B6A83F31088C04600231800BD4610B01B
:102EC00080BDC0461D3002084D3102088F31020816
:102ED00080B58AB000AF7860EFF31083BB60BB6849
:102EE0007B620123FB60FB6883F31088C0467B682C
:102EF0001B681A687B681B68C0218A431A607B6A5A
:102F00003B613B6983F31088C046EFF310837B611C
:102F10007B693B620123BB61BB6983F31088C046B8
:102F20007B681B689A687B681B6808490A409A603E
:102F30003B6AFB61FB6983F31088C0467B6888228B
:102F400020219950C046BD460AB080BDFFFF7FFFDB
:102F500080B58EB000AF7860EFF310837B617B6942
:102F60007B630123BB61BB6983F31088C0467B6828
:102F70001B681A687B681B6826490A401A607B6BCD
:102F8000FB61FB6983F31088C046EFF310833B625B
:102F90003B6A3B6301237B627B6A83F31088C046F4
:102FA0007B681B689A687B681B681B490A409A60AB
:102FB0003B6BBB62BB6A83F31088C0467B68DB6EE9
:102FC000012B18D1EFF31083BB60BB68FB620123B8
:102FD000FB60FB6883F31088C0467B681B681A6837
:102FE0007B681B6810218A431A60FB6A3B613B695E
:102FF00083F31088C0467B688C22202199507B681F
:103000000022DA667B6800225A67C046BD460EB0D1
:1030100080BDC046DFFEFFFFFEFFFFEF80B594B02E
:1030200000AF78607B689B6AFB647B681B681B68E9
:10303000202213406FD1FB6C5E2200219952EFF3E6
:103040001083BB61BB69BB640123FB61FB6983F334
:103050001088C046FB6C1B681A68FB6C1B683A49F9
:103060000A401A60BB6C3B623B6A83F31088C0461F
:10307000EFF310837B627B6A7B640123BB62BB6AD4
:1030800083F31088C046FB6C1B689A68FB6C1B6856
:1030900001218A439A607B6CFB62FB6A83F3108890
:1030A000C046EFF310833B633B6B3B6401237B63C0
:1030B0007B6B83F31088C046FB6C1B689A68FB6CC3
:1030C0001B6840218A439A603B6CBB63BB6B83F3F4
:1030D0001088C046FB6C8C2220219950FB6CDB6E63
:1030E000012B18D1EFF31083FB60FB68FB63012316
:1030F0003B613B6983F31088C046FB6C1B681A6810
:10310000FB6C1B6810218A431A60FB6B7B617B6937
:1031100083F31088C046FB6C00221A67FB6CDB6EE1
:10312000012B08D1FB6C5C229A5AFB6C1100180031
:10313000F1F7F4F803E0FB6C1800F1F7C3FBC046AD
:10314000BD4614B080BDC046FFFEFFFF80B584B011
:1031500000AF78607B689B6AFB60FB6801221A679E
:10316000FB68DB6E012B0AD1FB685C229B5A5B0873
:103170009AB2FB6811001800F1F7D0F803E0FB6881
:103180001800FFF7D3F8C046BD4604B080BD80B537
:1031900086B000AF78607B689B6A7B617B69882220
:1031A0009B583B617B698C229B58FB607B691B6849
:1031B0009B6880221340802B0AD13B69212B07D1C9
:1031C0007B695622002199527B691800FFF780FE27
:1031D0007B691B689B6840221340402B0AD1FB6827
:1031E000222B07D17B695E22002199527B6918004E
:1031F000FFF7AEFE7B6990229B5810221A437B6931
:1032000090215A507B691800F1F7F2FAC046BD468A
:1032100006B080BD80B584B000AF78607B689B6AE3
:10322000FB60FB685E2200219952FB685622002158
:103230009952FB681800F1F7DBFAC046BD4604B0AE
:1032400080BD80B58AB000AF78607B6888229B58CB
:10325000212B4CD17B6856229B5A9BB2002B32D13A
:10326000EFF31083BB60BB687B620123FB60FB68EC
:1032700083F31088C0467B681B681A687B681B68EC
:1032800080218A431A607B6A3B613B6983F3108823
:10329000C046EFF310837B617B693B620123BB6116
:1032A000BB6983F31088C0467B681B681A687B681B
:1032B0001B6840210A431A603B6AFB61FB6983F388
:1032C0001088C04613E07B681B6D1A787B681B680A
:1032D0009A627B681B6D5A1C7B681A657B68562254
:1032E0009B5A9BB2013B99B27B6856229952C046C9
:1032F000BD460AB080BD80B58CB000AF78607B68F9
:1033000088229B58212B51D17B6856229B5A9BB215
:10331000002B32D1EFF31083FB60FB68BB6201230B
:103320003B613B6983F31088C0467B681B681A6861
:103330007B681B6880218A431A60BB6A7B617B695A
:1033400083F31088C046EFF31083BB61BB697B62D7
:103350000123FB61FB6983F31088C0467B681B680F
:103360001A687B681B6840210A431A607B6A3B62CB
:103370003B6A83F31088C04618E07B681B6DFB62D4
:10338000FB6A1B881A007B681B68D205D20D9A6203
:103390007B681B6D9A1C7B681A657B6856229B5A5A
:1033A0009BB2013B99B27B6856229952C046BD46FA
:1033B0000CB080BD80B58CB000AF78607B6888228F
:1033C0009B58212B65D12E23FB187A686A21525A0B
:1033D0001A8059E07B6856229B5A9BB2002B33D14E
:1033E000EFF31083FB60FB68BB6201233B613B6929
:1033F00083F31088C0467B681B689A687B681B68EB
:1034000026490A409A60BB6A7B617B6983F3108816
:10341000C046EFF31083BB61BB697B620123FB6194
:10342000FB6983F31088C0467B681B681A687B6859
:103430001B6840210A431A607B6A3B623B6A83F344
:103440001088C046C04624E07B681B68DB69802288
:10345000134013D07B681B6D1A787B681B689A62D7
:103460007B681B6D5A1C7B681A657B6856229B5AC9
:103470009BB2013B99B27B68562299522E217B1850
:103480001A887B18013A1A802E23FB181B88002B00
:10349000A0D1C046BD460CB080BDC046FFFF7FFF37
:1034A00080B58CB000AF78607B6888229B58212B58
:1034B0006AD12E23FB187A686A21525A1A805EE07C
:1034C0007B6856229B5A9BB2002B33D1EFF31083BB
:1034D000BB60BB687B620123FB60FB6883F31088E1
:1034E000C0467B681B689A687B681B6828490A404D
:1034F0009A607B6A3B613B6983F31088C046EFF3B7
:1035000010837B617B693B620123BB61BB6983F3F1
:103510001088C0467B681B681A687B681B6840215E
:103520000A431A603B6AFB61FB6983F31088C0465B
:10353000C04629E07B681B68DB698022134018D0F5
:103540007B681B6DBB62BB6A1B881A007B681B68AB
:10355000D205D20D9A627B681B6D9A1C7B681A6536
:103560007B6856229B5A9BB2013B99B27B685622DC
:1035700099522E217B181A887B18013A1A802E2323
:10358000FB181B88002B9BD1C046BD460CB080BDEC
:10359000FFFF7FFF80B586B000AF7860EFF3108348
:1035A000BB60BB687B610123FB60FB6883F3108811
:1035B000C0467B681B681A687B681B6840218A4389
:1035C0001A607B693B613B6983F31088C0467B6866
:1035D0008822202199507B6800229A677B68180016
:1035E000F1F7E2F8C046BD4606B080BD80B582B0B6
:1035F00000AF7860C046BD4602B080BD80B582B0E5
:1036000000AF7860C046BD4602B080BD80B588B0CE
:1036100002AFF8603B1D19605A601723FB180022A7
:103620001A70FB6884229B5C012B01D102234CE0C1
:10363000FB68842201219954FB6888222421995037
:10364000FB681B681A68FB681B6801218A431A60C3
:10365000FB681B689B681F4A134019003B1D1A68D2
:10366000FB681B680A439A603B1D1B68002B05D151
:103670003B1DF86819685A6800F0B6F9FB681B68CA
:103680001A68FB681B6801210A431A60F9F71EFBE0
:1036900003003B613B698022D103F8680E4A009227
:1036A0000022FFF7FFFA031E04D01723FB180322A2
:1036B0001A7003E0FB68882220219950FB6884225D
:1036C000002199541723FB181B781800BD4606B03B
:1036D00080BDC046FFFFCFFFFFFFFF0180B586B072
:1036E00000AF78607B6884229B5C012B01D10223B0
:1036F00021E07B68842201219954EFF31083BB60A1
:10370000BB687B610123FB60FB6883F31088C046C4
:103710007B681B681A687B681B6802210A431A6071
:103720007B693B613B6983F31088C0467B688422D8
:103730000021995400231800BD4606B080BD80B515
:1037400086B000AF78607B6884229B5C012B01D13E
:10375000022321E07B68842201219954EFF3108336
:10376000BB60BB687B610123FB60FB6883F310884F
:10377000C0467B681B681A687B681B6802218A4305
:103780001A607B693B613B6983F31088C0467B68A4
:1037900084220021995400231800BD4606B080BD44
:1037A00080B584B000AF78607B6884229B5C012B7D
:1037B00001D1022327E07B688422012199547B6890
:1037C0008822242199507B681B681B68FB607B68FA
:1037D0001B681A687B681B6801218A431A60FB68B2
:1037E0000B4A1340FB607B6800225A667B681B68AB
:1037F000FA681A607B688822202199507B688422AD
:103800000021995400231800BD4604B080BDC04675
:10381000FFFFFFDF80B584B000AF786039607B6860
:1038200084229B5C012B01D102232EE07B68842241
:10383000012199547B688822242199507B681B6858
:103840001B68FB607B681B681A687B681B6801212A
:103850008A431A607B681B689B68DB00D9087B6819
:103860001B683A680A439A607B68180000F0E0F829
:103870007B681B68FA681A607B688822202199504F
:103880007B6884220021995400231800BD4604B0AF
:1038900080BD000080B584B000AF786039607B687F
:1038A00084229B5C012B01D102232FE07B688422C0
:1038B000012199547B688822242199507B681B68D8
:1038C0001B68FB607B681B681A687B681B680121AA
:1038D0008A431A607B681B689B680E4A1340190074
:1038E0007B681B683A680A439A607B68180000F09E
:1038F0009FF87B681B68FA681A607B688822202121
:1039000099507B6884220021995400231800BD46F9
:1039100004B080BDFFFFFFF1B0B58AB000AFF86022
:10392000B960BB1D1A80FB688C229B58202B56D196
:10393000BB68002B03D0BB1D1B88002B01D10123CA
:103940004EE0FB689A6880235B019A4209D1FB68CC
:103950001B69002B05D1BB680122134001D0012354
:103960003EE0FB680122DA66FB6800221A67272521
:103970007C19BB1D1A88B968FB681800FFF702FAAA
:10398000030023707B191B78002B24D1FB68DB6EAE
:10399000012B1CD1FB681B6810221A62EFF3108305
:1039A0007B617B693B620123BB61BB6983F3108848
:1039B000C046FB681B681A68FB681B6810210A4335
:1039C0001A603B6AFB61FB6983F3108803E02723DD
:1039D000FB1801221A702723FB181B7800E0022332
:1039E0001800BD460AB0B0BD80B584B000AFF86025
:1039F0003B1D19605A60FB681B685B68102293438B
:103A00001A003B1D9B881900FB681B680A435A601B
:103A1000FB681B685B681B02190A3B1D9B791A0631
:103A2000FB681B680A435A60C046BD4604B080BDAF
:103A3000F0B585B000AF78607B685B6E002B08D175
:103A40007B686A22012199527B6868220121995280
:103A500043E00F26BB1908221A700E203B180822DB
:103A60001A707B681B689B685B0EDAB20D243B19E9
:103A700007210A401A707B681B689B685B0FDAB2EB
:103A80000C257B1907210A401A703B181B787A19FC
:103A9000127814498A5C5A4310007B191B78124A29
:103AA000D35C1900DCF7E0FB030099B27B686A2263
:103AB0009952BB191B783A1912780A498A5C5A4301
:103AC00010003B191B78084AD35C1900DCF7CCFBCB
:103AD000030099B27B6868229952C046BD4605B082
:103AE000F0BDC04604D102080CD1020880B500AF79
:103AF000E0F7A2FEFEE780B582B000AF786002205A
:103B0000EEF7ACFB0120EEF719FCFBE780B584B0C3
:103B100000AFF860B9607A6001235B421800BD46CF
:103B200004B080BD80B584B000AFF860B9607A6041
:103B300001235B421800BD4604B080BD80B584B04F
:103B400000AFF860B9607A6001235B421800BD469F
:103B500004B080BD80B582B000AF786039600123C9
:103B60005B421800BD4602B080BD80B582B000AF98
:103B7000786000231800BD4602B080BD80B500AF5C
:103B800001231800BD4680BD80B582B000AF7860CB
:103B900039603B68802292015A6000231800BD46BC
:103BA00002B080BD80B582B000AF786001235B4277
:103BB0001800BD4602B080BD10B5002101F01AFA10
:103BC00010BD10B50A22002101F0ACFA10BD10B5ED
:103BD0000A22002101F0A6FA10BD000010B5034B27
:103BE0000100186800F00EF810BDC046EC07002078
:103BF00010B5034B0100186801F084FD10BDC046EC
:103C0000EC070020F0B50D0087B00B350190162DA4
:103C100009D907239D4307D50C23019A136000247B
:103C2000200007B0F0BD1025A942F5D8019800F09A
:103C3000F9F9FC23BA4E5B009D421DD22A000832DE
:103C4000B218110054680839EB088C4203D1D468CB
:103C50000233A24226D003226368A1689343E2683C
:103C6000E318CA609160012259680A435A600198BA
:103C700000F0E0F90834D3E73F236A0A03D0042AAE
:103C800026D8AB09383303229446D9008919CC6869
:103C90008C4206D0604662688243571B0F2F2FDD8F
:103CA000013B013334699F498C4250D00320626844
:103CB0008243501B0F2831DD012367191D43034345
:103CC000656077613761F960B9607B60A050CEE7CD
:103CD000142A02D813005B33D5E7542A02D82B0BE1
:103CE0006E33D0E7AA235B009A4202D8EB0B7733FE
:103CF000C9E78D497E238A42C5D8AB0C7C33C2E725
:103D0000E068002F08DBA368D86083600123A21855
:103D100051680B435360AAE70400B9E77161316150
:103D20000028F3DA71688C46802189008A4200D32A
:103D30008AE0D10850090122824060460243726045
:103D4000CA0092199168E260A1609460CC6001227F
:103D5000734899108A404168914226D30A4205D19E
:103D60000324A343520004330A42FBD0DE00861929
:103D7000B44602936146CC68644500D09BE00834A9
:103D8000A44603240299013102912142F2D1234237
:103D900000D0B7E0436893434360614B52005968D9
:103DA000914202D3002A00D0B8E003228368029334
:103DB0005B6893430393AB4203D35A1B0F2A00DD86
:103DC0001FE1029B039A08209E18584B1B68103372
:103DD0005F1901F00BFC564B04901B68013303D0B4
:103DE000013F3B1847421F403900019801F0AAFBF0
:103DF0000400431C00D1DAE0864204D9484B029A01
:103E00009A4200D0D3E04B4A1368FB181360049A1F
:103E1000013AA64200D093E0164200D090E0404B19
:103E20009A68039BDF1901233B435360414B424A8D
:103E30001B6811688B4200D91360404A11688B429D
:103E400000D8B4E01360B2E0500A042811D89109F8
:103E50003831CF00BF19B868874225D101228910B7
:103E60008A4061460A437260E760A060BC60C4603B
:103E70006DE7142802D801005B31EAE7542802D824
:103E8000110B6E31E5E7AA214900884202D8D10B17
:103E90007731DEE7244F7E21B842DAD8910C7C31AD
:103EA000D7E78068874204D003264168B143914236
:103EB000F7D8C768D8E703276168B9430391E76873
:103EC000491B0F2910DD0122631915436560A568A0
:103ED0000A43EF60BD604361036112485A60D860D5
:103EE0009860039BE150C2E6002909DB039BE118BF
:103EF00001234A6813434B60A368DF60BB60B6E6EA
:103F00003C0039E73168083E013BB14200D13EE751
:103F100043E7043352000A42FBD027E7029BFAE74B
:103F20006C0200207402002054050000F09D012066
:103F300064020020C09D0120EC9D0120E89D01202D
:103F400035490868013040D10C6007212600002364
:103F50000E400C4202D008339B1BE418E119059176
:103F6000059F04991740CB18DF1B174039000198B3
:103F700001F0E8FA431C07D1371E059804D0300041
:103F80000027059B08381818244A001B1368C0191D
:103F9000DB1913600122224B029910439C60606080
:103FA000994200D142E7039B0F2B13D86260032292
:103FB0001B4B9B685B6893435A1BAB4201D30F2A90
:103FC0001FDC019800F036F829E61449A61BF61804
:103FD0000E60BAE70721039B0C3B8B4302994968AB
:103FE0000A4002991A434A60CA180521516091603B
:103FF0000F2B00D81AE702990198083101F082FBD3
:1040000014E701231800064928438C6813436519F7
:1040100060608D606B602AE664020020C09D012014
:104020006C02002010B5024801F0DEFA10BDC04657
:10403000349F012010B5024801F0D7FA10BDC046E8
:10404000349F0120094B10B51C68094A9834206838
:104050006168084BDCF78CFA012200238018594173
:10406000206061604800400810BDC046EC07002099
:104070002D7F954C2DF4515810B5034B0A000100CB
:10408000186800F003F810BDEC070020F0B587B009
:104090000C1E0390059206D11100FFF7B3FD070037
:1040A000380007B0F0BD0398FFF7BCFF2300083BC2
:1040B0005F6802933A0003239A43059B04920B33F3
:1040C000162B08D907229343019306D50C23039A94
:1040D00013600027E4E710230193059B019A9342A4
:1040E000F4D8049B019A934200DB6DE1049A029B91
:1040F000BA489B18826894465A689C4506D00125A8
:104100001100A94359184968294244D103218A431F
:1041100004998E1801999C4517D11031B1423CDCAD
:10412000019A01219446B61A2200029B0E43634471
:104130008360083A5E60536803980B4061460B4306
:104140005360FFF777FF2700AAE7B14225DCDA6862
:104150009B68DA609360019B029AF41A029B9219A1
:104160005868012318400F2C00D82FE1019D0299B7
:1041700028434919029D1C4368604C60506808310F
:1041800003435360039801F0BDFA0398FFF752FF11
:10419000029F083784E700221300FF0700D5C6E01E
:1041A0002100032008390D6802994D1B696881437D
:1041B00004980F18002B00D184E0D6199C4548D1F3
:1041C000019B1033B3427DDCAA68EB682F00D360FB
:1041D0009A600200043A0837242A35D83B00132A93
:1041E00008D92368AB606368EB601B2A1AD82B00E0
:1041F0000834103322681A6062685A60A2689A60B4
:10420000019B764AEB189360019AB61A0122164375
:104210005E606B681340019A13436B600398FFF76D
:1042200009FF3DE7A3682B61E3686B61242A03D093
:104230002B0010341833DDE72369AB612B00626972
:104240002033EA611834D5E72100380001F0A6F8E0
:10425000D6E7019AB24235DC2800DA689B6808305C
:10426000DA609360AA68EB68D3609A60049A043AB3
:10427000242A23D8132A07D92368AB606368EB602C
:104280001B2A09D808340830236803606368436038
:10429000A368836002955EE7A3682B61E3686B61A6
:1042A000242A03D0280010341830EDE728002369B1
:1042B0002030AB6163691834EB61E5E7210001F060
:1042C0006DF8E7E7019BBB4231DC2800AA68EB6888
:1042D0000830D3609A60049A043A242A23D8132A17
:1042E00007D92368AB606368EB601B2A09D80834E0
:1042F00008302368036063684360A36883603E00FE
:10430000C8E7A3682B61E3686B61242A03D0280007
:1043100010341830EDE7280023692030AB61636961
:104320001834EB61E5E7210001F038F8E7E705997B
:104330000398FFF767FC071E03D10398FFF77AFE87
:10434000C7E623000122083B5B689343029AD31817
:104350000200083A934205D15E6803239E43049B02
:10436000F618F8E6049A043A242A29D80300210012
:10437000132A08D923680360636843601B2A0DD899
:104380000300083108330A681A604A685A608A686C
:104390009A602100039801F0B5F93FE7A3688360B4
:1043A000E368C360242A03D0030010311033EAE726
:1043B0002369183103610300626918334261E2E73F
:1043C000210000F0EBFFE4E7049EC4E602990643F7
:1043D0004E6051680B435360D7E6C0466C02002024
:1043E00070B516000D0002F0EBF8002E0DD06B2317
:1043F0006A00520D9B1A002B07DD0024034A1B059F
:104400009D182B002200DEF7DBF870BD0000F03FA6
:10441000F0B5A3B01B920022002600270590099159
:104420001E921D910A782B2A53D03FD80D2A39D8D5
:10443000082A39D8002A42D00022129200211D9D5C
:104440000C912A78302A00D083E06A7820318A43A0
:10445000582A00D073E00293129B954A01931EAB39
:10446000009305981FAB1DA901F066FA0F23020007
:104470001A4004000692184205D0062A2BD10023C8
:1044800001351D9512931B9B002B02D01D9B1B9A7F
:104490001360129B002B19D0802330001B06F918E3
:1044A00023B0F0BD202AC7D10131BAE72D2AC3D1EC
:1044B0002C3A12924A1C1D924A78002ABED1099BBE
:1044C0001D93002312931B9B002BDFD1300039007A
:1044D000E6E70022EDE71E9A002A07D0352120A842
:1044E00002F064F91E99059801F052FD06981F9B91
:1044F0000138042806D8DBF719FE12031C1E12002F
:10450000209E219FE40502D580231B061F43694B93
:104510003B42B8D101F03CF822230360B3E766497F
:10452000219A209E0A4065495B181B051A43170013
:10453000E8E7604FE6E70126614F7642E2E71D9B20
:104540005A1C1D925B78302BF9D0002B9BD0012395
:104550000C9300250A221D9B0D95139308951D9819
:1045600004782300303BD9B2092927D901225549C3
:1045700000F04AFF002831D0002023008446089A2A
:104580000E9006922022190091430A000021079103
:10459000452A00D0C0E0069B0C9A034313438B428C
:1045A0008DD01D9B099301331D93099B5B782B2BA9
:1045B00070D00C002D2B73D101246CE008990829D0
:1045C00009DC0D9951435B180D93089B01300133B1
:1045D00008931D90C3E755435D19F6E71D9B5A1CD0
:1045E0001D92089A5B78002A3AD00E9006921A0023
:1045F000303A092A12D901229446C3E71D9B0130A3
:104600005A1C1D925B78302BF8D01A00313A082AD8
:104610003BD80E9000201D9A069013921A00411C60
:10462000303A302B16D00E9B5B180E93069B0A2156
:104630009C4684449C4515D10699069B0131091876
:104640001B180691082B19DC0A230D994B430021F6
:10465000D3180D931D9B08005A1C1D925B78C6E76A
:104660000898D0E75C1C082B04DC0D9B4B430D9392
:104670002300DFE7102CFBDC4D43F9E700210F2B73
:10468000E8DC0A235D435519E4E700220E92069206
:104690000132B1E70024099B02331D93099B9B78EB
:1046A0001A00303A092A13D9099A1D92002232E0E1
:1046B000E8D102080000F07FFFFFEFFF33040000A5
:1046C000FFFFFF7FD0D102081D9B5A1C1D925B7813
:1046D000302BF9D0002207921A00313A082A1BD851
:1046E000303B10931D9B07931D9B591C1D915B78BC
:1046F0001A00303A092A3AD9079A8A1AB449079116
:10470000082A04DC109A07928A4200DD0791002CE7
:1047100002D0079A52420792069A002A4DD10C9A6B
:10472000104300D0AFE66246002A00D0C7E6692BEE
:1047300027D023DC492B24D04E2B00D0BFE6A5493F
:104740001DA801F02FFB002800D1B8E61D9B1B78A7
:10475000282B2CD1A04920AA1DA801F037FB052841
:1047600025D1219B9D4A209E1A4317008BE60A22E1
:1047700010994A43D218303A1092B5E76E2BDED02A
:104780009DE697491DA801F00DFB002800D196E693
:104790001D9B9449013B1DA81D9301F003FB0028BC
:1047A00002D11D9B01331D9300268C4F6BE68E4872
:1047B00000F038FF06000F0065E6079B0E9A9B1A73
:1047C0000C93089B002B01D1069B0893069C102C90
:1047D00000DD10240D98DEF7E3FD069B06000F00B8
:1047E000092B13DC0C9B002B00D14CE60C9B002BFF
:1047F00000DC7EE0162B63DC7C49DB00C91832004C
:10480000086849683B00DDF7DBFED3E72200774B01
:10481000093AD2009B181A685B68DDF7D1FE0600E2
:1048200028000F00DEF7BCFD0B000200390030004D
:10483000DCF71EFF069B06000F000F2BD2DD069B48
:104840001C1B0C9BE418002C00DC9BE00F222300B7
:10485000134014420AD06549DB00C91832000868C9
:1048600049683B00DDF7ACFE06000F000F239C43B8
:1048700073D02633FF339C424BDD0023069307930E
:104880000D93089322230026059A544F13600D9B25
:10489000B34200D1F7E51E99059801F079FB08991C
:1048A000059801F075FB0799059801F071FB0D99CA
:1048B000059801F06DFB0699059801F069FBE2E5AA
:1048C0002523069A9B1A0C9A9342B8DB0F24069B69
:1048D000464DE41AE10069183200086849683B0057
:1048E000DDF76EFE0C9B1C1BE4002D192A686B681B
:1048F00089E70C9B1633A2DB07990E9A3B4B521AA1
:10490000D2009B1830001A685B683900DDF714FA92
:1049100050E7002330003900354D24110993012C54
:104920001EDC002B01D006000F00324B099AFF1845
:104930002F4BD5005D193200286869683B00DDF710
:104940003FFE264B2C4A06000B40934295D82B4A3B
:10495000934213D901262A4F76420023099386E019
:104960000122144204D02A686B68DDF729FE012376
:10497000099A6410013209920835D0E7D4239B04C8
:10498000CF18EAE7002CE8D064420F2322001A4037
:104990001C420AD0154BD2009B1830001A685B6885
:1049A0003900DDF7C9F906000F002411D5D01F2CFE
:1049B00028DD0023069307930D9308932223059A7D
:1049C000002613600D9B0027002B00D063E75AE5FB
:1049D0001F4E000005D50208D4D102080000F07F68
:1049E000FDD402088BD5020887D5020830D402080E
:1049F00008D402080000B0FC0000A07C0000907CFD
:104A0000FFFFEF7F102322001A4009921C4201D0C1
:104A10005A330993300039000023BF4D012214425C
:104A200004D02A686B68DDF7CBFD012364100835DC
:104A3000002CF3D1002B01D006000F00099B002BA6
:104A40000DD06B237A00520D39009B1A002B06DD26
:104A50001F2B5ADD0026342B50DDDC27BF0400223B
:104A6000002330003900DBF7FBFC0028A1D10D9BAF
:104A7000089A00931399069B059801F0D7FA0D90B8
:104A8000002800D1F9E60C9B0799DA170E9B5B1AF8
:104A90001A400C9B1792DB430C9ADB171A40002339
:104AA0001A92069307930D9B0598596801F048FAEE
:104AB0000890002800D1E5E60D9B0C3019001A691A
:104AC0000C310232920000F0A4FD20AB01931FAB29
:104AD000009332003B0005981096119701F0DCFD21
:104AE0001E90002800D1CDE60121059801F03AFB87
:104AF000079000280ED100230793C3E64B239A1A90
:104B00004C3B934019400F00A9E7012252429A40C2
:104B10001640A4E71F9B1A9A179DD41A002B01DB9D
:104B20001A9C5D190999209A5B1A36219B188A1ADA
:104B30007A4901208C460021013B1691149063456F
:104B400006DA6146C91A521A1F293FDC88401490C0
:104B5000AB180E93A418099B0E9A1C192B009542B2
:104B600000DD1300A34200DD2300002B04DD0E9ABC
:104B7000E41AD21A0E92ED1A179B002B16DD1A00BA
:104B80000799059801F0B8FB07900028B3D0010001
:104B90001E9A059801F0FEFA1390002800D171E6E4
:104BA0001E99059801F0F4F9139B1E930E9B002BA0
:104BB00012DC0C9B002B18DD1A9A0899059801F05D
:104BC0009BFB0890002810D100235AE65449CB1AC9
:104BD000010099401691BAE70E9A1E99059801F0C6
:104BE000CDFB1E900028E4D14CE6002C07DD22000E
:104BF0000899059801F0C2FB08900028E4D0002D28
:104C000008DD2A000799059801F0B8FB07900028F5
:104C100000D137E6089A1E99059801F037FC0690F6
:104C2000002800D12EE6C368079913930023C360C0
:104C300001F010FC00283BDA139B334367D13B03A0
:104C400065D1D622374BD2043B4093425FD9069BB5
:104C50005B69002B03D1069B1B69012B57DD06996D
:104C60000122059801F08AFB0799069001F0F2FBFA
:104C700000284CDD2B4B099A3B40002A74D0D622E9
:104C8000D204934270D8DC229204934200D895E675
:104C900030003900244B0022DDF792FC214B060046
:104CA0000F000B4200D0F6E52223059A1360F2E5CF
:104CB0000E97002875D1139A3B031B0B002A39D09D
:104CC0001A4A934238D10121099B49423200080017
:104CD000002B0BD0D424134B08003B40E404A34228
:104CE00004D86C301B0DC31A99400800824223D1AE
:104CF0000F4B0E99994202D1013200D1C2E5094B06
:104D00000E9A00261A401300802252039F18099B16
:104D1000002BBDD1BFE5C04600D2020802FCFFFF58
:104D2000E2FBFFFF0000F07F00005039FFFF0F00A3
:104D3000FFFFEF7F33439DD0169B002B1CD00E9BB3
:104D4000169A1342E3D0139B30003900099A002BC6
:104D500016D0FFF745FB02000B0010981199DCF705
:104D600087FC06000F00D2E70126924A76429B1884
:104D7000914A1A431700CAE7149B3342C7D0E2E7AF
:104D8000FFF72EFB02000B0010981199DDF7E0FEF3
:104D90000022002306000F00DBF762FB0028B6D0DC
:104DA0000CE60799069801F0D7FC80230022DB056A
:104DB00004000D00DBF764FB00286CD0139B002B74
:104DC00077D1002E57D10E9B1B035AD10022200011
:104DD00029007A4BDBF74AFB002859D12000290033
:104DE0000022774BDDF7ECFB04000D0080231B064F
:104DF000EB180A940B930A9A0B9B14921593714A21
:104E00000E9B13401693169A6F4B9A4200D087E080
:104E10006E4A0E9B944663441F003000190001F057
:104E2000CFFB0A9A0B9BDDF7CBFB32003B00DCF794
:104E30001FFC644A664B06000A409A4240D9119B07
:104E4000644A934203D1109B013300D11AE5012635
:104E5000604F76421E99059801F09AF808990598D6
:104E600001F096F80799059801F092F806990598CF
:104E700001F08EF817E6012E03D10E9B002B00D116
:104E80009CE50023544C4D4D0A930B940024B2E74B
:104E900000244B4DAAE720002900494B0022DDF7F2
:104EA0008FFB139B04000D00002B9FD00A940B95E1
:104EB000A1E70023414C25000A930B941C009AE7BC
:104EC000D4239B04CF18099B1097002BC2D13D4BD4
:104ED000169A3B409A42BDD120002900DBF7ACFB7B
:104EE000DBF7E4FB02000B0020002900DDF730FEB9
:104EF0003C03139B240B34430E900F91374A1C4301
:104F000052D0374BDBF7B2FA002800D0C3E40E983A
:104F10000F99344A2A4BDBF7BDFA00289AD0BAE43D
:104F2000099B002B2AD0D423169ADB049A4225D859
:104F3000200029002C4A2D4BDBF7A2FA002816D0BE
:104F400020002900DBF75AFB002800D10130DEF7F2
:104F500027FA139B04000D00002B22D180231B068F
:104F6000CB1818901993189A199B14921593D6225E
:104F7000159BD2049B18169A9B1A15931098119999
:104F8000149E159F01F01CFB02000B00300039003D
:104F9000DDF716FB109A119BDCF76AFB06000F0089
:104FA00091E718941995DEE7114B0E980F99DBF7EE
:104FB0005DFAB2E70000F0FFFFFF0F000000F03FD6
:104FC0000000E03F0000F07F0000E07F0000B0FC48
:104FD000FFFF9F7CFFFFEF7F0000F0BF9535A0949F
:104FE000FFFFDF3F35E5AF350000C0FFFFFFDF41CA
:104FF000FFFFCF3F10B5044C0A000100034B2068AF
:10500000FFF706FA10BDC046EC070020800600201E
:10501000F0B585B017001E0003900191242B44D8F1
:105020000C00012B41D03D4B08229C4623006146D9
:105030001D780134485D010011401042F6D12D2D3C
:105040003AD125789C1C012300931022330093430E
:1050500009D1302D36D1202123788B43582B31D1E3
:105060001600657802342E4A009B94466344310052
:1050700018000293DBF7F4F80022844610002B009E
:10508000303B092B25D81D00AE4231DD531C09D021
:1050900001225242844505D301D1A94225DB0122D8
:1050A0007043281825780134E9E700F071FA1623D7
:1050B0000360002005B0F0BD00912B2DC5D12578EF
:1050C0009C1CC2E7002ECED10836302DCBD0023644
:1050D000C9E72B00413B192B01D8373DD4E72B0002
:1050E000613B192B04D8573DCEE701225242D9E744
:1050F000531C08D12223039A02981360002FD9D0A1
:10510000631E019307E0009B002B00D04042002F5C
:10511000D0D0002AF4D1019B3B60CBE729D2020812
:10512000FFFFFF7F10B5044C13000A000100206848
:10513000FFF76EFF10BDC046EC070020002310B53E
:10514000040003604360836081814366C281036120
:1051500043618361190008225C3000F032F90B4B87
:10516000E46123620A4B63620A4BA3620A4BE36267
:105170000A4B9C4205D00A4B9C4202D0094B9C42F0
:1051800003D12000583000F02DFA10BD055302085D
:105190002D5302086553020891530208F49D012023
:1051A0005C9E0120C49E012010B5034A03490448B7
:1051B00000F06CF810BDC04674060020C57C0208E3
:1051C000F007002041680B4B10B50400994201D054
:1051D00002F078FDA168084B994202D0200002F04D
:1051E00071FDE168054B994202D0200002F06AFD92
:1051F00010BDC046F49D01205C9E0120C49E01208C
:1052000010B5094B094A04211A6009480022FFF72A
:1052100095FF012209210748FFF790FF0222122182
:105220000548FFF78BFF10BD2C9F0120A9510208F4
:10523000F49D01205C9E0120C49E012010B502480F
:1052400000F0D2F910BDC046369F012010B50248CB
:1052500000F0CBF910BDC046369F012010B5040008
:10526000FFF7ECFF636B002B02D0FFF7EFFF10BDE1
:10527000044B6363044B1B68002BF6D1FFF7C0FFA0
:10528000F3E7C046C55102082C9F0120F7B5140072
:10529000002600900191A5686768013F04D5246845
:1052A000002CF8D13000FEBDAB89012B08D90E22AD
:1052B000AB5E013304D029000098019B9847064358
:1052C0006835EAE70EB400B50B499CB01DAB0290FF
:1052D0000690079104910948094904CB059100689B
:1052E00002A9019301F0B4FA0022029B1A701CB0CB
:1052F00008BC03B01847C046FFFFFF7FEC07002043
:105300000802FFFF70B50C000E25495F00F006F99A
:10531000002803DB236D1B18236570BDA389024A97
:105320001340A381F9E7C046FFEFFFFFF8B51F0068
:105330008B8905000C001600DB0505D50E23C95E20
:105340000022022300F0D6F8A389054A2800134062
:10535000A38132000E23E15E3B0000F005F9F8BDA9
:10536000FFEFFFFF70B50C000E25495F00F0C2F89B
:10537000A389421C03D1054A1340A38170BD80223A
:1053800052011343A3812065F8E7C046FFEFFFFFFA
:1053900010B50E23C95E00F09BF810BD10B5884211
:1053A00006D800239A4208D0CC5CC4540133F9E7F4
:1053B0008B189842F5D2013A00D210BD8B5C835411
:1053C000F9E703008218934200D170471970013346
:1053D000F9E7020010B5137814000132002BFAD15E
:1053E000CA5CE2540133002AFAD110BDC9B2037875
:1053F000002B04D08B4200D170470130F7E74B42BD
:10540000594149420840F7E730B50500101E0BD05E
:105410000024013A2B5D085D834204D1A24202D0F0
:105420000134002BF6D1181A30BD030030B51D0031
:10543000002A06D00C78013A01332C700131002C7F
:10544000F5D100219A18934200D130BD1970013373
:10545000F9E70000034B10B51A680123503200F041
:1054600003F810BDEC070020F0B5041E02D114684B
:10547000002C09D020000E00057801343778002F69
:1054800004D1002D0DD11560002006E00136BD428B
:10549000F4D1002BEED114600370F0BD0133002D68
:1054A00002D10B00267801341D78AE42F6D10023DC
:1054B0001D009E4202D02300611E0D701360ECE7B8
:1054C0009422024B5200985C7047C0468006002030
:1054D000002370B5064D040008002B60FEF762FB48
:1054E000431C03D12B68002B00D0236070BDC04645
:1054F000309F012070B50400080011001A0000233D
:10550000054D2B60FEF71AFB431C03D12B68002BC3
:1055100000D0236070BDC046309F012070B50400EC
:10552000080011001A000023054D2B60FEF7FAFA5F
:10553000431C03D12B68002B00D0236070BDC046F4
:10554000309F0120002370B5064D040008002B6039
:1055500004F0C0FD431C03D12B68002B00D0236056
:1055600070BDC046309F012070B5040008001100D6
:105570001A000023054D2B60FEF7C8FA431C03D127
:105580002B68002B00D0236070BDC046309F0120E7
:10559000014B18687047C046EC07002070B5002624
:1055A0000C4C0D4D641BA410A64209D1002604F03A
:1055B000A3FD0A4C0A4D641BA410A64205D170BD80
:1055C000B300EB5898470136EEE7B300EB58984725
:1055D0000136F2E718D6020818D6020820D60208CB
:1055E00018D602087047704770477047802310B57F
:1055F000082804D0FFF7CCFF16230360173B1800E0
:1056000010BD03000A7801311A700133002AF9D164
:105610007047002310B59A4200D110BDCC5CC45431
:105620000133F8E7002001497047C0460000F87FC9
:10563000034B10B5002B02D0024800F005F810BD56
:1056400000000000F17E0208002310B501001A00DE
:10565000180002F09FFC10BDF7B5040008200D00F3
:10566000FFF7C4FF06002000FEF7DCFC0322224FF8
:105670003100BB685B68934318001138401B8019E8
:105680000193DAF767FD451E7543AE4204DD200045
:10569000FEF7D0FC0020FEBD00212000FFF752FFE6
:1056A000BB68019A9B189842F1D120006942FFF72C
:1056B00049FF013010D100212000FFF743FFBA68F5
:1056C000811A0F29E3DD0D4D0D4B2D68401B18602D
:1056D00001230B435360DAE70126019BBA685B1B89
:1056E00033435360064A200013685B1B1360FEF7C8
:1056F000A1FC3000CFE7C0466C020020640200200D
:10570000C09D0120F7B50D1E01902DD0FEF78AFC3B
:10571000012329009C4608394F6862463B006446D5
:105720009343C8184568023295434A4A2740966811
:1057300086421AD15B19002F06D10868091A8D68B4
:105740001B18C868E86085600120184348609160B4
:10575000414A12689A4204D8404B01981968FFF7F1
:105760007BFF0198FEF766FCF7BD00264560B74257
:1057700009D10F683A4CC91BDB198F68A7422CD09E
:10578000CC68FC60A76047197C6801273C420BD1BC
:105790005B198568002E22D1314CA5421FD13E00F5
:1057A00051611161CD608D6001252800184348606A
:1057B000CB50002ED5D180208000834213D2D80850
:1057C0005B099D4053681D43C3009B1855609A6850
:1057D000CB608A609960D160C3E76646D3E7C06852
:1057E000E8608560E0E75D0A042D12D8980938303A
:1057F000C600B618B5680327AE4225D10123801034
:105800008340506803435360CE608D60B160E960AF
:10581000A7E7142D02D828005B30E9E7542D02D801
:10582000180B6E30E4E7AA204000854202D8D80B5E
:105830007730DDE70B4E7E20B542D9D8980C7C300E
:10584000D6E7AD68AE4203D06A68BA439A42F8D848
:10585000EE68D9E76C02002068020020F09D01206C
:1058600074020020540500000200F0B5046985B000
:1058700014324B11160002939C4231DD1F260F009B
:105880009B00A500D318374055190093019731426A
:105890000DD1160019008D4236D8009B0026033B1F
:1058A0009D4202D3029BE41AA600961918E020211B
:1058B000019E019F891B009E039102CE9446F940F0
:1058C000B54216D8009B002601339D4203D3029BAC
:1058D000E41AA600043E96193160002900D004366F
:1058E000B11A89100161964201D10023436105B0CC
:1058F000F0BD3768039B9F400F43614680C18C46D3
:10590000019B02CED940DBE780C980C6C3E7020015
:10591000303A0300092A02D8203BD8B2704702006F
:10592000613A052A01D8473BF7E71A00413A0020BF
:10593000052AF3D8273BF0E7F0B589B007930B6849
:105940000192039006919A1C11000132501E0078BA
:105950003028F9D0CB1A023B05930091FFF7D7FF0F
:1059600000231D00029398421ED10122A6490098EF
:10597000FFF74AFD0700A84200D06AE0009B587874
:105980005C1CFFF7C4FF01230293A8422FD00094B0
:10599000009B1878302809D0FFF7B9FF42424241F6
:1059A0000123250002920593009C04E0009B013333
:1059B0000093EDE701342078FFF7A9FF071EF9D126
:1059C000012220009049FFF71FFD00280DD1002D76
:1059D00006D1013425002078FFF799FF002802D175
:1059E0002D1BAF0003E00134F5E7002DF8D1202294
:1059F000237826009343502B1DD163782B2B2DD079
:105A00002D2B2FD00023661C04933078FFF77FFFE7
:105A1000431EDBB20500182B2AD87078FFF777FFFA
:105A2000431EDBB20136103D182B1DD9049B002B01
:105A300000D06D427F19069B1E60029B002B19D07F
:105A4000059B06265A4253415B421E40300009B076
:105A5000F0BD01230027009C0293C8E700230493B4
:105A6000A61CD2E70123FAE70A235D432D18D4E7E9
:105A70002600E0E7009B0299E31A013B072B0ADCB2
:105A8000039800F05DFA051E08D12A00E4215F4B5F
:105A90005F4802F0BFFA01315B10EFE703001433F7
:105AA0000293059300231E000493009BA34238D366
:105AB000059C029B40C4E41AA41030002C6100F045
:105AC00001FB019B64011B68261A00939E4252DD74
:105AD000F61A3100280000F08AFE041E0FD00124BF
:105AE0001F232000721E134098400300511102989A
:105AF00089000958194202D0A24234DC0224310044
:105B00002800FFF7B1FEBF19019B9B68BB4242DA38
:105B10002900039800F03CFA00230E9AA326136094
:105B200094E7013C23782E2B12D0049B202B04D128
:105B3000059B40C30026059304962078FFF7E7FEF7
:105B40000F231840049B9840043306430493ACE7AA
:105B5000009BA342E9D8012220002B49FFF754FC07
:105B60000028E2D1A1E72800B11E00F040FE002885
:105B7000C4D00324C3E7009B00249E42C4DA9E1BCA
:105B800029003200039800F0F9FB030014330500EC
:105B9000BF1B0293B8E7019B5E68BE426FDD009BAE
:105BA000F61BB34236DC019BDB68022B24D0032BAF
:105BB00026D0012B17D1009BB34214D1012B0BD15E
:105BC000019B079A5B68622613600123029A2B618E
:105BD00013600E9B1D6039E700992800013900F021
:105BE00006FE0028ECD12900039800F0D1F900232B
:105BF0000E9A5026136029E70F9B002BF3D1DFE7A5
:105C00000F9B002BDCD1EEE7D0D1020831D3020884
:105C100042D30208771E002C2FD1002F04D0390068
:105C2000280000F0E4FD04001F237A111F401E3BF2
:105C3000BB400299920052581A4201D002231C43E1
:105C4000009B31009B1B022628000093FFF70CFEEF
:105C5000019B5F68002C3FD0019BDB68022B10D0BA
:105C6000032B12D0012B06D1A20704D5029A126889
:105C700014431C420CD110232DE00124D4E701264B
:105C8000E8E701230F9A9B1A0F930F9B002BF2D08A
:105C90002B69002002939B0004932B00049A143379
:105CA00099181A68541C1CD001321A602B00143346
:105CB000022E3FD1019A00991268013A8A4209D115
:105CC0000A001F2010400122824049118900CB5850
:105CD00013423DD120231E430E9B1D60079B1F6076
:105CE000B4E601C39942DCD8AB68029A9A4218DB49
:105CF00069680398013100F023F9041E04D12200E1
:105D000084211D4B1D48C4E629002A690C3102324A
:105D100092000C30FFF77DFC2900039800F038F961
:105D200025002B695A1C2A61012204339B00EB18C1
:105D30005A60BBE72A6902998A420BDD01212800DB
:105D4000FFF792FD019B01379B68BB4200DADFE65B
:105D50000126BFE71F22009C009914401142F7D092
:105D6000049A9B18043B186800F0ACF920231B1B15
:105D70009842E3DBECE7C04631D3020842D3020885
:105D8000082370B520259A1A9200AD1A436804685A
:105D90001E00AE40D3403443046043600430884268
:105DA000F4D370BD30B503680C780133002C02D1F8
:105DB0000360012030BD1A781500413D192D00D82F
:105DC00020320131A242EFD00020F3E7F0B50B689A
:105DD0008BB0019201995A1192008A18029219000F
:105DE0001F22114008900691134202D0029B0433F7
:105DF0000293029B00251F1F3E003C00089B3D6054
:105E00001B68079505930395059B01330993059B33
:105E10005B780493002B28D00498FFF778FD0028C6
:105E200055D1049B202B19D8039B079A934212DD6E
:105E3000B44206D2072D04DC2A0031002000FFF70F
:105E40009FFF019B08259C4205D9261F0025340091
:105E5000039B35600793099B0593D5E7049B292B8A
:105E60005AD1059B089A02331360039B002B53D031
:105E7000B44206D2072D04DC2A0031002000FFF7CF
:105E80007FFF019B9C4236D91A00230002CB02C23D
:105E90009F42FBD2029B611CDA1E0423914205D86B
:105EA000029B043B1B1B9B0801339B00019AD318E8
:105EB000002204C39F42FCD23B68002B04D1019B0B
:105EC0009F4227D101233B6005200BB0F0BD039B0F
:105ED000013501330393082D06DD019B9C42BAD99D
:105EE00000230125043C23600F22236810401B017E
:105EF00003432360AFE7069B002BDDD02023069AE7
:105F000002999B1A01225242DA4004390B6813406D
:105F10000B60D1E7043FCFE70420D6E782B0002929
:105F200000D101A9101E06D0002B06D013780B60FB
:105F30001078431E984102B0704702204042FAE7B1
:105F4000436C70B506000C00002B12D0736CA200DD
:105F50009B181868002815D101210D00A5406A1D65
:105F60003000920002F074F8002809D04460856087
:105F70000AE02122042102F06BF870640028E5D1C8
:105F8000002070BD02681A6000230361C360F8E757
:105F9000002906D04A68436C92009B181A680A6070
:105FA00019607047F7B50F0001900C001E0000202B
:105FB0000D6914373B68013099B251431B0C5343B0
:105FC00089190E0C9B191E0C89B21B045B1808C79B
:105FD0008542EFDC002E22D0A368AB4219DC616859
:105FE00001980131FFF7ACFF071E05D13A00BA2135
:105FF0000C4B0D4802F00EF8210022690C310232E0
:1060000092000C30FFF705FB21000198FFF7C0FF5D
:106010003C002B1D9B00E31801355E6025612000CC
:10602000FEBDC04631D30208A2D30208F7B507006F
:1060300018000C000830092101931500DAF714F953
:106040000123002183420ADB3800FFF779FF011E9C
:1060500008D10A00194B1A48D33101F0DBFF5B006D
:106060000131EFE7089B436101230361092D18DD2E
:10607000230009331E000093641933780A22380084
:10608000303BFFF78FFF01360100A642F5D12C000F
:10609000009B083C1C192E00019B9E4204DB08005B
:1060A000FEBD09250A34F6E7631B9B5D0A22380012
:1060B000303BFFF777FF01360100EDE731D30208EF
:1060C000A2D302088022030052020020934201D290
:1060D0001B04103080225204934201D208301B026C
:1060E00080225205934201D204301B018022D20546
:1060F000934201D202309B00002B03DB013013429C
:1061000000D12020704703680100072218001040CA
:1061100013420DD0063A0020134205D1023003424B
:1061200003D0D34010000B6070479B080B60FBE767
:106130009AB2002A01D110201B0CDAB2002A01D138
:1061400008301B0A1A0701D104301B099A0701D134
:1061500002309B08DA07E9D401305B08E6D1202041
:10616000E2E7000010B50C000121FFF7E9FE00286E
:1061700007D14621054C0200054B2000FF3101F0FC
:1061800049FF01234461036110BDC046A2D3020848
:1061900031D30208F0B514000A6923690D008BB0F1
:1061A0009A4202DB23000C001D0027692E696168FA
:1061B000BB190393A368BA19934200DA0131FFF7C0
:1061C000BFFE0290002806D1B121494B4948029AEE
:1061D000490001F01FFF029B002214339C46BB19AB
:1061E0009B0063440493634604998B422AD32300A3
:1061F000BF00143314350893B600DB190593AB19AF
:106200000993042306932300059A153301959A42B6
:1062100005D3131B153B9B0801339B000693019B81
:10622000099A934210D3039B002B05DD049B043B8A
:1062300004931B68002B56D0029B039A18001A6126
:106240000BB0F0BD04C3CFE7019B186880B20028F3
:106250001ED067460025089E02CE3B6807938BB28E
:1062600043431A006B46090C9B8B4143D318079A92
:106270005B19120C89181A0C8A189BB2150C12049F
:106280001A43059B04C7B342E6D86346069A9D505D
:10629000019B1868000C20D063462500614600274A
:1062A0001B6814352A680E6892B24243360C921964
:1062B000D21916049BB21E430E6040CD4B68360CBB
:1062C00046439BB2120CF3189B18059A1F0C04311D
:1062D000AA42E7D8624606995350019B04330193C2
:1062E00004239C449BE7039B013B03939BE7C0462D
:1062F00031D30208A2D30208F7B503231500070023
:106300000E001A401D4208D01A49013A9200525814
:1063100000233100FFF746FE0600AD1027D03C6C8D
:10632000002C07D138001449FFF71CFF002304009C
:106330003864036001231D420AD031002200380076
:10634000FFF728FF310001903800FFF721FE019E82
:106350006D100CD02068002807D1220021003800E1
:10636000FFF718FF0023206003600400E2E730001D
:10637000FEBDC046FCD3020871020000F0B50C005F
:1063800016002369571185B0FB1801930133009360
:106390004968A3680290009A934210DB0298FFF7C5
:1063A000CFFD0023010005001A00143198420CD1E2
:1063B000EF212A00254B2648490001F02BFE013130
:1063C0005B00E8E798000A500133BB42FADBFB436D
:1063D000DB171F40BF0023001F20C91937002269A7
:1063E000143392009A180740064229D00130C01B8E
:1063F00003908C4600201E68BE400643604640C0A5
:106400008446039E01CBF0409A42F4D8260015360C
:106410000423B24204D3131B153B9B0801339B009A
:10642000C850002802D0019B02330093009B0298C1
:10643000013B21002B61FFF7ABFD280005B0F0BD4B
:1064400001CB01C19A42FBD8F0E7C04631D3020824
:10645000A2D3020830B50B6904690200E01A9C421D
:106460000FD114329B0014311400C918D218043A09
:10647000043915680B689D4204D001209D4200D26A
:10648000023830BD9442F2D3FBE70000F0B50C00B7
:1064900087B00090110020001700FFF7DBFF051EFA
:1064A00010D101000098FFF74BFD021E04D1404BB4
:1064B0004048414901F0AEFD0123456103611000F0
:1064C00007B0F0BD0026B04203DA23003C001F00F5
:1064D000013661680098FFF733FD021E03D1344B8B
:1064E00034483649E6E72369143400939B00E318E7
:1064F000210001943C0002933B6914349B00E31893
:1065000003930300C6608C46002014330493059364
:10651000634620CBA9B20E009C4608CC2D0C99B244
:10652000711A09181B0C0814EB1A1B18181489B2DD
:106530001B041943059B02C30593039BA342E7D8A1
:106540003900039C153104238C4204D3E31B153B13
:106550009B0801339B000199CD1804992E00CB189C
:106560001F0002998E4211D3029CE91E00208C422A
:1065700004D321000331491B890888001B18043B00
:106580001968002910D0009B136198E7844602CE59
:1065900088B2604400140C0C04196144201489B2C0
:1065A0002404214302C7DCE7009901390091E6E7A2
:1065B00031D30208A2D302083702000045020000CE
:1065C00010B500240C4B0D4A0B409B18A34206DC6F
:1065D0005B421A15132A05DC80231B0313411900A3
:1065E000200010BD143A01241E2A02DC8024240657
:1065F000D4400023F3E7C0460000F07F0000C0FC59
:10660000F7B50600036914369B00F3181D1F2C68AC
:106610000F0020000193FFF755FD2022121A3A6067
:1066200003001C4A0A2815DC0B212700091ACF4059
:106630003A438C4611000022AE4202D2019A083A37
:10664000126815339C4063462700DA401743380030
:1066500003B0F0BD0027AE4202D2019D083D2F6875
:106660000B2149428C469C440B2B10D061462023C1
:106670008C405B1A3900D9400C43224311000022A0
:10668000B54201D9043D2A686446A740DDE72243AC
:106690001100DCE70000F03FF7B5012116001F00F4
:1066A000FFF74EFC041E05D12200254B2548264944
:1066B00001F0B0FC3B037D001B0B6D0D02D080226E
:1066C000520313430193002E25D068460096FFF72E
:1066D0001AFD019B009900281BD020221E00121ACF
:1066E00096403200C3400A4362610193019EA66155
:1066F000731E9E4101362661002D14D03526134BA2
:10670000ED18089B2D181D60099B361A1E6020008D
:10671000FEBD6161EAE701A8FFF7F5FC019B0126D8
:1067200063612030E7E70A4BC018089B1860094BEB
:10673000F3189B00E3185869FFF7C4FC7601E3E700
:1067400031D30208A2D302080F030000CDFBFFFFE4
:10675000CEFBFFFFFFFFFF3FF0B587B00F0004A99E
:106760000600FFF74DFF00900191009B019C38004F
:1067700005A902930394FFF743FF0D0002000B00ED
:1067800030693969049E401A05994001711A41180F
:106790000805002908DD0199411803910298039921
:1067A000DBF7CAFA07B0F0BD2B1AF7E770B5140093
:1067B00005000139136949110131890014349B0026
:1067C0004118E318A3420DD81400113400259C424F
:1067D00003D89B1A113B9B089D000023401981425E
:1067E00003D870BD40CC40C5ECE708C0F7E7020015
:1067F000006910B514324B11984213DB0CDD1F24D5
:1068000008002040214207D099008C582100C14047
:10681000814001208C4204D19B00D318934203D8BD
:10682000002010BD0300F7E7043B19680029F5D0EC
:106830000120F6E70300081E05D0FF2A04D98A22AA
:1068400001201A604042704701200A70FBE70000F7
:10685000F0B5DDB01C000B9109920A9001F044FBE9
:10686000036818002093D9F759FC0B9B18909B895B
:106870001B0617D50B9B1B69002B13D140210A98CF
:10688000FDF7C0F90B9B18601861002807D10C2395
:106890000A9A136001235B421A9300F011FC402313
:1068A0000B9A536100230022329331930E930023FD
:1068B00016921793002333AF3097239322931493A8
:1068C0001D9321931A93099D2B78002B02D0252B21
:1068D00000D090E0099BEE1A9D4216D03B60329B9F
:1068E0007E609B193293319B083701333193072B1C
:1068F00008DD0B990A9830AA02F074FA002800D03B
:10690000D8E333AF1A9B9B191A932B78002B01D134
:1069100001F08AF900231B220126691C1D0022A810
:1069200012181370764219934B1C15930B78109321
:10693000109820385A2801D900F002FED9F700FC3F
:106940009B0000060006A500000600060006800069
:1069500000060006A700AF000006AD00B400000668
:10696000D000D200D200D200D200D200D200D20099
:10697000D200D2000006000600060006000600064F
:10698000000654010006FD000F015401540154019A
:106990000006000600060006E40000060006D40417
:1069A000000600060006180500063605000600066B
:1069B0006605000600060006000600060006000642
:1069C000000654010006FD00110154015401540158
:1069D000E6001101F9000006F2000006B604D60434
:1069E0000705F90000061805A30038050006000693
:1069F0005D000006A300013566E7A54B2800239340
:106A0000202318401D4201D100F003FD193B07343B
:106A10009C43220018CA069307940D92EB070AD5EF
:106A2000069B079A134306D0302229AB1A70109A9E
:106A30005A7002231D43974B02201D4000F066FC54
:106A40000A9801F051FA436818002193D9F766FBC0
:106A50001D900A9801F048FA836814931D9B002B3F
:106A600011D0149B002B0ED01B78002B0BD0802351
:106A7000DB001D4307E01B2322AA9B181A78002A7B
:106A800001D120321A7015994EE70123F1E708CCA5
:106A90001993002BF7DA5B4219930423E9E71B23D0
:106AA00022AA9B182B22EDE7159A159B1278013329
:106AB00010922A2A0DD000260A21109A1593303AF6
:106AC000092A00D934E74E43B6181A7801331092D8
:106AD000F3E740CC002E01DA012676421593D2E787
:106AE0008023C6E700220A21159B1992199A109853
:106AF0004A433038821819921A7801331092303A8A
:106B0000092AF3D9159313E70823B2E7159B1B78DD
:106B1000682B05D1159B0133159380239B00A8E7B3
:106B20004023A6E7159B1B786C2B04D1159B0133E2
:106B3000159320239DE710239BE7210004C943AB55
:106B40000D911B211A70002222A809180A70012633
:106B50000C921B921292139211920993BEE1102390
:106B60001D43AB062FD5072307349C43220018CAC8
:106B7000069307940D92079B0120002B0BDA069BCE
:106B8000079C00225942A241069107921B222D2107
:106B900022ABD2181170069A079B1A43711C01D1BF
:106BA00001F052F880212C008C43002A01D001F022
:106BB00050F8002E01D100F0B9FC012801D001F0FD
:106BC0004CF800F04DFC220008CA0D92EA0603D5ED
:106BD0000693DB170793CEE76A0601D51BB2F7E7EA
:106BE000AA05F5D55BB2F3E7072307349C432200DF
:106BF00018CA0D92012216931794169B52422493A1
:106C0000179B5B005B08259324982599224BDCF7A2
:106C10003BFB002824D12498259901221E4B524287
:106C2000D9F72EFC00281BD11698179900220023B3
:106C3000D9F71CFC002804D01B2322AA9B182D2264
:106C40001A70164B0993109B472B01DD144B0993C7
:106C500080239D43002303260C931B9301F02CF803
:106C6000169A179B10001900DCF70EFB00281DD0A8
:106C7000179B002B04DA1B2322AA9B182D221A70C3
:106C8000084B0993109B472BE2DD074BDFE7C0461B
:106C900008D50208FFFBFFFFFFFFEF7FF8D40208D3
:106CA000FCD4020800D5020804D50208109B612B11
:106CB00000D1E9E15822412B00D1E6E1731C00D15B
:106CC00009E22023109A0C909A43472A02D1002E01
:106CD00000D1013680235B002B431C93179B002BB4
:106CE00000DBFBE1802212069446169B1E93179B45
:106CF00063441F932D2327932023109A9A431292C3
:106D0000412A00D006E21E981F992AAA01F010F924
:106D1000FF2300229B05DBF753FC002200230E908B
:106D20000F91D9F79DFB002801D001232A93CF4B67
:106D30001393109B612B01D0CD4B1393099C731EB1
:106D400000220E980F991193CA4BDBF739FC0E9075
:106D50000F91DCF7BBFA1B90DCF7F4FA02000B0092
:106D60000E980F99DBF7F4FE139A0E900F911B9972
:106D7000119B525C2270013401330BD00E980F9995
:106D8000119B0022013B26930023D9F769FB0028C1
:106D900000D1A9E100220E980F99B74B2694D9F79C
:106DA00079FB00280CD10E980F990022B24BD9F72D
:106DB00057FB002800D1A8E11B9BDB0700D4A4E10E
:106DC0003020139B2E94DB7B2E9A013A2E92117861
:106DD000994200D18AE14B1CDBB2392901D1139BC6
:106DE0009B7A1370269B099A9B1A0E932A9B1193E8
:106DF000129B472B00D0DCE1119B033303DB119B7B
:106E0000B34200DCFBE1109B023B1093119B40223C
:106E10005C1E6B4610999B18203A00201B782A9420
:106E20009143412902D10F33DBB201302CA90B7001
:106E30002B23002C03DA0124119BE41A2D234B7021
:106E4000092C00DCCDE1372322AA9B181293129E55
:106E50002000731E0A211293D9F7ECFA731E303109
:106E6000197020000A211194D9F7FEF9119B040032
:106E7000632BECDC2A2222A8B11E121837200B004B
:106E800030340C7022AC0019834200D2A4E10023FC
:106E9000814203D8393322AA9B189B1B2A2222A99C
:106EA0005218D3182CAA9B1A0E9A22939E18012AC4
:106EB00001DCEB0701D5189BF61880226F4B5200BE
:106EC0002B401A4300231C92129313931193279B78
:106ED000002B00D0E4E100231C9D1B931B9B1C9303
:106EE000B34200DA1C961B2322AA9B181B785A1E59
:106EF00093411C9AD3181C9302232B402693022300
:106F00001D4202D01C9B02331C9384232B402793E9
:106F100084231D421FD1199B1C9A9C1A002C1ADD38
:106F20003900319B5648329A013308313860102CB1
:106F300000DD17E37C60A4180F0032943193072B17
:106F400009DD0B990A9830AA01F04CFF002801D006
:106F500000F049FE33AF1B2222A952181178329B50
:106F6000002914D03A6001229B183293319B7A6039
:106F70009B1831930837072B09DD0B990A9830AA23
:106F800001F030FF002801D000F02DFE33AF269A2B
:106F9000329B002A15D029AA3A6002229B1832930C
:106FA000319B7A60013331930837072B09DD0B9948
:106FB0000A9830AA01F016FF002801D000F013FE55
:106FC00033AF279B802B1FD1199B1C9A9C1A002C36
:106FD0001ADD3900319B2B48329A01330831386071
:106FE000102C00DDD1E27C60A4180F0032943193A4
:106FF000072B09DD0B990A9830AA01F0F3FE00284F
:1070000001D000F0F0FD33AF1B9B9C1B002C1ADD60
:107010003900319B1B48329A013308313860102CFB
:1070200000DDC5E2A2187C6032920F003193072B7D
:1070300009DD0B990A9830AA01F0D4FE002801D08E
:1070400000F0D1FD33AF329B1B93EB0500D5CBE2B3
:10705000099B7E603B601B9BF618319B3296013387
:107060003193072B00DDA3E3083701E308D50208BD
:1070700019D50208000030400000E03FFFFBFFFF91
:107080003CD502082CD502087822302129AB197092
:107090005A7002231D43632E15DD0A98711CFCF7FC
:1070A000B1FD0990002813D10B9B9A89402313430B
:1070B0000B9A93810B9B9B895B0601D5FFF7EAFB3B
:1070C0001A985DB0F0BD00230C9343AB099301E621
:1070D000099B0C93FEE506260C90FBE5169B179C7E
:1070E0001E931F94002306E6269B29E610706BE68C
:1070F00018700133CA1AFBD5119A0023013201DB43
:10710000119B0133E31826936CE6119A230030207B
:107110001119EFE7129A34000323462A05D0140010
:10712000453C62425441013B34192EAA04922BAAD9
:1071300003922AAA029200930A981E9A1F9B019416
:1071400001F062F8129B0990472B19D1EB0701D48B
:107150002E9B48E6099B1B190E9300221E981F992F
:107160000023D9F77DF9002801D00E9B2E93302201
:107170002E9B0E999942EBD9591C2E911A70F7E764
:10718000099B1B190E93129B462BE6D1099B1B787A
:10719000302B0AD11E981F9900220023D9F760F9DD
:1071A000002802D101231B1B2A932A9B0E9AD31875
:1071B000D2E7129B462B00D028E601222B00119922
:1071C00013403343002929DD002B42D0189A8B1835
:1071D000F618662310932DE01C78013314700132E9
:1071E00052E62A2222ABD218002804D130232B22C7
:1071F0008B7022ABD2183034531C147052E6119BA2
:107200000E9A93420FDA0E9B189A9E1867231093DA
:10721000119B002B0EDCF61A01360BE0002B1AD066
:10722000189B0133D4E76723119E1093EB0701D518
:10723000189AB61880232A00DB001A401392002205
:1072400012921D4200D142E6119B934225DC13921B
:107250003DE6119EBDE7662316001093EAE7119AFA
:1072600093420FDAD31A1193149B5B78002B10D042
:10727000139B01331393149B01331493149B1B78BA
:10728000FF2BECD1129A139B9B181D9A53439E1906
:107290001DE6129B01331293F0E7129B1393EDE767
:1072A0001B2322AA9B182D221A7014E6AB0609D5BF
:1072B00023681A9A1A60D2175A600434159B0993EE
:1072C000FFF701FBEB0603D523681A9A1A60F4E76F
:1072D0006B0603D523681A9A1A80EEE7AD05F3D53D
:1072E00023681A9A1A70E8E710231D432023280008
:1072F00018401D420FD0193B07349C43220018CA86
:10730000069307940D920020B34B1D401B2222AB25
:107310000021D2183EE4220008CA29000D92102252
:107320001140154202D006930790ECE74022280056
:107330001040154203D09BB206930791E3E78022E9
:107340002900920011401542F6D0DBB2EBE7230092
:1073500004CBA2490D930023069229AA079311801A
:1073600002339F4A18001D43763323921093CDE7D2
:10737000230004CB00240D931B23099222AA9B18FF
:107380001C70731C0DD032002100099800F0C4FD60
:107390000C90A04200D1E2E0099A861A23000C94D6
:1073A0005BE40998D8F7BAFE0600F7E710231D43FF
:1073B0002023280018401D4209D0193B07349C4364
:1073C000220018CA069307940D9201209EE723001D
:1073D00004CB29000D93102319401D4202D00692C0
:1073E0000790F2E74023280018401D4203D093B2D3
:1073F00006930791E9E7802329009B0019401D426D
:1074000002D0D3B20693EBE70692F2E7754BFFF793
:10741000F5FA230004CB29000D93102319401D42D7
:1074200003D006920790FFF7F9FA4023280018408E
:107430001D4204D093B206930791FFF7EFFA802321
:1074400029009B0019401D4202D0D3B20693E9E700
:107450000692F1E7079B002B0CD1069B092B09D85C
:10746000069B3033DBB2E72222A95218137009922F
:1074700000F01BFC00230E938023DB0023405CAD57
:107480000C930A22069807990023D9F751F86B1E2E
:10749000303209931A700E9B119001330E930C9B9E
:1074A0001291002B1DD0149B0E9A1B789A4218D172
:1074B000FF2A16D0079B002B02D1069B092B10D95F
:1074C000099B1D9A21999B1A18000993FDF7ADFF9E
:1074D0000022149B0E925B785A1E9341149AD31883
:1074E0001493079B002B03D1069B092B00D8DCE3E8
:1074F000119B099D0693129B0793C2E70F20099BDE
:10750000239A013B0993069B0340D35C099A1370AD
:10751000079B1907069B1A09079B11431B09079331
:107520000B00079A06911343E9D1BEE35CAB0993C4
:10753000002800D0B9E3ED0700D4B6E3302392E78A
:10754000109B002B00D16FE3109A1B2143AB1A70E4
:10755000002222A809180A700D94FFF7F8FA0C9B74
:10756000FFF77BFB10201218786032923193072BC3
:1075700008DD0B990A9830AA01F034FC002800D0ED
:1075800031E333A90F00103CCAE4102012187860D0
:1075900032923193072B08DD0B990A9830AA01F03B
:1075A00021FC002800D01EE333A90F00103C10E599
:1075B00010201218786032923193072B08DD0B9956
:1075C0000A9830AA01F00EFC002800D00BE333A982
:1075D0000F00103C1CE5C046FFFBFFFF30780000A9
:1075E00008D5020819D50208109B652B00DC4AE279
:1075F0001698179900220023D8F732FF002878D078
:10760000CA4B1B9E3B6001237B60F618319B329670
:10761000013331930837072B08DD0B990A9830AAFC
:1076200001F0E0FB002800D0DDE233AF2A9B0E9A88
:10763000934201DBEB071BD5209B189A3B60189BFC
:107640007B60329B08379B183293319B0133319317
:10765000072B08DD0B990A9830AA01F0C3FB00281C
:1076600000D0C0E233AF0E9B10265C1E002C2FDC36
:107670006D0700D59AE2199B1C9A934200DA130019
:107680001A9AD3181A93329B002B07D00B990A9899
:1076900030AA01F0A7FB002800D0A4E20023319318
:1076A0000C9B002B00D0BAE20D9C33AF06E61032E3
:1076B0007E6032923193072B08DD0B990A9830AA2D
:1076C00001F090FB002800D08DE233A90F00103CA0
:1076D0003900319B9648329A013308313860102CBA
:1076E000E5DC7C60A4180F0032943193072BBFDDDA
:1076F0005EE02A9B002B77DC8C4B1B9E3B600123BA
:107700007B60F618319B3296013331930837072B93
:1077100008DD0B990A9830AA01F064FB002800D01C
:1077200061E233AF0E992A9B329A0B430121294023
:107730000B439DD0209B3B60189B7B609A18319B2C
:107740003292013331930837072B08DD0B990A98E1
:1077500030AA01F047FB002800D044E233AF2A9C56
:10776000002C18DA644238003199714A329E013196
:1077700008370260102C25DC4460A4193294319142
:10778000072908DD0B990A9830AA01F02BFB002885
:1077900000D028E233AF099B329A3B600E9BD2188F
:1077A0003292319A7B6001323192072A00DC5BE42D
:1077B0000B990A9830AA01F015FB002800D012E2BC
:1077C00033AF55E71023F6184360329631910729FD
:1077D00008DD0B990A9830AA01F004FB002800D0BC
:1077E00001E233AF103CBEE70E9A099B9446119C10
:1077F00063441093944200DD1400002C14DD099BB7
:107800007C603B601B9B0837E618319B3296013346
:107810003193072B08DD0B990A9830AA01F0E2FAA0
:10782000002800D0DFE133AFE343DB171C40119B9E
:1078300010261C1B002C00DD8DE0119A099B94463C
:10784000634409936B050CD5139B002B00D09DE07E
:10785000129B002B00D09CE0099B109A934200D908
:1078600009922A9B0E9A934201DBEB0716D5209BC7
:10787000189A3B60189B7B60329B08379B183293A9
:10788000319B01333193072B08DD0B990A9830AAFD
:1078900001F0A8FA002800D0A5E133AF099A109BA7
:1078A0002A9E9B1A0E9A961B9E4200DD1E00329B5A
:1078B000002E13DDF3183293319B099A01333A609D
:1078C0007E6031930837072B08DD0B990A9830AAA0
:1078D00001F088FA002800D085E133AF0E9B2A9C86
:1078E0001C1BF343DB171E40A41B1026002C00DCDE
:1078F000BEE63900319B0E48329A013308313860B8
:10790000102C00DCEDE610327E6032923193072BB2
:1079100008DD0B990A9830AA01F064FA002800D01B
:1079200061E133A90F00103CE3E7C0462AD5020805
:107930002CD5020810327E6032923193072B08DD7D
:107940000B990A9830AA01F04DFA002800D04AE1BC
:1079500033A90F00103C3900319BB948329A0133EA
:1079600008313860102CE5DC7C60A4180F003294DC
:107970003193072B00DC60E70B990A9830AA01F0DD
:1079800031FA002800D02EE133AF56E7129B002BCE
:107990005FD0129B013B1293219B1D9A3B601D9B64
:1079A0007B60329B08379B183293319B01333193B4
:1079B000072B08DD0B990A9830AA01F013FA00286A
:1079C00000D010E133AF099A109B9B1A149A1678D5
:1079D0009E4200DD1E00329B002E13DDF318329311
:1079E000319B099A01333A607E6031930837072B47
:1079F00008DD0B990A9830AA01F0F4F9002800D0AC
:107A0000F1E033AF149B1C78F343DB171E40A41B3B
:107A1000002C18DD3900319B8948329A0133083136
:107A20003860102C1CDC7C60A4180F003294319359
:107A3000072B08DD0B990A9830AA01F0D3F900282A
:107A400000D0D0E033AF149B099A1B78D318099368
:107A5000FAE6149B013B1493139B013B13939BE7A2
:107A600010201218786032923193072B08DD0B99A1
:107A70000A9830AA01F0B6F9002800D0B3E033A983
:107A80000F00103CC6E73C001B9E319B0E9A01364E
:107A900001330834012A03DC0122154200D180E0C1
:107AA000099A32963A60012231937A60072B08DDF9
:107AB0000B990A9830AA01F095F9002800D092E0BD
:107AC00033AC209B189A2360189B6360329B083468
:107AD0009B183293319B01333193072B07DD0B99B0
:107AE0000A9830AA01F07EF900287CD133AC319B92
:107AF00000221698179910930E9B329E5F1E00234A
:107B0000D8F7AEFC002826D1099B109A01332360D8
:107B10000E9B013E0132F6186760329631920834AE
:107B2000072A07DD0B990A9830AA01F05BF90028B3
:107B300059D133AC2CAB2360229B229A6360329BD9
:107B40009B183293319B01333193072B00DD2FE6D5
:107B5000083427008CE50E9B1026012BEADD21005E
:107B6000319B3748329A013308312060102F07DCEF
:107B700067600C00BA1832923193072BDADDD1E737
:107B80001032666032923193072B07DD0B990A9809
:107B900030AA01F027F9002825D133A90C00103FA5
:107BA000DDE70999329606C73193E6E7199B1C9ADF
:107BB00010259C1A002C00DC5DE5319B2149329A8E
:107BC00001333960102C19DC12197C603292319328
:107BD000072B00DC4FE50B990A9830AA01F002F957
:107BE000002800D147E50C9B002B01D1FFF762FA7A
:107BF00019000A98FDF786FDFFF75CFA10327D60E8
:107C0000329231930837072B07DD0B990A9830AA77
:107C100001F0E8F80028E6D133AF103CCDE70C992D
:107C20000A98FDF76FFD3FE5329B002B01D1FFF76E
:107C300041FA0B990A9830AA01F0D4F8FFF73AFA02
:107C40002CD502083CD502082C00002A01D1FEF7F1
:107C5000B4FF012801D1FFF7FDFB5CAB09930228BB
:107C600000D14BE4099A07211300013B0993069BBD
:107C70000B40099930330B70079949078C466546CC
:107C80000699C80807990543C9080791290007986C
:107C900006950143E6D1E10707D5302B05D0302109
:107CA000099B013B1970931E0993099A5CAB1B96C3
:107CB0009E1A002325000C93129313931193FFF740
:107CC0000DF9C04670B505000C1E19D0002804D06F
:107CD000436B002B01D1FDF7C1FA636EDB0705D4BE
:107CE000A3899B0502D4A06DFDF77EFC0C22A35E48
:107CF000002B08D1636EDB0702D4A06DFDF775FC85
:107D00000026300070BD2100280000F037F8E36A3B
:107D10000600002B06D02800E1699847002801DA08
:107D200001267642A3891B0603D528002169FDF7A9
:107D3000E9FC216B002908D023004033994202D08E
:107D40002800FDF7DFFC00232363616C002904D0C9
:107D50002800FDF7D7FC00236364FDF76FFA0023CA
:107D6000A381636EDB0702D4A06DFDF73EFCA06D1E
:107D7000FDF739FCFDF76AFAC3E70000F7B50C22FE
:107D80008B5E05000C001A075ED4802212011A4394
:107D90008A814A68002A02DCCA6B002A52DDA76A7F
:107DA000002F4FD0002280202E682A601A00400148
:107DB000E1690240034237D0226DA3895B0706D5F3
:107DC0006368D21A236B002B01D0E36BD21A002315
:107DD0002800A76AE169B847431C06D12A681D2A12
:107DE0004AD82C4B1341DB0746D40C22A35E2A4A07
:107DF0001A40A2810022626022692260DB0405D55C
:107E0000431C02D12B68002B00D12065216B2E6012
:107E1000002917D023004033994202D02800FDF7F3
:107E200071FC002323630DE001232800B847020002
:107E3000431CC2D12B68002BBFD01D2B01D0162BA9
:107E40001AD12E6000201EE00E69002EFAD00F68B5
:107E50000E60BA1B019200229B0700D14A69A26002
:107E6000019B002BEEDD636A32001F002800019B9E
:107E7000E169B847002807DC40230120A28940427D
:107E800013431BB2A381FEBD019B36181B1A01933D
:107E9000E6E7C046FEFFBFDFFFF7FFFF70B5050056
:107EA0000C00002804D0436B002B01D1FDF7D6F95C
:107EB0000C22A35E1E1E15D0626ED20704D49B0551
:107EC00002D4A06DFDF790FB21002800FFF756FFBC
:107ED000636E0600DB0705D4A3899B0502D4A06D61
:107EE000FDF783FB300070BD00487047700700202D
:107EF00070B5074C074D641BA410002C02D102F092
:107F000001F970BD013CA300EB589847F5E7C04666
:107F100024D6020820D60208C9B28218904201D1A4
:107F20000020704703788B42FBD00130F6E7000059
:107F300070B5140000252560104D4B000A005B0849
:107F4000AB421AD81D00054317D00D4D294209D167
:107F500000220C4BDAF734FB36250A004B006D4249
:107F60005B082560084D1B155B192568EB1823601D
:107F7000064B1A40064B1343190070BDFFFFEF7FFD
:107F80000000F07F0000504302FCFFFFFFFF0F8066
:107F90000000E03FF7B51C4F04003868160001935D
:107FA0000091FDF721FB194A1368002B01D1184BF2
:107FB00013605A6838681F2A04DDFDF716FB01209C
:107FC0004042FEBD002C14D0910059180F00883794
:107FD0003E6001271E0097408536FF367568FC31EC
:107FE0003D437560019DCD60022C02D1B1683943DB
:107FF000B160511C5960023200999200D150FDF7D6
:10800000F4FA0020DDE7C04610090020389F012067
:108010003C9F01207FB514001A00094B05001B6826
:108020000E00D868074B002C01D1074B1C000749F4
:10803000019302942B00009600F0C4FE01F0D9FEDB
:10804000EC0700204CD5020887D5020859D5020854
:10805000F8B500240B0C160CA34233D1A64221D153
:108060008BB291B25943FBF7CDFD051E32D0030010
:10807000083B5A6803239A43043A242A32D803005F
:10808000132A0AD90460446008331B2A05D9846086
:10809000C460242A21D00300103300221A605A60E1
:1080A0009A6018E0331C0D1C89B292B29BB24A430D
:1080B000ADB25D43110C69180B0C07D1090492B2E3
:1080C0001143D0E7002E01D1151CEDE7FDF760FA52
:1080D0000C23036000252800F8BD03000461183359
:1080E0004461DAE70021FDF76CF9F4E7F0B50269C5
:1080F0000F6987B006000B0000200291BA426DDBC9
:10810000013FBC00143305931B1903933300143350
:108110001C19019323680493039B04981D6801357F
:108120002900D8F717F8049B0090AB422BD3059B8E
:10813000019D9C46002305930493624608CA286863
:108140009446009A99B25143059A1B0C8918009ADB
:1081500053430A0C9B181A0C89B2059282B2521A28
:108160000499000C52189BB21114C31A5B1819140D
:1081700092B21B041A43039B049104C56345DCD2ED
:108180002368002B30D030000299FEF763F90028F5
:1081900023DB34000025029914341431236801C90B
:1081A00002936B461B8982B29A1A029B5219000CE9
:1081B0001B0C1B1A10141B181D1492B21B041A431B
:1081C000039B04C48B42E9D2019ABB00D3181A68FE
:1081D000002A13D0009B01330093009807B0F0BD34
:1081E0002368002B04D1013F019B043CA342F7D339
:1081F0003761C8E71A68002A04D1013F019A043B9D
:108200009A42F7D33761E5E7F0B514001D00816BA2
:108210009DB00A940B95259E0390002909D0012357
:10822000C26B93404A608B60FDF7B2FE0023039A55
:108230009363002D1EDA012333606B005B080B9300
:108240000B9FB64BB54A3B40934216D1B44B249A90
:1082500013603B031B0B234301D100F085FDB14BA1
:10826000269A0893002A02D0AF4B269A13600898EA
:108270001DB0F0BD00233360E2E70A9A0B9B129217
:1082800013931298139900220023D8F7E9F8061ED9
:108290000BD00123249A1360269B002B02D0A34B02
:1082A000269A1360A24B0893E1E71AAB01931BAB2C
:1082B00000930398129A139BFEF7EEF97A0005904B
:1082C000520D00D17BE0139B18961903994B090BB3
:1082D0000B43994957181298139919000022974B8C
:1082E000DAF736FC964A974BDAF76AF9964A974BD3
:1082F000D9F7BEF9040038000D00DBF723F8944AE3
:10830000944BDAF75DF902000B0020002900D9F741
:10831000AFF904000D00DAF7D9FF00220490002322
:1083200020002900D8F7A2F800280BD00498DBF72A
:1083300009F82B002200D8F793F843425841049BD8
:108340001B1A049301231593049B162B10D8129823
:108350001399049A804BD2009B181A685B68D8F76F
:1083600085F8002847D0049B013B04930023159314
:1083700000221A9B0692DB1B5A1E3ED50122D31AFD
:10838000069300230D93049B002B38DB049A0D9B6E
:10839000944663440D93002314920F93229B01246F
:1083A000092B67D8052B02DD0024043B2293229B76
:1083B000981E032867D8D7F7B9FE2B3A385B1B9B6A
:1083C0001A9EF618654BF218202A0FDD40239B1ADF
:1083D0009F40634B3800F318DC402043DAF7E0FF9E
:1083E0000122604B771ECB18189276E720232000DD
:1083F0009B1A9840F2E71590BAE70D92C3E7069BE7
:10840000049A9B1A069353420F9300231493C5E7D3
:1084100000231093239B0E930993002B13DC01235D
:108420001A000E93099323920DE00123F1E7002334
:10843000239A10939446049B63440E93013309934B
:10844000002B00DC0123002104221000143098428C
:108450001DD9039B1800D963FDF772FD0890002811
:1084600018D1B021404B4148089AFF31FFF7D2FDA7
:108470000123DDE7002310942293013B0E9309931F
:1084800000221333CFE701231093023BF6E70131BB
:108490005200DAE7039B089A9A63099B0E2B00D9D6
:1084A000D7E0002C00D1D4E0049B002B62DD0F212B
:1084B000049A294B0A40D2009B181E685F68049BEF
:1084C00002241D11DB050AD5294B0D401A6A5B6A8F
:1084D00012981399D9F730FC0A900B910134244B70
:1084E0000C93002D08D10A980B9932003B00D9F764
:1084F00023FC0A900B9158E001231D4209D0E41897
:108500000C9B30001A685B683900DAF759F80600EE
:108510000F000C9B6D100833E2E7C0460000F07FAF
:108520000F27000091D5020894D502082BD5020828
:108530002AD502080000F03F01FCFFFF0000F83FD1
:1085400061436F63A787D23FB3C8608B288AC63F59
:10855000FB799F501344D33F30D40208320400000B
:1085600012040000000010FE31D3020895D5020865
:1085700008D40208049B0224002B16D012981399E9
:108580000F225D422A40C34BD2009B181A685B68D9
:10859000DAF716F8012700230A900B91BE4E2D1131
:1085A000002D00D0BAE0002BA3D10A9E0B9F159B93
:1085B000002B00D1BDE0002230003900B74BD7F7C7
:1085C00055FF002800D1B4E0099B002B00D1B0E09A
:1085D0000E9B002B39DD049B0022013B0C933000E5
:1085E000AF4B3900D9F7ECFF0A900B910E9B013489
:1085F00020001193DAF7A6FE0A9A0B9BD9F7E0FF49
:10860000A84B0022D9F734F8A74B0600CF18119BCE
:10861000002B00D091E00A980B990022A34BDAF7C7
:1086200097FA32003B0004000D00D7F733FF002813
:1086300000D0A1E2802109067B1832002000290029
:10864000D7F714FF002800D044E1129B139C0A9333
:108650000B941B9B002B00DA7BE1049A0E2A00DDB1
:1086600077E18C4BD2009B185C681B6806930794DB
:10867000239B002B03DA099B002B00DC1AE10A9EE6
:108680000B9F099B089D013B5B190A93069A079B68
:1086900030003900D9F750FBDAF718FE0990DAF705
:1086A00051FE069A079BD9F78BFF02000B003000A2
:1086B0003900DAF74DFA2B00099A013530321A7079
:1086C0000A9A2C009A4200D035E102000B00D8F73C
:1086D000CFFF069A079B06000F00D7F7DBFE0028A6
:1086E00000D013E1069A079B30003900D7F7B8FE97
:1086F000002803D0099BDD0700D507E10599039801
:10870000FDF746FC00232370049B249A0133136079
:10871000269B002B00D1AAE51C60A8E53D4205D0B0
:1087200032687368D9F74CFF3B0001346D1008368E
:1087300036E7049B0C93099B5AE7119A554B013A73
:10874000D20010999B181A685B68002950D000204D
:108750005749D9F7F1FA32003B00DAF7F9F9089AEC
:10876000060094460F00089B1693119B63441193D7
:108770000A980B99DAF7AAFD0500DAF7E3FD020083
:108780000B000A980B99DAF7E3F9169B30350A903B
:108790000B9102005C1C1D7030000B003900D7F7F4
:1087A00079FE00286CD10A9A0B9B00203B49DAF72E
:1087B000CFF902000B0030003900D7F76BFE00281C
:1087C00000D0A5E0119BA34200D13EE7002230007B
:1087D0003900334BD9F7F4FE002206000F000A9847
:1087E0000B992F4BD9F7ECFE16940A900B91BFE72B
:1087F00030003900D9F7E4FE089D119A2B00944609
:1088000016901791634419930A980B99DAF75EFD55
:108810000400DAF797FD0B0002000A980B99DAF7CB
:1088200097F93034199B2C70013506000F00AB42CC
:1088300029D116981799089B119C9C4600221C4B25
:108840006444D8F715FF02000B0030003900D7F759
:1088500021FE00285CD1169A179B00201449DAF7F4
:1088600077F902000B0030003900D7F7FFFD002830
:1088700000D1EAE62300013C2278302AFAD01C001D
:108880000C9B04933AE70022054BD9F799FE0A9016
:108890000B91B9E730D4020808D402080000F03F79
:1088A0000000244000001C400000C0FC00001440F8
:1088B0000000E03F099B002B0CD10698079900228D
:1088C000BE4BD9F77DFE0A9A0B9BD7F7EDFD00282A
:1088D00000D154E100263700239B089CDB430C9316
:1088E0000023049331000398FDF752FB002FC7D0FB
:1088F000049B002B05D0BB4203D019000398FDF761
:1089000047FB39000398FDF743FBB9E7049B0C9341
:1089100023001C00013B1A78392A08D1089A9A4290
:10892000F7D10C9A089901320C9230220A701A7809
:1089300001321A70A4E70022A14BD9F741FE0022B0
:10894000002306000F00D7F78BFD002800D19DE61D
:10895000D4E6109F0F9D069C002F14D0229A012A66
:1089600000DDC8E0189A002A00D1BEE0954A9B18A5
:10897000069A0121D21806920D9A0398D3180D93E6
:10898000FDF7F0FB0700002C0ED00D9B002B0BDD3C
:108990000D9A2300944200DD1300069AE41AD21ABD
:1089A00006920D9AD31A0D930F9B002B1FD0109B8C
:1089B000002B00D1B5E0002D10D039002A0003981B
:1089C000FDF79AFC059A010007000398FDF7E2FB0A
:1089D000060005990398FDF7DBFA05960F9B5A1BD5
:1089E000AB4204D005990398FDF786FC0590012160
:1089F0000398FDF7B7FB149B0600002B00D1BDE1E7
:108A00001A0001000398FDF777FC229B0600002561
:108A1000012B16DC00250A9BAB420ED10B9B1B03DE
:108A2000AB420AD1684B0B9A134206D0069B013524
:108A3000013306930D9B01330D93149B0120002BF2
:108A400008D0336903339B00F3185868FDF73AFBED
:108A50002023181A0D9B181802001F231A401842D1
:108A600065D001339B1A042B5DDD1C239B1A069AEB
:108A7000E418D21806920D9AD3180D93069B002B7A
:108A800005DD1A0005990398FDF778FC05900D9B0C
:108A9000002B05DD31001A000398FDF76FFC06007E
:108AA000159B002B45D031000598FDF7D3FC00281D
:108AB0003FDA049B0A22013B0C930599002303989B
:108AC000FDF770FA109B0590002B00D15DE10023AB
:108AD00039000A220398FDF765FA0E9B0700002B68
:108AE00055DC229B022B2DDC51E036231A9A0F9D78
:108AF000069C9B1A3CE7099B5D1E0F9BAB4208DB63
:108B00005D1B099B069C002B00DB31E7E41A002368
:108B10002EE70F9B149AEB1AD3180F951493002588
:108B2000EFE70F9A5EE7042BA8D01C339FE71300F2
:108B3000FBE7049B0C93099B0E93002B23DC229BE9
:108B4000022B20DD0E9B002B00D0C5E63100052254
:108B50000398FDF727FA060001000598FDF77AFC57
:108B6000002800DCB8E6089B089A5C1C31231370CF
:108B70000C9B01330C93B3E6119E3700F3E7049B83
:108B8000099E0C93F9E7109B002B00D101E1002C0A
:108B900005DD390022000398FDF7F0FB07003800DF
:108BA000002D26D079680398FDF7CAF9041E13D169
:108BB0002200064B0648074958E4C046000014400E
:108BC00000002440330400000000F07F31D302088D
:108BD00095D50208EF02000039003A690C310232E3
:108BE00092000C30FCF715FD012221000398FDF7DF
:108BF000C5FB089B0E9A0693013B9B180122049724
:108C000007000F930A9B13400E9331000598FFF75E
:108C10006DFA049905000A900598FDF71BFC3A00CF
:108C20000D9031000398FDF731FC0122C368040068
:108C300030350992002B04D101000598FDF70AFC9C
:108C4000099021000398FDF7A3F9069B099A5C1C83
:108C5000229B13430E9A134309D1392D22D00D9B29
:108C6000002B01DD0A9D3135069B1D703AE60D9BF8
:108C7000002B04DB229A13430E9A13431ED1099B47
:108C8000002BF1DD059901220398FDF777FB3100F8
:108C90000590FDF7DFFB002802DCE5D1EB07E3D50B
:108CA000392DDFD13923069A137023001C00013BB4
:108CB0001A78392A4FD001321A7013E6099B002B1B
:108CC00003DD392DEED00135CEE7069B069A1D70E7
:108CD0000F9B93422AD000230A2205990398FDF79F
:108CE00061F9049B0590BB4209D100230A22049933
:108CF0000398FDF757F904900700069485E7049957
:108D000000230A220398FDF74DF9002304900A225C
:108D100039000398FDF746F9EEE70E9B0124002B7E
:108D200000DD1C00089B1C190023049305990122F7
:108D30000398FDF723FB31000590FDF78BFB00281E
:108D4000B3DC01D1ED07B0D423001C00013B1A783D
:108D5000302AFAD0C6E5089A9A42A7D10C9B013373
:108D60000C9331231370BDE5144B269A0893144BD2
:108D7000002A01D0FFF779FAFFF779FA229B012B3D
:108D800000DC47E60120149D64E60E9B002B00DC0E
:108D9000D5E6002431000598FFF7A8F9089B30308C
:108DA00018550E9B013405009C42B6DA00230A22B6
:108DB00005990398FDF7F6F80590EBE788D50208CA
:108DC00090D502080EB417B5054C05AB04CB0100D5
:108DD0002068019300F0C0F81EBC08BC03B018471F
:108DE000EC070020F0B5136887B017000393936871
:108DF00000220C0016000590029293420BD1002035
:108E000000237B6007B0F0BD039B1B680293039BAC
:108E10005E6808330393A5682368002EF4D0AE4241
:108E200032D30C21625E9021C9000A422CD003206B
:108E300021695B1A049363694343D80FC3185B101D
:108E40000193049B019801339B19834200D901933C
:108E5000520530D501990598FAF7D4FE051E34D095
:108E6000049A2169FCF7D5FBA2891E4B1A40802386
:108E70001343A381049B2561ED1825603500019BF8
:108E8000049A63619B1AA360B54200D935002A0099
:108E900002992068FCF782FAA3685B1BA360236831
:108EA0005B192360029B9B190293BB689B1BBB60F1
:108EB000A5D00026AFE7019A0598FBF7E7F8051E55
:108EC000D8D121690598FCF71DFC0C23059A0120D7
:108ED0001360A28934331343A38100234042BB6053
:108EE0008EE7C0467FFBFFFFF0B5936885B0019029
:108EF0000D001400181E08D04B6E9B0427D5166871
:108F0000A068002805D10023A3600023636005B09A
:108F1000F0BD002733680293736800939B080393A6
:108F2000039BBB4208DC0323009A08369A431300D4
:108F3000A268D31AA360E3E70299BB00C9582A00CC
:108F4000019800F02DFF431CDDD00137E8E70198C0
:108F500000F030FDD7E70000F0B5C1B01C001D00E7
:108F6000069004910792002804D0436B002B01D196
:108F7000FCF774F9049B5B6EDB0707D4049B9B89A9
:108F80009B0503D4049B986DFCF72EFB049B0C22DD
:108F90009A5E80239B011A4207D11343049A93815E
:108FA000536EA74A1340049A5366049B9B891B0780
:108FB00003D5049B1B69002B18D10499069800F077
:108FC00053FE002812D0049B5B6EDB0705D50123FE
:108FD0005B420893089841B0F0BD049B9B899B05B8
:108FE000F5D4049B986DFCF700FBF0E7049B0C2282
:108FF0009B5E1A221A400A2A16D1049A0E21525E4A
:10900000002A11DB049A526ED20705D49B0503D4C3
:10901000049B986DFCF7E9FA2300079A04990698D7
:1090200000F084FC0890D5E7002317AE1496169341
:10903000159303960C930D930E930F930893079C2F
:109040002378002B02D0252B00D087E0079BE71A5E
:109050009C4210D0039A1360169B5760DB1916933D
:10906000159B01331593072B7ADC13000833039308
:10907000089BDB1908932378002B01D100F011FC29
:10908000002212A9CA700121631C140049420591F3
:1090900009925A1C1B780792180020385A2800D9C8
:1090A0005CE3D7F74DF8A0005B035B03A9005B030B
:1090B0005B035B0385005B035B03AB00B3005B03F7
:1090C000B100B7005B03DC00DE00DE00DE00DE0086
:1090D000DE00DE00DE00DE00DE005B035B035B0320
:1090E0005B035B035B035B035B035B030601EA015A
:1090F0005B035B035B035B035B035B035B035B0380
:109100005B035B0341025B035B035B037A025B036C
:1091100094025B035B03C2025B035B035B035B03C1
:109120005B035B035B035B035B035B030601EC0117
:109130005B035B035B03EF00EC0102015B03FB00DD
:109140005B03260243026E0202015B037A02A70060
:1091500096025B035B0367005B03A70001346FE7C4
:109160000499069814AAFFF7BFFE002800D073E305
:1091700017AB7CE7334A20000C92202210401442A7
:1091800000D154E2193A0735954306CD009101927A
:10919000E20709D5009A01990A4305D013AA3021A4
:1091A0005370022311701C43274B1C400223CBE158
:1091B0000698FEF799FE436818000F93D6F7AEFFA6
:1091C0000E900698FEF790FE83680D930E9B002B81
:1091D00010D00D9B002B0DD01B78002B0AD08023C4
:1091E000DB001C4306E012ABDA780333002A01D11E
:1091F00020321A70079B4CE70123F2E708CD099350
:10920000002BF7DA5B4209930423EAE72B2212AB27
:10921000DA70EFE7079B5A1C1B782A2B16D0002127
:109220000A200591190030390792092900D933E73E
:10923000059B43435B18059313780132F2E7C04660
:10924000FFDFFFFF08D50208FFFBFFFF08CD0593F6
:10925000002B02DA01235B4205930792CAE78023C1
:10926000BFE70021079A09910A310998303B48432A
:109270001B18099313780132180030380928F4D9E3
:10928000079209E7079B1B78682B05D1079B0133E1
:10929000079380239B00A4E74023A2E7079B1B784A
:1092A0006C2B04D1079B01330793202399E71023EC
:1092B00097E704CD27AB1A70002212A9CA700121CA
:1092C0001E0005910B920B9B059A0A93934200DABC
:1092D0000A9212AB03331B785A1E93410A9AD31891
:1092E0000A9302232340109302231C4202D00A9BBC
:1092F00002330A93842322001A4011921C4221D186
:10930000099B0A9A9F1A002F1CDD169B03999C4605
:10931000CB48159B039A013308311060102F00DDF4
:1093200029E257606744169715930391072B09DDCF
:109330000499069814AAFFF7D7FD002800D08BE205
:1093400017AB039312A9C878169A159B033100280E
:109350000DD003980133016001215218416016922B
:109360001593072B00DD19E20300083303931099CE
:10937000169A159B00290ED0039813A901600221AB
:1093800001335218416016921593072B00DD0EE24F
:10939000030008330393119B802B21D1099B0A9A68
:1093A0009F1A002F1CDD169B03999C46A548159B10
:1093B000039A013308311060102F00DD00E257607E
:1093C0006744169715930391072B09DD04990698B6
:1093D00014AAFFF789FD002800D03DE217AB0393E4
:1093E0000B9B059A9F1A002F1CDD169B03999C4628
:1093F0009448159B039A013308311060102F00DD4B
:10940000F1E157606744169715930391072B09DD27
:109410000499069814AAFFF767FD002800D01BE204
:1094200017AB0393039A059B16605360169B059A2E
:109430009B181693159B01331593072B00DDE5E16F
:10944000039E0836640700D5E9E1099B0A9A934216
:1094500000DA1300089AD3180893169B002B07D044
:109460000499069814AAFFF73FFD002800D0F3E105
:109470000023159317AB0393E1E510231C43A306C8
:1094800028D5072307359D430CCD00920193019AFF
:109490000123002A09DA009E019F00227142BA418D
:1094A000009101922D2112AAD1700199009A0A43CC
:1094B0000599013100D102E2802127008F43002A63
:1094C00000D000E2059A002A00D13DE1012B00D036
:1094D000FCE1D8E008CDE20603D50093DB17019349
:1094E000D5E7620601D51BB2F7E7A205F5D55BB259
:1094F000F3E7A30606D52B68089A1A60D2175A60BC
:1095000004359CE5E30603D52B68089A1A60F7E753
:10951000630603D52B68089A1A80F1E7A405F3D5F2
:109520002B68089A1A70EBE710231C4320232000B5
:1095300018401C420BD0193B07359D430CCD0092BF
:109540000193414B1C400023002112AAACE71022DA
:10955000210008CD1140144202D000930190F0E7A1
:10956000402220001040144203D09BB2009301918E
:10957000E7E780222100920011401442F6D0DBB2CE
:10958000EBE708CD31490093002313AA1180304A3C
:10959000019302331C430C92D6E7002708CD1E002E
:1095A00012ABDF70059B01330CD039003000059AF7
:1095B000FEF7B2FC0B90B84200D184E6831B059302
:1095C0000B9780E63000D6F7A9FD0590F8E7102349
:1095D0001C432023200018401C4207D0193B0735AC
:1095E0009D430CCD009201930123ADE71023210090
:1095F00004CD19401C4203D0009201900F3BA3E719
:109600004023200018401C4203D093B200930191E4
:10961000EAE7802321009B0019401C4203D0D3B20B
:1096200000930190E0E70092F1E70A4AA3E51021D8
:10963000270004CD0F400C420ED000920190A7E508
:10964000FDD50208EDD50208FFFBFFFF30780000D2
:1096500008D5020819D502084021200008400C4214
:1096600003D092B20092019792E5802127008900F1
:109670000F400C42F6D0D2B2DFE7019B002B0BD19A
:10968000009B092B08D8009B3033DBB2B72212A90C
:1096900052181600137040E140AB1E0080230024D6
:1096A000DB003B400A930A22009801990023D6F779
:1096B0003FFF33003032013B1E001A700A9B0B90B3
:1096C00010910134002B1AD00D9B1B78A34216D1A8
:1096D000FF2C14D0019B002B02D1009B092B0ED92B
:1096E0000E9A0F99B31A18001E00FBF79EFE0D9BF1
:1096F00000245B785A1E93410D9AD3180D93019B59
:10970000002B03D1009B092B00D806E10B9B009393
:10971000109B0193C7E740AB1E000F203300013BB5
:109720001E00009B0C9A0340D35C3370019B190709
:10973000009B1A09019B11431B0901930B00019A1D
:1097400000911343EAD1E8E040AA1600002B00D0B4
:10975000E3E0E40700D4E0E0303397E7002B00D1EA
:109760009FE027AA1370002312A9CB7001211600D5
:1097700005910B93A7E510205060624612181692CF
:109780001593072B07DD0499069814AAFFF7ACFB85
:10979000002861D117A9103F0391B6E504990698F6
:1097A00014AAFFF7A1FB002856D117ABDEE50499F8
:1097B000069814AAFFF798FB00284DD117ABE9E5EE
:1097C000102050606246121816921593072B07DD81
:1097D0000499069814AAFFF787FB00283CD117A923
:1097E000103F0391DFE51020506062461218169278
:1097F0001593072B07DD0499069814AAFFF774FB4D
:10980000002829D117A9103F0391EEE50499069885
:1098100014AAFFF769FB00281ED117AE12E6099BB8
:109820000A9A10279C1A002C00DC0EE615993E4A75
:10983000169B01313260102C22DC7460E4181694FF
:109840001591072900DC00E60499069814AAFFF791
:109850004BFB002800D1F8E5049B5B6EDB0707D4C7
:10986000049B9B899B0503D4049B986DFBF7BDFE6D
:10987000049B9B895B0601D4FFF7ACFBFFF7A7FBBA
:1098800010337760169315910836072907DD049980
:10989000069814AAFFF728FB0028DDD117AE103C6C
:1098A000C4E7169B002B02D100231593D4E704993B
:1098B000069814AAFFF718FB0028F5D0CCE727007C
:1098C000002A00D102E6012B00D1D6E6022B00D1FE
:1098D00021E740AB1E0007239C463300013B3200CA
:1098E0001E00634600990B40019930334C070099E4
:1098F0003370C80801990443C908019121000198F7
:1099000000940143E9D1F90707D5302B05D0330086
:109910003021013B1970931E1E00059B3C000B93E8
:1099200040AB9B1B0593CEE4FDD50208F0B51500B6
:1099300002221E4C1F008B89A54493436A469381E3
:109940004B6E06001993CB8916A8D381CB690C0006
:1099500007934B6A09931AAB009304938023DB00AF
:109960000293059300230693FBF73CFE2A003B007D
:1099700069463000FFF7F0FA051E07DB6946300044
:10998000FEF78CFA002801D001256D426B469A89BA
:1099900040231A4202D0A2891343A3811698FBF7F1
:1099A00022FE2800024B9D44F0BDC04694FBFFFF01
:1099B0006C040000F0B5936887B00C00029004922C
:1099C000002B02D1002007B0F0BD8B891B0756D5B4
:1099D0000B69002B53D0049B1B6801930C22A35EE0
:1099E00002221E00164013426FD1012201211A40AB
:1099F0000B4200D1A2E0300037000396002F00D1C7
:109A00000AE100280AD13A000A210398FEF784FAF5
:109A10007E1C002802D0039B0130C61A0596BE4268
:109A200000D9059720682269A5686369904200D82B
:109A3000FBE0059AED18AA4200DCF6E003992A0043
:109A4000FBF7ACFC236821005B1902982360FEF74A
:109A500025FA00286DD10120761B05D1210002983E
:109A6000FEF71CFA002864D1039B049A5B19039348
:109A7000049B7F1B9B685B1B9360BFD1A2E7210007
:109A8000029800F0F1F80028A5D0012040429AE7A2
:109A9000019B1E685D6808330193676AE169002DC8
:109AA000F6D06E4A2B00954200D91300320002987E
:109AB000B84700283DDD049B049A9B6836181B1AA2
:109AC0002D1A9360002BE8D17CE700263500E4E7EF
:109AD000019B1B680393019B5D68083301930C2273
:109AE000A35E2068A668002DF2D080229200134267
:109AF00062D0AE4237D89022D200134233D02169CF
:109B0000421A0320059262694243D70FBF18059A93
:109B10007F1001325219BA4200D917005B053CD5BB
:109B200039000298FAF76EF8061E0AD10C23029A41
:109B300013604023A2891343A381A6E71500039273
:109B4000CDE7059A2169FBF764FDA289444B1A40D1
:109B500080231343A381059B2661F61826602E00FF
:109B60006761FF1AA7602F00AE4200D92E003200B5
:109B700003992068FBF712FCA3689B1BA360236872
:109B80009B192360039B049ADB190393049BED1B31
:109B90009B68DB1B9360A2D114E73A000298FAF7A6
:109BA00075FA061ED7D121690298FBF7ABFD80221A
:109BB000A3899343A381B9E72369834202D36769E9
:109BC000AF4216D9AE4200D92E0032000399FBF7FE
:109BD000E5FBA36822689B1B92193700A3602260F3
:109BE000002BCFD121000298FEF758F90028C9D0E8
:109BF0009FE7802328001B069D4200D319483900A7
:109C0000D6F732FB3B00666A4343039AE169029848
:109C1000B047071EB6DC8CE7019B00201B6803934E
:109C2000019B5F6808330193E8E6059A934208DCDC
:109C3000656A039AE1690298A847051E00DD0AE7F4
:109C400077E7059A0399FBF7A9FB059AA368150026
:109C50009B1AA36023689B182360FCE600FCFF7F2F
:109C60007FFBFFFFFFFFFF7F2D4B70B505001868DE
:109C70000C00002804D0436B002B01D1FBF7EEFA57
:109C80000C23E25E130723D4D30607D409232B60E9
:109C9000402301201343A38140423AE0520713D5E9
:109CA000216B002908D023004033994202D02800BC
:109CB000FBF728FD002323632422A3899343A38178
:109CC00000236360236923600823A2891343A381CF
:109CD0002369002B0BD1A0218022A3898900920047
:109CE0000B40934203D02100280000F0CDF80C2354
:109CF000E25E012113000B400A420BD00023A36057
:109D000063695B42A36100202369834201D113068A
:109D1000BED470BD910700D46369A360F3E7C04669
:109D2000EC070020F0B585B00E0014000190FBF7A1
:109D3000C7FB0500012819D1731EFE2B16D802ABF4
:109D40001E710027AF4221D003ABD95DA368013B50
:109D5000A360002B04DAA26993421ADB0A2918D007
:109D600023685A1C226019700137EBE72300320088
:109D700001985C3303A900F043F80500431CE0D1CF
:109D80004023A2891343A38101267642300005B007
:109D9000F0BD2200019800F0B9F80130E4D1F3E7FA
:109DA000536E70B505000E001400DB0705D49389CF
:109DB0009B0502D4906DFBF717FC0C23E25E802319
:109DC0009B011A4204D11A43A281626E1343636657
:109DD000280022003100FFF7A5FF636E0500DB07B6
:109DE00005D4A3899B0502D4A06DFBF7FEFB2800D8
:109DF00070BD062010B500F005F9012000F07AF9D9
:109E00007FB51D00084B04001E682B00002901D1FE
:109E10000A0001A92000B047431C03D100232B6096
:109E20008A33236004B070BD6007002070B50E0057
:109E30001D000E23C95E140096B0002909DAB2890C
:109E40008023110019401A4218D18023DB0008003A
:109E500010E06A4600F0E0F80028F0DBF0230199FA
:109E60001B021940074B8020C9184B4259418023DF
:109E70000001DB002960236016B070BD0021402383
:109E8000E5E7C04600E0FFFFF0B502268B8905003C
:109E90000C0085B0334207D0230043332360236195
:109EA0000123636105B0F0BD03AB02AAFFF7BEFF5B
:109EB000029F019039002800F9F7A4FE002808D17C
:109EC0000C22A35E9A05EDD4032293431E43A68180
:109ED000E2E78023A28920601343A381039B2061D2
:109EE0006761002B0CD028000E23E15E00F0A6F87D
:109EF000002805D00323A2899A43023B1343A38180
:109F0000A389019A1343A381CCE70000F8B50600AA
:109F10000D001400002804D0436B002B01D1FBF787
:109F20009DF9A369A360A3891B0702D52369002BB0
:109F300009D121003000FFF797FE002803D001254A
:109F40006D422800F8BD0C23E25E80239B01EFB236
:109F5000EDB21A4205D11343A381134A636E134035
:109F6000636623692068C01A6369834205DC2100A7
:109F70003000FDF793FF0028E1D1A3680130013BD9
:109F8000A36023685A1C22601F706369834204D057
:109F9000A389DB07D5D50A2DD3D121003000FDF7E9
:109FA0007DFF0028CDD0CAE7FFDFFFFF70B50400BA
:109FB0000D001F2904D9162303600120404270BD03
:109FC0000300FC33DB69002B04D08A009B181A685D
:109FD000002A08D1200000F055F82A0001002000D6
:109FE00000F03EF8EBE7012A09D0511C03D11623FB
:109FF00003600120E3E7002128001960904700205A
:10A00000DDE7000010B5034B01001868FFF7CEFF35
:10A0100010BDC046EC070020002370B5064D0400BB
:10A02000080011002B60F9F7AFFD431C03D12B682A
:10A03000002B00D0236070BD309F0120002370B53D
:10A04000064D040008002B60F9F78FFD431C03D177
:10A050002B68002B00D0236070BDC046309F0120CC
:10A06000002370B5064D0400080011002B60F9F7BD
:10A0700071FD431C03D12B68002B00D0236070BD01
:10A08000309F012010B5F9F779FD10BDC30DDBB28B
:10A090007F3B020010B5162B13DC002B07DAC20F32
:10A0A000D007013302D1FE239B05184310BD084998
:10A0B00019410842FAD08020C00318418018884313
:10A0C000F4E7802BF2D1011CD6F7D2FBEEE7C046B5
:10A0D000FFFF7F00054A03001168002901D10449F0
:10A0E00011601068C31813607047C046CCA00120EF
:10A0F000D0A00120FEE70000F8B5C046F8BC08BCBF
:10A100009E467047F8B5C046F8BC08BC9E467047EE
:10A1100001B40248844601BC604700BF1509002015
:10A12000081C3044586C80000000000000004830DB
:10A13000315230005030315230004832335230000A
:10A1400048323352310048323352330048303752AC
:10A1500033004830385236005030385236004830DC
:10A1600039523000483039523900483142523600B5
:10A17000483132523000483133523700483046526D
:10A180003100483046523600483046523700483198
:10A190004152320048304152390048314452310076
:10A1A0004831445235004830425234004831385228
:10A1B0003000483236523000483135523000483194
:10A1C0003052340048324152330048343152360064
:10A1D00048334252360048313852310048314652F5
:10A1E0003500483342523200483231523200483151
:10A1F000375231004831355238004832425230002F
:10A2000048303552300048334252370048324252CB
:10A210003100483037523800483038523700483122
:10A2200036523600503038523700483139523000FB
:10A2300052504900000048313452410048313452F4
:10A24000390048304652390000000000000000008C
:10A25000000000006D650000616C6C006966000024
:10A26000666F72004D6F6E6461790000547565739E
:10A27000646179005765646E6573646179000000FC
:10A2800054687572736461790000000046726964F5
:10A290006179000053617475726461790000000097
:10A2A00053756E64617900004A616E004665620014
:10A2B0004D617200417072004D6179004A756E0007
:10A2C0004A756C0041756700536570004F637400F8
:10A2D0004E6F7600446563000D0A424F532E72653F
:10A2E00073706F6E73653A20616C6C2C206D6573B2
:10A2F000736167652C20636C692C206E6F6E650D31
:10A300000A0000000D0A424F532E74726163653AD1
:10A3100020616C6C2C206D6573736167652C2072F5
:10A320006573706F6E73652C206E6F6E650D0A001D
:10A33000424F532E636C6962617564726174653A51
:10A3400020434C492062617564726174652E20441B
:10A35000656661756C74206973203932313630302E
:10A360002E2054686973206166666563747320618A
:10A370006C6C20706F7274732E20496620796F7533
:10A38000206368616E676520746869732076616C0C
:10A3900075652C20202020202020202020202079BE
:10A3A0006F75206D75737420636F6E6E65637420B6
:10A3B000746F206120434C4920706F7274206F6E5F
:10A3C0002065616368207374617274757020746FA6
:10A3D00020726573746F7265206F746865722041B6
:10A3E0007272617920706F72747320696E746F205D
:10A3F00064656661756C7420626175647261746510
:10A400000D0A0000424F532E6465626F756E6365DE
:10A410003A2031202E2E2E2E2E2E2E2E2E2E2E2E69
:10A42000203635353336206D7365630D0A00000024
:10A43000424F532E73696E676C65636C69636B740E
:10A44000696D653A2031202E2E2E2E2E2036353580
:10A450003336206D7365630D0A000000424F532EA2
:10A460006D696E696E746572636C69636B74696D36
:10A47000653A2031202E2E2E20323535206D736521
:10A48000630D0A00424F532E6D6178696E746572D8
:10A49000636C69636B74696D653A2031202E2E2ED2
:10A4A00020323535206D7365630D0A000A0D54683E
:10A4B0006973206D6F64756C652077696C6C2062C0
:10A4C0006520666F7263656420696E746F20626FC9
:10A4D0006F746C6F61646572206D6F64652E0A0D18
:10A4E000506C656173652075736520746865202202
:10A4F00053544D20466C617368204C6F61646572E3
:10A500002044656D6F6E73747261746F72222009DE
:10A5100009097574696C69747920746F20757064A9
:10A5200061746520746865206669726D7761726513
:10A530002E0A0D0A092A2A2A20496D706F72746149
:10A540006E74202A2A2A0A0D4966207468697320CD
:10A550006D6F64756C6520697320636F6E6E6563E3
:10A56000746564206469726563746C7920746F200B
:10A57000504320706C6561736520636C6F73652058
:10A580007468697320706F72742066697273742EB8
:10A590000A0D00000A0D4D6F64756C65202564205E
:10A5A00077696C6C20626520666F726365642069F0
:10A5B0006E746F20626F6F746C6F61646572206D72
:10A5C0006F64652E000000000A0D506C65617365B4
:10A5D0002075736520746865202253544D20466CA5
:10A5E000617368204C6F616465722044656D6F6EA5
:10A5F00073747261746F7222207574696C697479F6
:10A6000020746F20757064617465207468652066BD
:10A6100069726D776172652E0909090A0D0A092AA6
:10A620002A2A20496D706F7274616E74202A2A2A5A
:10A630000A0D2D2049662074686973206D6F64755A
:10A640006C6520697320636F6E6E6563746564204A
:10A650006469726563746C7920746F205043207054
:10A660006C6561736520636C6F73652074686973D2
:10A6700020706F72742066697273742E0A0D090956
:10A68000092D20596F75206D75737420706F776573
:10A6900072206379636C652074686520656E7469E7
:10A6A00072652041727261792061667465722074EE
:10A6B0006865207570646174652069732066696ED1
:10A6C00069736865642E0A0D000000000A0D52656A
:10A6D0006D6F7465207570646174652076696120A2
:10A6E0006D6F64756C652025642C20706F7274200A
:10A6F0005025642077696C6C2062652074726967EC
:10A7000067657265642E00003D0000003E00000099
:10A710003C0000003E3D00003C3D0000213D0000AB
:10A720000A0D284D6F64756C653A506F7274290973
:10A730000900000050256409000000000A0A0D000D
:10A740004D6F64756C652025643A090009000000AE
:10A750002564090025643A25640900000A0D0000FB
:10A760000A0000000A0D546865736520706F7274EA
:10A7700073206172652072657665727365643A0054
:10A780000A0D4D6F64756C65202564203A205025B4
:10A79000640000000A0A0D416C6C206F74686572D9
:10A7A00020706F72747320617265206E6F726D61BC
:10A7B0006C0A0D000A0D2A2A2A204D6F64756C65FB
:10A7C00020256420537461747573202A2A2A0A0094
:10A7D0000A0D436F6E6E656374656420766961204F
:10A7E000706F72743A205025640A0D000A0D466994
:10A7F000726D776172652076657273696F6E3A204B
:10A8000025642E25642E2564000000005365702009
:10A8100031342032303235000A0D4669726D77616D
:10A82000726520646174653A202020202573000041
:10A8300031373A31313A3435000000000A0D4669AB
:10A84000726D776172652074696D653A20202020F1
:10A8500025730A0D000000000A0D506F72747320FA
:10A860005374617475733A0A0A0D00005025643AF6
:10A8700020000000467265650A0D000052656365A0
:10A880006976696E67206D657373616765730A0D1C
:10A890000000000053747265616D696E670A0D00F7
:10A8A000526563656976696E6720757365722063AA
:10A8B0006F6D6D616E64730A0D000000436F6E6E04
:10A8C000656374656420746F206120627574746FB1
:10A8D0006E2F7377697463680A0D00000A0D444D8A
:10A8E000412053747265616D732053746174757384
:10A8F0003A0A0D000A0D53747265616D696E672026
:10A90000444D41202564206973206672656500000E
:10A910000A0D53747265616D696E6720444D412064
:10A9200025642069732073747265616D696E672098
:10A9300066726F6D2050256420746F20502564006E
:10A940000A0D546865736520706F727473206172AC
:10A95000652072657665727365643A2000000000B8
:10A9600050256420000000004E6F6E65000000005E
:10A970000E5F00081C5F00082A5F0008385F0008AF
:10A98000465F00086D650000616C6C00E2690008BC
:10A99000706600088C660008AA660008D866000881
:10A9A00006670008466700088667000870660008AA
:10A9B000F4690008406800086068000882680008C0
:10A9C000B4680008E66800082A6900086E69000893
:10A9D00040680008C66B0008D46B0008E26B0008F2
:10A9E000F06B0008FE6B00084A6C0008586C000809
:10A9F000666C0008746C0008826C000825732025C2
:10AA00003032642F253032642F253034640000004A
:10AA1000253032643A253032643A25303264000001
:10AA2000081C3044586C80000A0D0A0D3D3D3D3D28
:10AA30003D3D3D3D3D3D3D3D3D3D3D3D3D3D3D3D46
:10AA40003D3D3D3D3D3D3D3D3D3D3D3D3D3D3D3D36
:10AA50003D3D3D3D3D3D3D3D3D3D3D3D3D3D3D3D26
:10AA60000920202020200A0D3D3D3D3D3D3D3D3D3E
:10AA70003D3D3D3D3D3D3D3D3D3D3D3D3D3D3D3D06
:10AA80003D3D3D3D3D3D3D3D3D3D3D3D3D3D3D3DF6
:10AA90003D3D3D3D3D3D3D3D3D3D3D3D0920202071
:10AAA00020200A0D7C7C2020202020202020202017
:10AAB000202057656C636F6D6520746F2042697448
:10AAC0007A4F5320434C4921202020202020202051
:10AAD0002020202020207C7C0909200A0D7C7C205D
:10AAE00020202020202028432920434F505952491C
:10AAF00047485420484558414249545A2032303141
:10AB0000372D323032352E20202020202020207C6E
:10AB10007C0920202020200A0D7C7C202020202061
:10AB20002020202020202020202020202020202025
:10AB30002020202020202020202020202020202015
:10AB400020202020202020202020207C7C0909207B
:10AB50000A0D7C7C202020202020506C65617365CC
:10AB600020636865636B207468652070726F6A6526
:10AB70006374207765627369746520617420202096
:10AB8000202020207C7C0909200A0D7C7C202020AC
:10AB900020202020202020202020687474703A2F4C
:10ABA0002F686578616269747A2E636F6D2F20203B
:10ABB000202020202020202020202020207C7C09F4
:10ABC00020202020200A0D7C7C20202020202020F6
:10ABD0002020202020202020202020202020202075
:10ABE0002020202020202020202020202020202065
:10ABF0002020202020202020207C7C0920202020B4
:10AC0000200A0D7C7C202020547970652068656CBA
:10AC10007020666F722061206C697374206F6620EB
:10AC2000617661696C61626C6520636F6D6D616EE8
:10AC300064732E20207C7C0920202020200A0D3DDA
:10AC40003D3D3D3D3D3D3D3D3D3D3D3D3D3D3D3D34
:10AC50003D3D3D3D3D3D3D3D3D3D3D3D3D3D3D3D24
:10AC60003D3D3D3D3D3D3D3D3D3D3D3D3D3D3D3D14
:10AC70003D3D3D0920202020200A0D3D3D3D3D3D2C
:10AC80003D3D3D3D3D3D3D3D3D3D3D3D3D3D3D3DF4
:10AC90003D3D3D3D3D3D3D3D3D3D3D3D3D3D3D3DE4
:10ACA0003D3D3D3D3D3D3D3D3D3D3D3D3D3D3D0908
:10ACB00020202020200A0A0D000000000D0A0000BC
:10ACC0000D0A5B507265737320454E5445522074D3
:10ACD0006F2065786563757465207468652070728F
:10ACE0006576696F757320636F6D6D616E64206149
:10ACF0006761696E5D0D0A3E00000000436F6E6E75
:10AD0000656374656420746F206D6F64756C652075
:10AD1000256420282573292C20706F7274205025FB
:10AD2000642E0A0A0D3E0000696620000A43616E27
:10AD30006E6F742073746F7265206D6F726520433F
:10AD40006F6D6D616E6420536E6970706574732EE3
:10AD500020506C656173652064656C657465206561
:10AD600078697374696E67206F6E657320616E64B5
:10AD70002074727920616761696E2E0A0D000000EF
:10AD8000656E642069660000000000000A436F6E73
:10AD9000646974696F6E616C2073746174656D654C
:10ADA0006E7420616363657074656420616E6420F5
:10ADB000616464656420746F20436F6D6D616E64BF
:10ADC00020536E6970706574732E0A0D00000000C8
:10ADD000626F730057726F6E67206D6F64756C657C
:10ADE000206E616D652120506C6561736520747201
:10ADF0007920616761696E2E0A0D000057726F6ECF
:10AE000067206D6F64756C652049442120506C6526
:10AE10006173652074727920616761696E2E0A0D15
:10AE200000000000436F6D6D616E642062726F619F
:10AE30006463617374656420746F20616C6C0A0DC7
:10AE40000000000025734D756C7469636173742094
:10AE5000436F6D6D616E6420666F727761726465B9
:10AE60006420746F2067726F75702025730A0D005F
:10AE70007570646174650000436F6D6D616E642070
:10AE8000666F7277617264656420746F204D6F64C1
:10AE9000756C652025640A0D0000000025734D6F58
:10AEA00064756C65202564206973206E6F74207250
:10AEB0006561636861626C652E0A0D00636C69638D
:10AEC0006B656400646F75626C6520636C69636BAD
:10AED0006564000072656C65617365640000000064
:10AEE00020000000847A0008D0790008E679000884
:10AEF000FC790008227A0008387A00085E7A000897
:10AF0000081C3044586C80003D3D003E00003C0071
:10AF1000003E3D003C3D00213D00000072756E2D5D
:10AF200074696D652D7374617473000072756E2D94
:10AF300074696D652D73746174733A0D0A204469E8
:10AF400073706C61792061207461626C6520736834
:10AF50006F77696E6720686F77206D756368207002
:10AF6000726F63657373696E672074696D652065C0
:10AF7000616368204672656552544F532074617353
:10AF80006B2068617320757365640D0A0D0A0000FB
:10AF90001CAF02082CAF0208797E000800000000F8
:10AFA0007461736B2D737461747300007461736BDF
:10AFB0002D73746174733A0D0A20446973706C6167
:10AFC000792061207461626C652073686F77696EA7
:10AFD0006720746865207374617465206F662065EE
:10AFE000616368204672656552544F5320746173E3
:10AFF0006B0D0A0D0A000000A0AF0208ACAF0208FA
:10B00000397E00080000000070696E6700000000D3
:10B0100070696E673A0D0A2050696E672061206D75
:10B020006F64756C650D0A0D0A00000008B0020817
:10B0300010B00208B97E000800000000757064615D
:10B04000746500007570646174653A0D0A2050756E
:10B050007420746865206D6F64756C6520696E205E
:10B06000666163746F727920626F6F746C6F616474
:10B070006572206D6F646520746F207570646174F3
:10B080006520697473206669726D776172652E0D33
:10B090000A0A09090909090920202D20557365208C
:10B0A00027236E2E7570646174652720746F207578
:10B0B00070646174652072656D6F7465206D6F6476
:10B0C000756C65206E2E204D616B65207375726501
:10B0D000207468652070726F6772616D6D696E674C
:10B0E00020706F72742069732074686520696E63C4
:10B0F0006F6D696E6720706F7274206F6620746860
:10B100006973206D6F64756C652E0D0A0909090954
:10B11000090920202D2055736520277570646174FE
:10B12000652076696120236E2070782720746F2057
:10B130007573652074686520535420466C6173688C
:10B14000204C6F6164657220746F6F6C2077697436
:10B1500068206D6F64756C65206E2C20706F727442
:10B16000207820746F207570646174652061206E92
:10B1700065696768626F72206D6F64756C652E20FB
:10B18000546869732069732075736566756C2069EE
:10B190006620090909090909097461726765742043
:10B1A0006D6F64756C65206973206E6F74207061BB
:10B1B0007274206F662074686520746F706F6C6F96
:10B1C0006779206F722069662070726F6772616D97
:10B1D0006D696E6720706F7274206973206E6F7472
:10B1E00020696E207468652073686F72746573746B
:10B1F000207061746820746F2074617267657420B8
:10B200006D6F64756C652E0D0A0D0A003CB0020866
:10B2100044B00208557F0008FF0000006578706C9C
:10B220006F7265006578706C6F72653A0D0A204523
:10B2300078706C6F726520746865206172726179D4
:10B2400020616E64206275696C6420697473207477
:10B250006F706F6C6F67790D0A0D0A001CB20208DF
:10B2600024B2020855810008000000007265736571
:10B270007400000072657365743A0D0A205265739C
:10B28000657420746865206D6F64756C650D0A0DBA
:10B290000A0000006CB2020874B202084D82000875
:10B2A000000000006E616D65000000006E616D655C
:10B2B0003A0D0A204E616D6520746865206D6F64DB
:10B2C000756C65207769746820616E20616C6961B6
:10B2D000732028317374207061722E290D0A0D0AB3
:10B2E00000000000A4B20208ACB202085D820008AF
:10B2F0000100000067726F757000000067726F7563
:10B30000703A0D0A2047726F7570206D756C746904
:10B31000706C65206D6F64756C65732028326E6487
:10B320002B207061722E2920696E746F2061206E4F
:10B330006577206F72206578697374696E6720671E
:10B34000726F75702028317374207061722E290D10
:10B350000A0D0A00F4B20208FCB202084583000894
:10B36000FF0000007374617475730000737461747E
:10B3700075733A0D0A20446973706C6179206D6FA2
:10B3800064756C65207374617475730D0A0D0A0021
:10B3900064B302086CB30208418600080000000094
:10B3A000696E666F00000000696E666F3A0D0A20D4
:10B3B000446973706C617920617272617920696E81
:10B3C000666F726D6174696F6E0D0A0D0A00000080
:10B3D000A0B30208A8B302085D86000800000000C0
:10B3E0006164642D627574746F6E00006164642D15
:10B3F000627574746F6E3A0D0A20446566696E65F5
:10B40000206120627574746F6E206174206F6E65A8
:10B41000206F662074686520617272617920706F98
:10B420007274732E20427574746F6E207479706517
:10B430002028277377697463682D6E6F272C202767
:10B440007377697463682D6E6327292831737420BC
:10B450007061722E292C20427574746F6E20706F8B
:10B4600072742028326E64207061722E290D0A0DCC
:10B470000A000000E0B30208ECB302085987000894
:10B480000200000072656D6F76652D627574746FD1
:10B490006E00000072656D6F76652D627574746F55
:10B4A0006E3A0D0A2052656D6F76652061206275D7
:10B4B00074746F6E20746861742077617320707289
:10B4C0006576696F75736C7920646566696E65640D
:10B4D000206174207468697320706F727420283141
:10B4E0007374207061722E290D0A0D0A000000008D
:10B4F00084B4020894B402086988000801000000BE
:10B50000736574007365743A0D0A20536574206185
:10B5100020706172616D65746572202831737420CA
:10B520007061722E292077697468206120676976BE
:10B53000656E2076616C75652028326E64207061BE
:10B54000722E290D0A0D0A0000B5020804B5020882
:10B55000FD880008FF000000676574006765743AA5
:10B560000D0A2047657420746865206375727265E2
:10B570006E742076616C7565206F66206120706145
:10B5800072616D6574657220283173742070617208
:10B590002E290D0A0D0A000058B502085CB50208F4
:10B5A000A5940008FF00000064656661756C740076
:10B5B00064656661756C743A0D0A20547970652073
:10B5C0002764656661756C7420706172616D7327A4
:10B5D00020746F2073657420616C6C2070617261DF
:10B5E0006D657465727320746F2064656661756C37
:10B5F000742076616C7565730D0A2054797065202E
:10B600002764656661756C742061727261792720A8
:10B61000746F2072656D6F76652063757272656EEA
:10B620007420746F706F6C6F67790D0A0D0A0000DB
:10B63000A8B50208B0B50208419800080100000052
:10B6400074696D650000000074696D653A0D0A202B
:10B65000446973706C61792063757272656E7420D1
:10B6600074696D6520696E2048483A4D4D3A5353D0
:10B670002D6D73656320666F726D61740D0A0D0A1E
:10B680000000000040B6020848B6020839990008D8
:10B69000000000006461746500000000646174656E
:10B6A0003A0D0A20446973706C6179206375727277
:10B6B000656E74206461746520696E205765656BE2
:10B6C000646179204D4D2F44442F595959592066B2
:10B6D0006F726D61740D0A0D0A00000094B60208C5
:10B6E0009CB60208119A0008000000007365742DD2
:10B6F0006261756472617465000000007365742D89
:10B7000062617564726174653A0D0A205365742034
:10B71000554152542062617564726174650D0A0965
:10B720002831737420706172616D65746572293A95
:10B7300020503120746F2050360D0A0928326E6473
:10B7400020706172616D65746572293A206261755D
:10B7500064726174650D0A0D0A000000ECB60208FF
:10B76000FCB60208459A000802000000757569647D
:10B7700000000000757569643A0D0A204469737011
:10B780006C6179204D435520756E69717565205542
:10B7900049440D0A0D0A00006CB7020874B702088C
:10B7A000059B0008000000006964636F6465000089
:10B7B0006964636F64653A0D0A20446973706C6153
:10B7C00079204D4355204944434F44452028444562
:10B7D000565F494420616E64205245565F494429B2
:10B7E0000D0A0D0A00000000A8B70208B0B7020851
:10B7F000959B000800000000666C6173682D7369FA
:10B800007A650000666C6173682D73697A653A0D1C
:10B810000A20446973706C6179204D435520466C51
:10B820006173682073697A6520696E204B62797450
:10B8300065730D0A0D0A0000F8B7020804B8020883
:10B84000119C000800000000736E69700000000089
:10B85000736E69703A0D0A20446973706C617920C7
:10B8600061206C697374206F662073746F726564F5
:10B8700020436F6D6D616E6420536E6970706574E6
:10B880007320746F2065646974206F722064656C26
:10B890006574650D0A0D0A0048B8020850B8020820
:10B8A000459C0008000000006163742D736E697090
:10B8B000000000006163742D736E69703A0D0A20F8
:10B8C0004163746976617465206120436F6D6D61B9
:10B8D0006E6420536E69707065740D0A0D0A000065
:10B8E000A8B80208B4B802086D9F00080100000063
:10B8F00070617573652D736E69700000706175738A
:10B90000652D736E69703A0D0A205061757365205C
:10B910006120436F6D6D616E6420536E6970706558
:10B92000740D0A0D0A000000F0B80208FCB8020805
:10B9300025A000080100000064656C2D736E69701D
:10B940000000000064656C2D736E69703A0D0A206A
:10B9500044656C657465206120436F6D6D616E6434
:10B9600020536E69707065740D0A0D0A00000000A6
:10B9700038B9020844B90208DDA00008010000003F
:10B9800062726964676500006272696467653A0D96
:10B990000A204272696467652074776F2061727251
:10B9A000617920706F7274730D0A0D0A0000000037
:10B9B00080B9020888B90208B1A20008020000009C
:10B9C000756E62726964676500000000756E627270
:10B9D000696467653A0D0A20556E2D627269646765
:10B9E000652074776F20617272617920706F727454
:10B9F000730D0A0D0A000000C0B90208CCB9020894
:10BA0000CDA3000802000000746573742D706F727E
:10BA100074000000746573742D706F72743A0D0AAF
:10BA2000207465737420706F72742066756E637411
:10BA3000696F6E616C6974792E20796F752063610E
:10BA40006E2063686F6F7365206569746865722026
:10BA5000746F2074657374206F6E652073706563F6
:10BA60006966696320706F7274206F7220746F2032
:10BA70007465737420616C6C20706F7274732E2007
:10BA8000706C6561736520747970652050782077DB
:10BA9000686572652078207374616E647320666FC8
:10BAA0007220746865206E756D626572206F662005
:10BAB000706F7274206F722074797065203C616CB5
:10BAC0006C3E20746F207465737420616C6C207000
:10BAD0006F72740D0A0D0A0008BA020814BA02083F
:10BAE000E9A4000801000000726561642D616463CF
:10BAF00000000000726561642D6164633A0D0A20E4
:10BB0000526561642061646320766F6C746167655F
:10BB10002056616C75652066726F6D205032206F03
:10BB20007220503120616E642063686F6F736520EE
:10BB300074686520736964652077686572656173F0
:10BB400020746F70206F7220626F74746F6D0D0AB5
:10BB50000D0A0000E8BA0208F4BA0208C1A70008FA
:10BB600002000000726561642D74656D7000000054
:10BB7000726561642D74656D703A0D0A20526561BD
:10BB80006420696E7465726E616C2074656D706599
:10BB90007261747572650D0A0D0A000064BB0208BB
:10BBA00070BB0208D5A8000800000000726561643F
:10BBB0002D76726566000000726561642D7672658F
:10BBC000663A0D0A205265616420696E7465726E72
:10BBD000616C207265666572656E636520566F6C78
:10BBE000746167650D0A0D0A00000000ACBB020815
:10BBF000B8BB020829A90008000000007265616452
:10BC00002D6164632D70657263656E746167650094
:10BC1000726561642D6164632D70657263656E7415
:10BC20006167653A0D0A2047657420616463207678
:10BC30006F6C746167652070657263656E746167AF
:10BC4000652076616C75652066726F6D20503220BC
:10BC50006F722050310D0A0D0A000000FCBB020873
:10BC600010BC02087DA90008020000005461736B3B
:10BC7000205374617465205072696F726974792001
:10BC8000537461636B20230D0A2A2A2A2A2A2A2A3E
:10BC90002A2A2A2A2A2A2A2A2A2A2A2A2A2A2A2A04
:10BCA0002A2A2A2A2A2A2A2A2A2A2A2A2A2A2A2AF4
:10BCB0002A2A2A2A2A2A2A2A2A0D0A005461736B60
:10BCC000204162732054696D6520252054696D659B
:10BCD0000D0A2A2A2A2A2A2A2A2A2A2A2A2A2A2A01
:10BCE0002A2A2A2A2A2A2A2A2A2A2A2A2A2A2A2AB4
:10BCF0002A2A2A2A2A2A2A2A2A2A0D0A0000000089
:10BD000076696100200000004D6F64756C657320DA
:10BD10005B0000002C2000000A0D4E756D626572FC
:10BD2000206F66206D6F64756C65733A2025640A18
:10BD3000000000000A0D417272617920746F706F0B
:10BD40006C6F67793A0A0000436F756C64206E6F00
:10BD500074207265616420706F72747320646972FC
:10BD6000656374696F6E20666F7220736F6D6520F6
:10BD70006D6F64756C65732120506C65617365200F
:10BD800074727920616761696E0A0D007377697456
:10BD900063682D6E6F0000007377697463682D6EA1
:10BDA00063000000626F732E000000007265737004
:10BDB0006F6E736500000000616C6C006D657373DD
:10BDC00061676500636C69006E6F6E65000000005E
:10BDD0007472616365000000636C6962617564720E
:10BDE000617465006465626F756E636500000000D4
:10BDF00073696E676C65636C69636B74696D65000C
:10BE00006D696E696E746572636C69636B74696D7C
:10BE1000650000006D6178696E746572636C6963BA
:10BE20006B74696D65000000616D0000706D00004D
:10BE30006D6F6E646179000074756573646179007B
:10BE40007765646E6573646179000000746875726B
:10BE500073646179000000006672696461790000B2
:10BE600073617475726461790000000073756E64AB
:10BE7000617900006A616E7561727900312000009D
:10BE80006665627275617279000000003220000000
:10BE90006D61726368000000332000006170726998
:10BEA0006C000000342000006D6179003520000036
:10BEB0006A756E6500000000362000006A756C79B6
:10BEC0000000000037200000617567757374000082
:10BED0003820000073657074656D62657200000043
:10BEE000392000006F63746F6265720031300000AA
:10BEF0006E6F76656D626572000000003131000082
:10BF0000646563656D626572000000003132000097
:10BF10006D73670025640A0D00000000257323255A
:10BF2000640A0D00706172616D730000617272616C
:10BF300079000000414D0000504D000025730000C5
:10BF400025732530385800000D0A000053544D3336
:10BF50003247304231000000554E4B4E4F574E0095
:10BF60005061757365640041637469766500000013
:10BF7000480000005032000050310000746F700023
:10BF8000626F74746F6D000061646320766F6C740F
:10BF9000616765206973203D2025302E3266200DB3
:10BFA0000A000000696E7465726E616C2074656DC4
:10BFB000706572617475726520697320252E326612
:10BFC00043200D0A00000000696E7465726E616C9A
:10BFD000207265666572656E636520766F6C74614C
:10BFE0006765206973203D20252E326656200D0A94
:10BFF0000000000061646320766F6C7461676520E7
:10C0000070657263656E74616765206973203D2099
:10C01000252E3266252520250D0A00004869206658
:10C02000726F6D206D6F64756C652025640D0A005C
:10C0300048692066726F6D206D6F64756C65202590
:10C040006420282573290D0A0000000055706461E2
:10C050007465206669726D7761726520666F722003
:10C060006D6F64756C652025640A0D0057726F6EE4
:10C07000672076616C7565210A0D00000A546865B9
:10C08000206172726179206973206265696E672030
:10C090006578706C6F7265642E20506C6561736595
:10C0A00020776169742E2E2E0A0D00000A546865EF
:10C0B000206172726179206578706C6F7261746949
:10C0C0006F6E207375636365656465642E20492017
:10C0D000666F756E64202564206D6F64756C657382
:10C0E00020696E636C7564696E67206D7973656C29
:10C0F000662E204865726520697320746865206427
:10C100006973636F766572656420746F706F6C6FAE
:10C1100067793A0A0D0000000A546865206172725E
:10C120006179206578706C6F726174696F6E2066DA
:10C1300061696C65642E20506C6561736520646F65
:10C1400075626C6520636865636B20636F6E6E65F6
:10C150006374696F6E732C207265736574207468E4
:10C1600065206D6F64756C657320616E64207472F8
:10C170007920616761696E2E0A0D00004D6F64754C
:10C180006C65202564206973206E616D65642025CF
:10C19000730A0D0025732069732061207265736531
:10C1A0007276656420424F53206B6579776F7264B5
:10C1B0002120506C65617365207573652061206472
:10C1C0006966666572656E7420616C6961730A0DDB
:10C1D00000000000257320697320616C7265616442
:10C1E0007920757365642120506C656173652075D5
:10C1F0007365206120646966666572656E7420618E
:10C200006C6961730A0D0000257320697320616EEB
:10C21000206578697374696E6720434C4920636FA9
:10C220006D6D616E642120506C656173652075735E
:10C2300065206120646966666572656E7420616C54
:10C240006961730A0D000000257320697320612065
:10C2500077726F6E67206D6F64756C65204944203E
:10C260006F7220616C6961730A0D0000506C65612A
:10C27000736520656E74657220736F6D65206D6FD8
:10C2800064756C652049447320746F206164642078
:10C29000746F2025730A0D005D206164646564205D
:10C2A000746F206E65772067726F75702025730A32
:10C2B0000D0000005D20616464656420746F20657A
:10C2C00078697374696E672067726F757020257363
:10C2D0000A0D000041206E65772025732062757479
:10C2E000746F6E206E616D656420422564207761F5
:10C2F0007320646566696E656420617420706F7276
:10C3000074205025640A0D00427574746F6E2042CB
:10C310002564207761732072656D6F766564206691
:10C32000726F6D20706F7274205025640A0D0000CA
:10C330002573207761732073657420746F202573D3
:10C340000A0D00000A596F75206D757374207265AF
:10C35000737461727420746F20656E61626C652005
:10C36000746865206E6577206261756472617465BA
:10C370002E0A0D00546869732061666665637473E4
:10C3800020616C6C20706F7274732E204966207966
:10C390006F75206368616E676520746869732076C5
:10C3A000616C75652066726F6D2064656661756C81
:10C3B000742C200909090909090909090909092031
:10C3C0002020796F75206D75737420636F6E6E65B4
:10C3D000637420746F206120434C4920706F727425
:10C3E000206F6E206561636820737461727475706C
:10C3F00020746F20726573746F7265206F74686546
:10C400007220617272617920706F72747320696E2C
:10C41000746F2064656661756C7420626175647206
:10C420006174650A0D00000057726F6E67207061BD
:10C4300072616D65746572210A0D000025730A0D25
:10C440000000000025732067726F757020646F65AF
:10C4500073206E6F74206578697374210A0D000073
:10C4600047726F7570202573206D656D62657273FC
:10C470003A0A0D0025732069732073657420746F68
:10C4800020612077726F6E672076616C7565210A76
:10C490000D000000416C6C20706172616D65746507
:10C4A00072732073657420746F2064656661756CA7
:10C4B000742076616C7565730A0D000043757272A5
:10C4C000656E7420617272617920746F706F6C6F29
:10C4D0006779207761732072656D6F7665642E20B1
:10C4E000506C65617365207265626F6F7420616C5A
:10C4F0006C206D6F64756C65730A0D004375727204
:10C50000656E742074696D6520697320253032640E
:10C510003A253032643A253032642D253033640AAE
:10C520000D00000043757272656E742074696D654C
:10C5300020697320253032643A253032643A253040
:10C5400032642D253033642025730A0D000000006D
:10C5500043757272656E742064617465206973201E
:10C5600025730A0D0000000057726F6E672070611E
:10C5700072616D65746572210D0A00004261756417
:10C580007261746520666F7220706F72742050251E
:10C5900064207761732073657420746F2025640DA7
:10C5A0000A0000004D435520555549442069730A3F
:10C5B0000D0000004D4355204445565F4944206915
:10C5C000732025730A0D000025734D4355205245F5
:10C5D000565F49442069732025642E300A0D0000FF
:10C5E0004D435520466C6173682073697A652069F4
:10C5F00073202564204B62797465730A0D00000076
:10C6000054686520666F6C6C6F77696E6720436F46
:10C610006D6D616E6420536E697070657473206116
:10C6200072652073746F72656420696E206D656D2C
:10C630006F72793A0A0A0D005B253032645D20255D
:10C64000730A0D0025736966206225642E636C6988
:10C65000636B6564000000002573696620622564D1
:10C660002E646F75626C6520636C69636B65640032
:10C6700025736966206225642E72656C6561736539
:10C68000640000002573696620257320257320252A
:10C690002E31660025730A0D092573000A0D656E9B
:10C6A000642069660A0A0D00546F2064656C657425
:10C6B00065206120536E69707065742C20747970E8
:10C6C000653A2064656C2D736E697020780A0D548C
:10C6D0006F206163746976617465206120536E69AF
:10C6E000707065742C20747970653A200909090905
:10C6F000090909090909090909096163742D736E9A
:10C70000697020780A0D546F20706175736520611F
:10C7100020536E69707065742C20747970653A20AE
:10C7200070617573652D736E697020780A0A0D77D4
:10C730006865726520782069732074686520536E7F
:10C740006970706574206E756D6265722066726FB7
:10C750006D20746865206C6973740A0D0000000018
:10C76000536E6970706574207761732061637469BA
:10C7700076617465642E205479706520736E6970DB
:10C7800020746F20766965772075706461746564C4
:10C79000206C6973740A0D0054686520536E6970CB
:10C7A000706574206E756D62657220776173206E9E
:10C7B0006F7420666F756E640A0D0000536E6970A9
:10C7C00070657420776173207061757365642E20C5
:10C7D0005479706520736E697020746F2076696576
:10C7E000772075706461746564206C6973740A0DD8
:10C7F00000000000536E69707065742077617320CB
:10C8000064656C657465642E205479706520736E60
:10C81000697020746F207669657720757064617423
:10C820006564206C6973740A0D0000005025642053
:10C83000616E6420502564206172652062726964B3
:10C8400067656420746F6765746865720A0D00001F
:10C8500057726F6E672073796E7461780A0D0000ED
:10C86000506F7274206272696467696E67206661D6
:10C87000696C65640A0D000050256420616E6420B7
:10C880005025642061726520756E2D62726964673F
:10C8900065640A0D00000000506F727420756E62AE
:10C8A00072696467696E67206661696C65640A0D08
:10C8B0000000000050256420697320776F726B6957
:10C8C0006E6720636F72726563746C790A0D000085
:10C8D0005025642074657374206661696C65640A10
:10C8E0000D000000506C656173652073686F727491
:10C8F000656E20746865206E65787420706F727440
:10C9000020616E6420707265737320616E79206B94
:10C91000657920746F20636F6E74696E756520741D
:10C92000657374696E6720746865206E657874201D
:10C930006F6E650A0D0A0D0074686520706F727461
:10C94000206E756D6265722069732077726F6E67F5
:10C950000A0D000057726F6E6720506172616D653D
:10C960007465720A0D00000057726F6E6720506F79
:10C970007274206E756D626572200A0D00000000F1
:10C98000081C3044586C800044656661756C7454B2
:10C9900061736B004261636B456E645461736B003D
:10C9A000557365725461736B00000000436C6954E9
:10C9B00061736B0050314D73675461736B000000FD
:10C9C00050324D73675461736B00000050334D73E8
:10C9D000675461736B00000050344D73675461738A
:10C9E0006B00000050354D73675461736B0000009D
:10C9F000081C3044586C800053747265616D546932
:10CA00006D6572005AB600080AB600081AB600082A
:10CA10002AB600083AB600084AB60008081C304496
:10CA2000586C80002ED3000842CE000864CE000867
:10CA300086CE000898CE0008AACE000806D30008CB
:10CA400006D3000806D3000806D30008BCCE0008B1
:10CA5000DECE000822CF000844CF000866CF0008D1
:10CA600004D0000888CF0008AACF000806D3000829
:10CA7000CCCF0008E2CF000826D0000848D000083C
:10CA800080D00008A2D00008C4D00008E6D000087A
:10CA900008D100082AD1000806D300084CD10008AC
:10CAA0006ED1000890D10008B2D1000806D300086A
:10CAB000D4D1000806D3000806D3000806D3000826
:10CAC00006D30008F6D1000818D2000818D20008D2
:10CAD00006D300083AD200085CD200087ED20008D3
:10CAE000A0D20008C2D20008E4D20008486920663B
:10CAF000726F6D206D6F64756C652025640D0A0082
:10CB000048692066726F6D206D6F64756C652025B5
:10CB10006420282573290D0A0000000084F1000814
:10CB2000D4ED0008ECED000808EE000824EE000843
:10CB300040EE00085CEE000878EE0008D4ED000836
:10CB400088F1000858EF000870EF00088CEF00082B
:10CB5000A8EF0008C4EF0008E0EF0008FCEF0008B1
:10CB600058EF00088CF10008B6F00008F8F0000853
:10CB700014F1000830F100084CF100088CF10008B5
:10CB800068F10008B6F000083CF2000844F2000822
:10CB900074F20008A6F20008D0F20008FAF20008C9
:10CBA00024F300084EF3000844F20008C0F4000823
:10CBB0009EF30008CCF30008F8F3000820F4000806
:10CBC00048F4000870F4000898F400089EF3000888
:10CBD000D6FA0008BCF500086EF6000822F7000837
:10CBE000DAF70008A8F8000860F9000818FA000849
:10CBF000BCF5000804FE00087AFC00089AFC000856
:10CC0000BCFC0008E2FC000828FD00084EFD0008FE
:10CC100074FD00087AFC0008900101083602010842
:10CC2000E00201084E0301080C040108A0040108F9
:10CC300014050108D4050108C8010108081C304486
:10CC4000586C800065636753616D706C650000000F
:10CC500065636746696C746572656453616D706C79
:10CC600065000000656F6753616D706C65000000C2
:10CC7000656F6746696C746572656453616D706C4D
:10CC80006500000065656753616D706C65000000AC
:10CC900065656746696C746572656453616D706C37
:10CCA00065000000656D6753616D706C6500000084
:10CCB000656D6746696C746572656453616D706C0F
:10CCC00065000000656D6752656374696669656437
:10CCD00053616D706C650000656D67456E76656CBF
:10CCE0006F706553616D706C65000000C00A0108CB
:10CCF000C80A0108D00A0108D80A0108E00A010898
:10CD0000360B01083E0B0108460B01084E0B0108CB
:10CD1000560B01084558475369676E616C50726F36
:10CD200063657373696E675461736B000D0A00006D
:10CD300053616D706C653A20252E3366207C204649
:10CD4000696C746572656453616D706C653A202519
:10CD50002E3366207C20526563746966696564536E
:10CD6000616D706C653A20252E3366207C456E76A9
:10CD7000656C6F706553616D706C653A20252E335C
:10CD800066200D0A0000000073616D706C653A202A
:10CD9000252E33662066696C746572656453616D17
:10CDA000706C653A20252E336620200D0A000000A5
:10CDB00025352E32662C25352E32662C25352E3221
:10CDC000662C25352E32660D0A00000025352E32E0
:10CDD00066202C2025352E32660D0A0053746F70A4
:10CDE0002073747265616D20210A0D00081C3044A7
:10CDF000586C800052657374617274696E672E2E70
:10CE00002E0D0A00486172644661756C742045728B
:10CE1000726F720D0A000000537461636B204F76CD
:10CE20006572666C6F770D0A0000000048656170DE
:10CE30002073697A652065786365656465640D0AA9
:10CE400000000000081C3044586C800053657020BE
:10CE5000313420323032350031373A31313A3437DB
:10CE600000000000081C3044586C8000325A010851
:10CE70001E5A0108225A0108265A01082A5A010896
:10CE80002E5A0108081C3044586C80000000000035
:10CE90000000000000000000000000000000000092
:10CEA0000000000000000000000000000100000081
:10CEB0000200000003000000040000000600000063
:10CEC000070000000800000009000000000000004A
:10CED0000000000000000000000000000100000051
:10CEE000020000000300000004000000081C3044A1
:10CEF000586C800068656C70000000000D0A686561
:10CF00006C703A0D0A204C6973747320616C6C204C
:10CF100074686520726567697374657265642063FF
:10CF20006F6D6D616E64732E205479706520276873
:10CF3000656C7020706172616D732720746F206C56
:10CF400069737420617661696C61626C65207061DF
:10CF500072616D657465727320616E6420746865BA
:10CF6000697220706F737369626C652076616C758D
:10CF700065730D0A0D0A0000F4CE0208FCCE02080B
:10CF80000D9A0108FF000000496E636F72726563BD
:10CF90007420636F6D6D616E6420706172616D6588
:10CFA0007465722873292E2020456E7465722022C4
:10CFB00068656C702220746F207669657720612027
:10CFC0006C697374206F6620617661696C61626C54
:10CFD0006520636F6D6D616E64732E0D0A0D0A001E
:10CFE000436F6D6D616E64206E6F74207265636F48
:10CFF000676E697365642E2020456E746572202209
:10D0000068656C702220746F2076696577206120D6
:10D010006C697374206F6620617661696C61626C03
:10D020006520636F6D6D616E64732E0D0A0D0A00CD
:10D03000706172616D73000049444C45000000004E
:10D040000925630925750925750925750D0A00004F
:10D0500018BF010822BF01082CBF010836BF010814
:10D0600040BF01080925750909257525250D0A0008
:10D0700009257509093C3125250D0A004AC2010818
:10D080000CC201081AC2010826C201082EC20108FA
:10D0900052C3010814C3010822C301082EC30108AA
:10D0A00036C30108546D722053766300A4C9010889
:10D0B000A4C90108A4C9010808CA01081CCA0108BA
:10D0C0004CCA0108A4C90108A4C9010808CA01087A
:10D0D0001CCA0108546D725100000000081C304445
:10D0E000586C8000010002000400060008000A00DD
:10D0F0000C0010002000400080000001081C30449B
:10D10000586C8000010101030701000008040204BB
:10D1100008010101520D0008820C00089A0C000859
:10D12000B80C00089A0C0008FC0C00089A0C0008C7
:10D13000B80C0008820C0008820C0008FC0C0008E7
:10D14000B80C0008A20C0008A20C0008A20C0008F1
:10D15000060D0008820C0008820C00089A0C0008DA
:10D16000900D00089A0C0008FC0C00089A0C0008AE
:10D17000900D0008820C0008820C0008FC0C0008CE
:10D18000900D0008A20C0008A20C0008A20C0008D8
:10D19000201E0008121E0008F01D00081C1E0008BA
:10D1A000F01D000806210008F01D00081C1E0008E4
:10D1B000121E0008121E0008062100081C1E00088E
:10D1C000D81D0008D81D0008D81D000878210008C7
:10D1D0002E00000034000000CEFBFFFFCB03000058
:10D1E000010000000000000035000000CEFBFFFF42
:10D1F000CB03000001000000000000000000000060
:10D20000BC89D897B2D29C3C33A7A8D523F649391C
:10D210003DA7F444FD0FA5329D978CCF08BA5B253E
:10D22000436FAC64280668110020202020202020B5
:10D2300020202828282828202020202020202020C6
:10D2400020202020202020202088101010101010D6
:10D250001010101010101010100404040404040422
:10D2600004040410101010101010414141414141BC
:10D27000010101010101010101010101010101019E
:10D2800001010101101010101010424242424242AE
:10D29000020202020202020202020202020202026E
:10D2A0000202020210101010200000000000000016
:10D2B000000000000000000000000000000000006E
:10D2C000000000000000000000000000000000005E
:10D2D000000000000000000000000000000000004E
:10D2E000000000000000000000000000000000003E
:10D2F000000000000000000000000000000000002E
:10D30000000000000000000000000000000000001D
:10D31000000000000000000000000000000000000D
:10D320000000000000000000004300504F53495827
:10D330000042616C6C6F632073756363656564653F
:10D3400064002F6275696C642F676E752D746F6F42
:10D350006C732D666F722D73746D33325F31322EA4
:10D36000332E72656C312E32303234303932362DF4
:10D37000313731352F7372632F6E65776C69622F89
:10D380006E65776C69622F6C6962632F7374646C6D
:10D3900069622F6764746F612D6765746865782EA4
:10D3A00063002F6275696C642F676E752D746F6FE3
:10D3B0006C732D666F722D73746D33325F31322E44
:10D3C000332E72656C312E32303234303932362D94
:10D3D000313731352F7372632F6E65776C69622F29
:10D3E0006E65776C69622F6C6962632F7374646C0D
:10D3F00069622F6D707265632E6300000500000086
:10D40000190000007D0000000080E03779C341432F
:10D41000176E05B5B5B89346F5F93FE9034F384D9A
:10D42000321D30F94877825A3CBF737FDD4F157546
:10D43000000000000000F03F000000000000244059
:10D4400000000000000059400000000000408F4034
:10D45000000000000088C34000000000006AF8409F
:10D460000000000080842E4100000000D0126341C3
:10D470000000000084D797410000000065CDCD4139
:10D48000000000205FA00242000000E8764837421A
:10D49000000000A2941A6D42000040E59C30A242B8
:10D4A0000000901EC4BCD64200003426F56B0C432D
:10D4B0000080E03779C3414300A0D88557347643D4
:10D4C00000C84E676DC1AB43003D9160E458E14335
:10D4D000408CB5781DAF154450EFE2D6E41A4B44AA
:10D4E00092D54D06CFF08044F64AE1C7022DB544EF
:10D4F000B49DD9794378EA44494E4600696E660086
:10D500004E414E006E616E00303132333435363765
:10D5100038396162636465660030313233343536E0
:10D5200037383941424344454600300030303030CE
:10D53000303030303030303030303030202020202B
:10D540002020202020202020202020202C20667534
:10D550006E6374696F6E3A200061737365727469EB
:10D560006F6E2022257322206661696C65643A2003
:10D5700066696C6520222573222C206C696E6520FB
:10D580002564257325730A00496E66696E6974798E
:10D59000004E614E002F6275696C642F676E752DA9
:10D5A000746F6F6C732D666F722D73746D33325F91
:10D5B00031322E332E72656C312E323032343039A6
:10D5C00032362D313731352F7372632F6E65776C9C
:10D5D00069622F6E65776C69622F6C6962632F7365
:10D5E00074646C69622F64746F612E630030303034
:10D5F000303030303030303030303030302020205B
:10D60000202020202020202020202020200000007A
:08D61000C830FD7F010000009D
:08D6180031560208E900000888
:04D62000C10000083D
:10D6240064A202086CA2020874A2020880A2020882
:10D634008CA2020894A20208A0A20208A8A20208CE
:10D64400ACA20208B0A20208B4A20208B8A202085E
:10D65400BCA20208C0A20208C4A20208C8A202080E
:10D66400CCA20208D0A20208D4A20208D8A20208BE
:10D6740004A3020830A3020804A4020830A4020888
:10D684005CA4020884A40208ACA4020894A50208BD
:10D69400C8A50208CCA60208FF002300010100006F
:10D6A4001E00320005FA000000100E0000180000F1
:10D6B40000000000000000000000000028AA02088A
:10D6C400BCAC0208C0AC02081CC0020830C002088E
:10D6D4004CC002086CC002087CC00208ACC002083E
:10D6E40018C102087CC1020894C10208D4C102080E
:10D6F40008C2020848C202086CC2020898C20208A2
:10D70400B4C2020894C10208D4C1020808C20208C3
:10D71400D4C2020808C3020830C3020844C3020882
:10D7240074C3020828C402086CC002083CC402087E
:10D7340044C4020860C4020828C4020874C402086D
:10D7440094C40208BCC402086CC00208FCC40208E9
:10D7540024C5020850C5020868C502087CC5020831
:10D76400A4C50208B4C50208C8C50208E0C5020879
:10D7740000C6020838C6020844C6020858C6020891
:10D7840070C6020884C6020894C602089CC6020831
:10D79400A8C6020860C7020898C70208BCC70208E6
:10D7A40098C70208F4C7020898C702082CC80208E0
:10D7B40050C8020860C8020878C8020850C80208A5
:10D7C40098C80208B4C80208D0C80208E4C802080D
:10D7D40038C9020850C8020854C9020868C90208B6
:10D7E40001000000043200200700000044CC0208BD
:10D7F400083200200700000050CC02080C32002040
:10D804000700000064CC020810320020070000006A
:10D8140070CC0208143200200700000084CC0208F7
:10D82400183200200700000090CC02081C320020AF
:10D8340007000000A4CC02082032002007000000EA
:10D84400B0CC02082432002007000000C4CC020837
:10D854002832002007000000D8CC0208DCCD0208E2
:10D86400F4CD02080024F4002000000078CF020860
:10D87400000000004C020020AAAAAAAA040000008A
:10D8840001000000FFFFFFFF000002000000000095
:10D89400000000006C0200206C02002074020020D2
:10D8A400740200207C0200207C02002084020020FC
:10D8B400840200208C0200208C02002094020020AC
:10D8C400940200209C0200209C020020A40200205C
:10D8D400A4020020AC020020AC020020B40200200C
:10D8E400B4020020BC020020BC020020C4020020BC
:10D8F400C4020020CC020020CC020020D40200206C
:10D90400D4020020DC020020DC020020E40200201B
:10D91400E4020020EC020020EC020020F4020020CB
:10D92400F4020020FC020020FC020020040300207A
:10D93400040300200C0300200C0300201403002027
:10D94400140300201C0300201C03002024030020D7
:10D95400240300202C0300202C0300203403002087
:10D96400340300203C0300203C0300204403002037
:10D97400440300204C0300204C03002054030020E7
:10D98400540300205C0300205C0300206403002097
:10D99400640300206C0300206C0300207403002047
:10D9A400740300207C0300207C03002084030020F7
:10D9B400840300208C0300208C03002094030020A7
:10D9C400940300209C0300209C030020A403002057
:10D9D400A4030020AC030020AC030020B403002007
:10D9E400B4030020BC030020BC030020C4030020B7
:10D9F400C4030020CC030020CC030020D403002067
:10DA0400D4030020DC030020DC030020E403002016
:10DA1400E4030020EC030020EC030020F4030020C6
:10DA2400F4030020FC030020FC0300200404002075
:10DA3400040400200C0400200C0400201404002022
:10DA4400140400201C0400201C04002024040020D2
:10DA5400240400202C0400202C0400203404002082
:10DA6400340400203C0400203C0400204404002032
:10DA7400440400204C0400204C04002054040020E2
:10DA8400540400205C0400205C0400206404002092
:10DA9400640400206C0400206C0400207404002042
:10DAA400740400207C0400207C04002084040020F2
:10DAB400840400208C0400208C04002094040020A2
:10DAC400940400209C0400209C040020A404002052
:10DAD400A4040020AC040020AC040020B404002002
:10DAE400B4040020BC040020BC040020C4040020B2
:10DAF400C4040020CC040020CC040020D404002062
:10DB0400D4040020DC040020DC040020E404002011
:10DB1400E4040020EC040020EC040020F4040020C1
:10DB2400F4040020FC040020FC0400200405002070
:10DB3400040500200C0500200C050020140500201D
:10DB4400140500201C0500201C05002024050020CD
:10DB5400240500202C0500202C050020340500207D
:10DB6400340500203C0500203C050020440500202D
:10DB7400440500204C0500204C05002054050020DD
:10DB8400540500205C0500205C050020640500208D
:10DB9400640500206C0500206C050020740500203D
:10DBA400740500207C0500207C05002084050020ED
:10DBB400840500208C0500208C050020940500209D
:10DBC400940500209C0500209C050020A40500204D
:10DBD400A4050020AC050020AC050020B4050020FD
:10DBE400B4050020BC050020BC050020C4050020AD
:10DBF400C4050020CC050020CC050020D40500205D
:10DC0400D4050020DC050020DC050020E40500200C
:10DC1400E4050020EC050020EC050020F4050020BC
:10DC2400F4050020FC050020FC050020040600206B
:10DC3400040600200C0600200C0600201406002018
:10DC4400140600201C0600201C06002024060020C8
:10DC5400240600202C0600202C0600203406002078
:10DC6400340600203C0600203C0600204406002028
:10DC7400440600204C0600204C06002054060020D8
:10DC8400540600205C0600205C0600206406002088
:10DC9400640600200000000003000000F49D012041
:10DCA400430000000000000000000000000000002D
:10DCB4000000000000000000000000000000000060
:10DCC400430000000000000000000000000000000D
:10DCD4000000000000000000000000000000000040
:10DCE40043000000000000000000000000000000ED
:10DCF4000000000000000000000000000000000020
:10DD040043000000000000000000000000000000CC
:10DD140000000000000000000000000000000000FF
:10DD240043000000000000000000000000000000AC
:10DD340000000000000000000000000000000000DF
:10DD4400430000000000000000000000000000008C
:10DD540000000000000000000000000000000000BF
:10DD6400430000000000000000000000000000006C
:10DD7400000000000000000000000000000000009F
:10DD8400356802081D5F02080000000028D202085E
:10DD9400D0D1020887D5020887D5020887D50208A2
:10DDA40087D5020887D5020887D5020887D50208D7
:10DDB40087D5020887D50208FFFFFFFFFFFFFFFF9B
:10DDC400FFFFFFFFFFFF00000100415343494900EB
:10DDD400000000000000000000000000000000003F
:10DDE40000000000000000000000415343494900C6
:10DDF400000000000000000000000000000000001F
:10DE0400000000000000000000000000F0070020F7
:10DE140000000000F49D01205C9E0120C49E0120AE
:10DE240000000000000000000000000000000000EE
:10DE340000000000000000000000000000000000DE
:10DE440000000000000000000000000000000000CE
:10DE540000000000000000000000000000000000BE
:10DE640000000000000000000000000000000000AE
:10DE7400000000000000000000000000000000009E
:10DE8400000000000000000000000000000000008E
:10DE9400000000000000000000000000000000007E
:10DEA400000000000000000001000000000000006D
:10DEB4000E33CDAB34126DE6ECDE05000B00000032
:10DEC400000000000000000000000000000000004E
:10DED400000000000000000000000000000000003E
:10DEE400000000000000000000000000000000002E
:10DEF400000000000000000000000000000000001E
:10DF0400000000000000000000000000000000000D
:10DF140000000000000000000000000000000000FD
:10DF240000000000000000000000000000000000ED
:10DF3400359F012080B588B000AF786039601F2319
:10DF4400FB1800221A707B68BB613B687B611A4B2B
:10DF54005A69194B8021C9020A435A61EFF31083AD
:10DF6400FB60FB683B6172B6C0460FE07A69BB692F
:10DF740012681A607B6904337B61BB690433BB613B
:10DF84001F217B181A787B1801321A701F23FB1883
:10DF94001B783F2BEAD9C046074B1A69C0239B0262
:10DFA4001340F9D13B69BB60BB6883F31088C0465A
:0CDFB400C046BD4608B080BD0020024001
:0400000508015D1978
:00000001FF
